# object_id,ra,dec,g_inputcount_value,r_inputcount_value,i_inputcount_value,z_inputcount_value,y_inputcount_value,g_localbackground_flux,r_localbackground_flux,i_localbackground_flux,z_localbackground_flux,y_localbackground_flux,g_apertureflux_10_flux,g_apertureflux_10_fluxerr,r_apertureflux_10_flux,r_apertureflux_10_fluxerr,i_apertureflux_10_flux,i_apertureflux_10_fluxerr,z_apertureflux_10_flux,z_apertureflux_10_fluxerr,y_apertureflux_10_flux,y_apertureflux_10_fluxerr,g_apertureflux_20_flux,g_apertureflux_20_fluxerr,r_apertureflux_20_flux,r_apertureflux_20_fluxerr,i_apertureflux_20_flux,i_apertureflux_20_fluxerr,z_apertureflux_20_flux,z_apertureflux_20_fluxerr,y_apertureflux_20_flux,y_apertureflux_20_fluxerr
3495800463490559291,150.97428662069206,1.5442405187151225,26,24,34,38,25,0.07684223,0.10888083,0.11156113,0.17049827,0.046031125,-3.0120099,3.4100673,-2.414968,4.963955,-3.0768504,6.3742,-8.513358,11.055043,-27.907276,26.227236,4.314414,6.939356,-2.302014,10.0826645,12.106088,12.944318,-31.20787,22.4511,-55.88745,53.180912
3495800463490559294,150.95634295529246,1.403208737112676,28,22,33,40,24,0.0066608954,0.064040855,0.08104102,-0.09799797,-0.09370565,-4.29674,3.183277,-15.212269,5.2045603,-4.2494445,6.5175266,7.163888,10.466762,-41.76888,26.435284,-2.0380347,6.4671993,-40.568142,10.571743,-19.690699,13.2295,19.020319,21.165539,-37.886658,53.370636
3495800463490559298,150.89986822488035,1.4972815662076495,26,22,33,38,23,0.08425916,0.10594965,0.21394214,0.17657326,0.18087828,1.4742559,3.852338,-4.0615687,5.452261,1.4307337,6.6432595,-11.710434,11.161618,24.905035,27.700754,6.5535493,7.808993,-27.501917,11.07182,14.300436,13.491214,-0.79172003,22.539696,43.160057,56.683712
3495800463490559300,150.98318818158097,1.5183901107137165,26,21,34,39,23,-0.11731449,-0.29318115,-0.50858414,-0.7008788,-1.8443483,-3.6843786,3.2293115,-20.86268,5.280533,-16.639471,6.385589,-12.564123,10.577198,-106.725845,26.25399,-8.317887,6.573981,-36.890903,10.684375,-34.491257,12.981233,-29.950794,21.478107,-138.97038,53.721172
3495800463490559302,150.91180791942108,1.5818666346140065,27,24,37,41,25,0.05988449,0.11761765,0.14535671,0.03927877,0.19441031,2.8027897,3.2683458,6.2568007,5.0393567,7.2392735,6.335473,1.9912212,10.399202,-29.335802,27.300919,-3.9529188,6.6225553,15.345414,10.233131,34.469715,12.89076,4.3574386,21.14237,67.02172,55.22848
3495800463490559303,151.05466081092055,1.553635946690998,27,24,36,40,23,0.07273676,0.040008638,0.07259478,0.0865334,-0.06318274,4.7702236,3.5557618,-8.902752,5.510371,6.39426,6.504264,0.044256542,11.139266,9.742569,27.084003,5.4901924,7.207981,0.6630749,11.19569,24.249609,13.246417,-60.187202,22.63992,57.512306,55.019886
3495800463490559305,151.0843714877616,1.520686073438086,28,22,37,37,23,0.06761294,0.121490724,0.09718562,0.21115471,0.074820995,-2.2164087,3.2270062,2.711294,5.2253466,2.419922,6.278959,-26.050592,10.789086,-55.29079,27.277864,-8.675378,6.5463715,-13.685472,10.607372,1.8127745,12.753313,-55.03417,21.930393,-58.986626,55.407665
3495800463490559307,151.02040500761368,1.5559815386970945,21,20,31,38,21,0.008704302,-0.020177018,-0.032830663,-0.046002656,-0.1670108,5.9695544,4.0461755,2.2792237,5.7079916,-14.26151,6.9391756,1.467807,11.546269,13.173341,29.584026,23.390808,8.1771,-15.132164,11.586894,-10.798716,14.083354,1.644117,23.447826,-62.91475,59.95629
3495800463490559309,151.0442191392195,1.5771544613757498,25,22,35,40,24,0.09646775,0.09902709,0.16771564,0.1269685,0.26156843,0.26681402,3.8108485,11.015886,5.4113626,-1.6697528,6.1711664,-0.062991045,10.991793,64.142975,27.065088,7.36614,7.7197247,14.096928,10.923391,-9.996611,12.529387,-2.4862351,22.264568,82.52997,54.964912
3495800463490559310,150.91321966802175,1.4008887056450303,27,21,35,42,22,-0.022005314,-0.008179245,0.00077567546,-0.031450663,-0.21337773,1.278026,3.2733057,-0.49538112,5.3200793,1.4730133,6.3174305,-36.625385,10.434762,1.4367273,26.956955,3.6568885,6.625326,-13.982444,10.803964,-9.328623,12.830052,-37.829544,21.27917,-79.05371,54.737244
3495800463490559313,150.9906430007401,1.4933336831609831,29,21,35,40,22,0.068354554,0.112157166,0.0819013,0.08403659,0.06586925,9.280578,3.2329552,14.771962,5.3772206,3.9008594,6.409011,5.2144184,10.939709,21.10101,28.551144,24.764652,6.5702124,37.639233,10.915822,19.357975,13.015128,15.588471,22.220993,-18.019365,57.877132
3495800463490559315,151.01740974541823,1.4510090564345925,28,23,35,42,23,0.041393258,0.07787999,0.06954375,0.13645998,0.3869612,0.7388551,3.2597814,-3.896179,4.9696627,1.0590101,6.2372055,0.016988015,10.394576,6.382686,26.45721,2.5648441,6.620139,-4.8578258,10.093267,15.119326,12.669428,-4.804018,21.108452,16.298655,53.721485
3495800463490559316,151.0411841281741,1.4016419877561572,28,22,37,42,24,0.016109204,0.070156574,0.094323374,0.12655936,0.13055311,-2.9811728,3.3115752,-12.242621,5.117226,0.66709226,6.310852,11.335485,10.703548,-36.52026,26.649412,-7.550544,6.729807,-9.628808,10.397357,7.9724483,12.819884,20.15368,21.7364,-81.31943,54.108074
3495800463490559318,150.99954913520625,1.495582465609075,25,22,32,36,22,0.054994058,0.0745333,0.14884095,0.02858347,-0.08736715,1.1611937,3.65696,1.1069912,5.5040426,4.3103848,6.61566,-7.780493,11.5795,-13.509864,30.490038,-1.6295166,7.339446,13.81556,11.073974,-7.5184116,13.251192,-7.338224,23.36531,-82.75678,61.29769
3495800463490559319,150.97343888910683,1.4040974404284932,26,21,32,39,23,0.067040525,0.064286254,0.11145704,0.11930577,-0.04874499,0.4195409,3.180048,-1.760795,5.3078,17.469238,6.5565715,-16.847075,10.765411,35.92195,27.356968,1.6416718,6.39412,-7.4830103,10.676586,17.725498,13.181267,14.598597,21.663609,24.032875,55.02804
3495800463490559321,150.98539698802134,1.4556851343598356,25,21,34,40,23,0.028814498,0.028562387,0.056598846,-0.062163692,-0.07126172,10.931642,3.3425598,5.18154,5.3628364,8.2613945,6.5164175,12.606044,10.856081,-14.992085,28.299416,15.737002,6.773975,4.8612394,10.903314,14.255628,13.210072,-1.2253101,22.22597,-49.982914,57.49777
3495800463490559322,150.93183591279526,1.4909733226639612,28,24,36,41,25,-0.009333822,0.021855496,-0.016477382,-0.008865615,0.080930896,-0.52254903,3.1506388,-0.72403145,4.823994,-1.800676,6.0681634,6.8555107,10.4562845,-1.5417159,25.586906,7.703878,6.4007926,0.9878348,9.795594,-18.97604,12.321135,-10.33392,21.233185,42.24989,51.957817
3495800463490559324,151.0151426524665,1.399271373525263,27,21,34,39,21,0.012185753,-0.10110259,-0.33679733,-0.37115568,-0.25612855,-3.4217844,3.407582,-5.06636,5.653248,-20.563402,6.6949368,-16.858166,11.359529,15.773756,28.23303,-19.096653,6.9110765,-9.798988,11.486552,-73.36112,13.549197,-55.6009,22.947477,-17.601118,57.652737
3495800463490559332,151.05983699381807,1.545795860062588,26,22,31,39,22,0.11108455,0.14546525,0.19239073,0.14529485,0.46724153,-0.9952886,3.5387466,-0.05243746,5.3110075,-6.8127017,6.9004416,-0.14105934,11.13409,-15.318495,29.037378,5.5606914,7.174851,-6.8745556,10.747089,-2.5688157,14.023224,1.7819117,22.593002,58.6263,58.744762
3495800463490559335,150.9125256943802,1.517619820069862,27,23,36,40,24,0.06742883,0.060773402,0.09864876,0.0948442,0.1433897,1.6155298,3.270801,1.5980372,4.987623,-11.500975,6.1031957,-16.869183,10.3672285,10.183282,26.203053,12.540909,6.640384,14.771842,10.142115,6.8523917,12.399399,-24.209225,21.004738,0.70889145,53.209366
3495800463490559339,150.91839639638187,1.393049429166419,28,21,35,40,22,0.053273126,0.117882535,0.11196382,0.14564824,0.26230347,-3.9762976,3.1889682,-2.2815795,5.4294677,5.8720274,6.527692,0.9489146,10.66517,-2.8128316,28.511377,-5.649517,6.4784236,-12.783337,11.0246,12.669199,13.248429,-30.492327,21.643698,56.168022,57.890263
3495800463490559343,151.05826272593075,1.4734637873556897,29,22,35,41,23,0.050083913,0.06789251,0.06935481,-0.010777184,0.2234149,-1.5190114,3.6693304,-3.97601,5.2746315,2.04132,6.596542,-8.430128,11.057583,15.151699,26.81456,-0.7975153,7.396304,4.143185,10.637467,4.885133,13.255891,-28.40691,22.170786,-76.46357,54.5611
3495800463490559344,151.02151510363223,1.536898929109861,23,20,31,39,21,0.09837331,0.22987321,0.27412036,0.20597644,0.35040033,1.2446356,3.7048883,-2.992727,5.899038,14.218829,7.485183,12.96913,11.082115,16.068415,31.244188,-10.447753,7.4828076,3.9251842,11.984408,25.235083,15.19265,-1.5932548,22.580439,-75.96468,64.11372
3495800463490559351,151.04232894699302,1.4475947418860873,28,22,37,41,24,0.041729074,0.08485547,0.039541956,0.016935835,0.16238284,6.8441277,3.427127,3.2547584,5.0739427,13.118442,6.1392727,12.612624,10.446643,-16.955114,26.73846,12.658109,6.9237256,-13.5130625,10.301121,14.3855095,12.471748,35.34901,21.215967,-42.3964,54.29665
3495800463490559352,151.07808288084775,1.541589854041238,25,24,34,40,24,0.01536735,0.077633046,0.052385457,0.05958264,0.17124723,4.353462,3.5818706,-0.48501742,5.110034,-2.0044003,6.32116,-9.800171,10.731908,-5.694153,26.769209,0.5689899,7.298746,-11.065318,10.380468,5.5786653,12.837207,10.499262,21.79035,-42.97643,54.603363
3495800463490559353,150.95901309477867,1.5204977079814728,29,23,37,40,24,0.05530141,0.091466814,0.08270439,0.14449364,-0.026411027,5.665935,3.0603483,-4.197469,4.9964514,14.33688,6.2065063,-7.4065456,10.588543,-11.948797,26.38069,17.202028,6.2134156,-5.7920814,10.11217,27.974499,12.575897,-8.600736,21.5019,-38.959618,53.589622
3495800463490559354,151.048303119569,1.5345563013981922,27,20,31,38,21,0.096816756,0.14093426,0.21871795,0.19310361,0.3147504,5.521861,3.6342607,-3.0046043,5.715178,8.7184305,6.807691,0.5168421,11.166676,-7.385477,30.029047,16.133205,7.3634357,-11.841849,11.546876,-2.7451844,13.850622,-2.2956743,22.62005,14.133431,60.739998
3495800463490559357,150.99609522865853,1.415509803728389,26,21,32,41,22,0.0951895,0.1541279,0.1730662,0.18157983,0.5734072,-0.53828865,3.376911,-14.720502,5.3528256,9.8417425,6.55573,14.03414,10.59441,-20.185797,27.783733,-9.172304,6.799677,-24.011024,10.791122,-2.830952,13.210877,-16.046345,21.356575,-71.334175,56.000393
3495800463490559363,151.0378580366741,1.4648115179261139,27,22,38,42,24,0.048738103,0.068350956,0.08734655,0.059709474,0.13404657,2.9692454,3.3300867,-6.5799294,5.2920957,6.1905184,6.221018,18.299522,10.711366,-9.008125,26.734718,20.243568,6.7418084,3.724185,10.751493,18.659544,12.636368,22.508665,21.697077,20.346663,54.354977
3495800463490559365,150.91882179394855,1.5071669051576018,28,24,36,40,24,0.046726294,0.06233783,0.114458114,0.0090180375,0.0054084403,1.6392399,3.4502838,-5.401927,5.0175357,-8.811306,6.3457522,5.1272025,10.401792,15.512312,26.701233,8.568155,7.0554457,-19.799456,10.159357,-13.087447,12.912743,6.8868756,21.15374,4.400214,54.224667
3495800463490559367,150.90396202183445,1.4672341161946154,29,24,36,43,25,0.06353841,0.10350775,0.16206814,0.18897447,0.380063,-2.3250992,3.0634525,-11.719929,4.8830595,-0.46262342,6.058593,14.87633,10.281453,24.417921,26.47198,-2.908888,6.2061105,-10.257643,9.921145,-5.325323,12.323037,20.85215,20.86458,78.740425,53.757526
3495800463490559374,151.08628327305712,1.5008380541615451,27,24,36,36,26,0.07633596,0.019980237,0.040098783,-0.044020716,-0.09788314,-0.95339274,3.5929985,11.937838,5.247489,6.3352447,6.5068216,10.904582,11.317871,4.148875,26.78954,-8.984589,7.22056,6.8643594,10.539843,-8.650141,13.039984,8.222763,22.799559,-22.099596,53.734863
3495800463490559375,150.9463923974062,1.5784959713789848,28,23,34,43,24,0.05197348,0.0665103,0.13739124,0.081999145,0.30007485,-1.6204002,3.1770039,1.4703115,5.324928,-12.4587,6.426822,-7.866349,10.486846,-6.0227675,27.06014,6.358126,6.4525576,-7.8696976,10.817091,-14.544473,13.052405,-2.4658356,21.297934,7.543622,54.868034
3495800463490559378,150.91661358454832,1.4750684593166503,29,23,37,40,24,0.07770081,0.12191366,0.13741323,0.24518149,-0.037777346,0.1924191,3.0596735,5.583631,5.177025,-10.122533,6.24943,-16.33661,10.490687,-27.94665,26.568762,-3.1920688,6.228826,5.963908,10.512336,-0.17478572,12.673785,-6.1734586,21.364435,-85.478134,53.826363
3495800463490559383,150.95390001431417,1.5550150128143907,24,21,33,38,24,0.08209644,0.09377355,0.06452888,0.048818354,0.33762664,-0.26526698,3.2607205,5.4641743,5.4152393,-3.6403427,6.517066,-14.722917,11.334175,0.7995765,27.485046,-0.5787487,6.724453,13.904244,10.906044,6.234171,13.144152,-48.76838,22.848015,40.99581,55.231873
3495800463490559384,151.0490148660127,1.470312710147159,29,23,35,40,23,0.047545776,0.056259077,0.0916213,0.035417385,-0.04714185,5.0314837,3.3524892,-1.1630542,5.1654034,14.457944,6.406129,10.330471,10.937787,34.22956,27.45529,13.319067,6.815354,8.3140135,10.491507,13.787262,13.005988,20.353895,22.190857,-5.1363797,55.933743
3495800463490559385,151.06095825662058,1.5478949205742818,26,22,31,39,22,0.02885406,0.020721335,-0.0074739577,-0.022513837,0.06492863,-2.5365894,3.4181051,3.7618172,5.4015675,-3.524874,6.739357,7.2114253,11.05346,-11.989991,28.084173,8.341828,6.9698343,25.412935,10.955954,23.723452,13.694517,12.229182,22.390577,-79.44353,57.34592
3495804861537070774,150.7842621802044,1.510516840851616,30,26,45,48,36,0.08271518,0.07610968,0.0062968307,0.035655566,-0.13622937,0.1254617,3.3939686,-6.04092,4.8128633,0.13121647,6.0261736,31.525286,9.907478,-5.5124817,24.286427,-1.6245321,6.8336287,-13.314821,9.811476,-22.720745,12.232822,13.372764,20.120802,-42.525574,49.337524
3495804861537070776,150.73545126122585,1.404758144492445,25,23,34,42,29,0.07367233,0.10997377,0.12146763,0.12984626,0.34179252,10.758486,3.528433,15.41372,5.2085576,10.348221,6.4930205,13.94461,10.788725,43.488747,27.844841,24.265715,7.16429,13.118706,10.571065,36.495907,13.242577,49.825294,21.941988,16.082308,56.436977
3495804861537070777,150.8452163777276,1.5034557924883665,27,24,32,39,25,0.041949574,0.10315396,0.12085784,0.04278041,0.0036031334,-2.2396,3.4577675,-1.0365447,4.871123,-5.787383,6.290008,2.695141,10.692547,-3.3026824,26.768457,-5.2708006,7.011538,-7.6711645,9.89231,-11.798184,12.775035,-1.8621446,21.740755,-87.41626,54.36417
3495804861537070782,150.89705085304655,1.458744869260945,27,22,35,41,25,0.03379818,0.08178664,0.15333326,0.2071309,0.061610408,-3.1859946,3.1776102,-1.7613055,5.3930445,-0.72203076,6.56815,10.402086,10.765617,-36.235718,25.977602,-7.091093,6.4758945,4.560754,10.9036875,-2.6032152,13.339046,5.1586514,21.942612,-11.317267,52.726986
3495804861537070785,150.85434796281035,1.4634689948064592,29,24,35,39,24,0.057998043,0.06282632,0.08655239,0.09118227,0.38650006,2.2544615,3.1868896,1.2879567,5.0674725,-9.936182,6.775778,12.975709,10.666505,-4.679686,26.785618,-6.815895,6.4633584,-6.422602,10.25067,-3.9707112,13.712678,17.193663,21.636377,0.786149,54.258423
3495804861537070786,150.75682766982723,1.5410842625749401,31,29,58,65,53,0.109340936,0.13916387,0.13934511,0.25917938,0.21565548,-4.6579194,3.5674913,3.4705553,4.7883415,10.047606,5.6397386,6.948174,9.844317,-1.8501601,21.13146,-8.26428,7.176111,6.094011,9.727202,26.519012,11.444545,24.19952,19.976013,19.00897,43.11568
3495804861537070787,150.81018651272123,1.562206861924229,31,29,54,54,53,0.03221078,0.06434033,0.083815806,0.14840436,0.25008416,1.4519829,3.3825238,6.4959884,4.9466276,-6.555417,6.208888,1.4758195,10.208576,-14.63838,22.230871,4.628654,6.944038,3.5093884,10.025809,-13.339442,12.576364,13.234483,20.700726,-59.78255,45.158875
3495804861537070788,150.8345306489727,1.3929784811938766,24,21,34,38,22,0.09888936,0.11314781,0.15145707,0.22119477,0.3099036,-3.7920294,3.447041,2.822472,5.3959403,-2.7758746,6.535364,20.424313,10.8991585,7.303193,28.24406,-0.34681237,7.005478,12.788544,10.958327,20.336002,13.273902,83.31532,22.13616,13.457602,57.34427
3495804861537070792,150.90163475929398,1.4814647211981915,28,23,35,41,25,0.08749438,0.10821246,0.1403294,0.1952429,0.17105453,2.2024207,3.4691331,-4.8366885,4.993474,-9.499367,6.7084846,-6.6676793,10.479499,15.920813,26.965706,-2.4079468,7.04642,-6.872951,10.129083,-6.5366206,13.611886,4.9570756,21.270073,-46.177326,54.52291
3495804861537070793,150.71566448268604,1.5591038816878564,35,30,68,71,65,0.0631013,0.06950627,0.045080613,0.14040072,0.1378225,-2.0459838,3.200316,2.289968,4.7984233,15.573598,5.3963604,-0.89573926,9.131738,28.441551,18.777203,-0.99092215,6.501383,-5.4097424,9.717611,-8.058319,10.965126,33.7127,18.51619,39.822166,38.38579
3495804861537070794,150.8193205829696,1.5285545516795993,30,26,50,51,39,0.043723244,0.097904734,0.11408715,0.12000428,-0.0446792,-1.3912728,3.2495759,6.7091136,5.018292,-2.2680683,5.964071,-10.408549,9.923507,-25.09844,26.349463,-5.4095407,6.5608225,15.429712,10.102801,9.333118,12.042933,-12.767008,20.068743,-126.48452,53.36685
3495804861537070795,150.84368726833526,1.4156968902504286,26,23,34,40,23,0.053373702,0.033458624,0.1423704,0.029311089,0.24757701,-1.7676395,3.1753626,-9.940511,5.2435455,8.962023,6.444561,-3.9204805,10.785278,0.5440295,26.745907,-8.052476,6.449858,-5.441422,10.652726,25.759312,13.088883,-22.396906,21.911955,20.486246,54.645084
3495804861537070796,150.88034085798742,1.5637732838142024,29,25,41,46,37,0.086532734,0.14527574,0.14556567,0.13112353,0.33186993,-4.511476,3.2757964,2.5583632,5.0337014,5.367557,6.136384,-0.78132,10.397358,-20.25772,25.66413,-8.681486,6.637978,2.1756246,10.205815,18.55396,12.479481,31.655697,21.089544,26.967974,52.12951
3495804861537070800,150.7849894055198,1.408597063623807,28,24,37,43,25,0.009367581,0.06295702,0.016423043,0.008313396,0.119539104,-2.9102235,3.1819394,0.772419,5.0744596,5.5363383,6.1614075,9.71507,10.353567,15.640333,27.125975,2.235677,6.4663534,-5.5456285,10.182501,-13.983776,12.383254,-1.5386986,20.772268,-115.734634,54.42521
3495804861537070807,150.78806645292667,1.5747637576527407,34,31,69,65,62,0.08162629,0.14882614,0.060297284,0.013344831,0.16336723,3.013462,3.1381,9.235459,5.0962896,6.162817,5.675037,2.2139637,9.505487,-9.326954,20.651072,7.0910435,6.3640213,17.435038,10.30532,30.261549,11.555338,10.137017,19.36915,-0.033834115,42.128506
3495804861537070810,150.73316689545956,1.4125967227696914,27,23,37,40,28,0.04718915,0.069733165,0.098978296,0.05504399,0.009632895,-5.0308633,3.5558121,-0.5061685,5.11721,-5.1551237,6.711634,35.554577,10.71163,-28.860992,27.718637,-3.2417371,7.205543,-2.1689734,10.393429,-25.37246,13.700388,42.54893,21.768284,14.537327,56.287266
3495804861537070811,150.90391926167175,1.4760053456082196,28,23,34,41,24,0.05835423,0.12061953,0.15285398,0.19853207,0.050466176,4.1282954,3.1875486,1.2378447,5.279742,-2.67966,6.487121,-3.0381103,10.593484,-12.724651,27.081488,3.7112308,6.4830236,12.680648,10.735857,32.65328,13.120866,18.68678,21.514542,9.897675,54.6655
3495804861537070812,150.80635488762167,1.5512432567687588,33,30,55,55,48,0.09110115,0.12317254,0.15012562,0.25951245,0.15582836,-2.7401445,3.1675253,5.4272113,4.857889,9.279129,5.962861,1.6565969,10.770186,51.345425,22.836838,0.99253523,6.4599104,5.9963536,9.873022,15.229118,12.1010685,21.324045,21.758913,74.50127,46.4605
3495804861537070813,150.81091294056176,1.5089237649621443,28,25,41,44,34,0.06621231,0.12786353,0.08764079,0.13560447,0.22795892,6.4007525,3.3781,0.56695575,4.8911924,-2.344248,6.362137,-10.994785,10.430317,-14.192947,26.048012,8.173846,6.8690796,-13.20679,9.941106,-19.489975,12.920424,-31.391647,21.198032,-20.400822,53.172184
3495804861537070816,150.86274932668587,1.464259854171745,29,24,35,41,24,0.05097018,0.11743691,0.13835086,0.012789178,0.12971115,4.434818,3.2306437,-4.4587197,5.0422854,-4.233646,6.470555,7.0915966,10.171758,-28.64013,26.803085,-0.7820934,6.642025,-6.3703547,10.240976,-26.474293,13.112937,-12.54273,20.659704,-160.62119,54.502956
3495804861537070820,150.72859833019746,1.429020473928587,28,25,39,41,33,0.029052967,0.070678525,0.08021591,0.060312934,0.01915314,5.1594143,3.3211396,-7.542208,5.086949,-4.119424,6.388227,-10.644899,10.329944,-13.251373,25.778002,13.854043,6.742844,-0.49902302,10.28319,8.877975,12.976138,-13.088117,20.98164,-3.4694118,52.49724
3495804861537070835,150.79147817580298,1.4600792044309985,28,22,39,43,25,0.049234796,0.045095835,0.086808994,0.14731804,-0.26750302,-3.1956491,3.3328335,-0.98516303,5.477264,-10.287071,6.4204726,-4.10006,10.62568,38.63395,27.84081,-10.27239,6.748785,-2.09128,11.003068,-6.077973,13.074753,0.91307306,21.627995,21.96807,56.547012
3495804861537070837,150.83719421577948,1.4013289385919727,26,24,37,42,25,0.08516443,0.13877901,0.123303495,0.1362229,0.108467884,-5.005923,3.3233175,10.9767885,5.0445743,11.653111,6.3401833,-15.556124,10.408899,-5.8197603,26.19882,3.5732565,6.756691,-1.1782538,10.239972,3.3422015,12.907813,-39.79248,21.142466,-7.455047,53.365623
3495804861537070839,150.84333220219574,1.5141056974928881,28,24,35,42,24,0.024155734,0.0023001733,0.12370083,0.14367999,-0.03251321,-6.7801366,3.2718096,-3.4279532,5.0024266,-6.5680804,6.2274604,-8.166814,10.555739,-29.814917,26.293726,-21.562273,6.573208,-14.596667,10.046079,-21.831787,12.507753,-15.9858055,21.215273,-90.92232,53.055695
3495804861537070840,150.87985401381817,1.408362596262079,29,24,37,44,25,0.066233456,0.09199197,0.09231453,0.18419382,0.2180326,-1.5669097,3.1754227,-3.6675353,5.1391807,-9.602266,6.2603235,-14.568688,10.571789,24.919714,26.841238,0.0011360955,6.449444,-19.245934,10.435063,-2.4478953,12.755955,-32.070515,21.393576,32.026527,54.559444
3495804861537070843,150.76018555807565,1.398967632675742,26,22,35,39,22,0.08282879,0.13216694,0.16928753,0.20919129,0.49501124,0.45382276,3.2096877,-4.3122697,5.107677,2.772831,6.323938,12.695188,10.852928,-22.046494,27.31169,0.51943576,6.5204625,-15.497715,10.375727,8.428944,12.894659,12.117853,22.110569,-92.061516,55.59298
3495804861537070847,150.74806410749505,1.5752869802650327,39,33,75,76,73,0.07266183,0.08758279,0.1234557,0.15427043,0.078818806,2.1863446,2.854831,4.196948,4.7688365,0.637472,5.152347,11.773278,8.795204,-6.146494,19.516165,8.820385,5.785717,19.675331,9.563187,36.21924,10.466614,17.281946,17.850796,-9.821335,39.664265
3495804861537070848,150.86386278172148,1.4483033897665927,28,24,37,43,25,0.065424666,0.11123326,0.16377276,0.10675439,0.11321344,0.87580305,3.3235035,16.98261,5.301878,1.8908749,6.2699976,17.601883,10.440721,53.347878,26.871632,-3.0216691,6.7471747,14.030388,10.797044,7.820126,12.734446,30.054443,21.143728,127.750565,54.81235
3495804861537070849,150.79076054673556,1.553301329541104,33,30,60,59,54,0.039152406,0.034008317,0.08187423,0.04329694,-0.07607546,-5.319468,3.1641707,1.3071765,5.261762,16.507961,5.9906645,13.071054,10.467027,1.6029198,23.092136,-7.3385353,6.419302,4.511806,10.580532,25.151608,12.165131,-7.82476,21.21226,0.15545097,46.79121
3495804861537070850,150.8273431937644,1.5110190130535888,29,25,39,45,32,0.10634724,0.17010194,0.19735332,0.25581685,0.41491434,-4.4788866,3.19032,-2.6595082,4.86169,-12.973686,6.220302,19.380007,10.147274,3.7876961,25.978472,-12.644748,6.5569654,-5.2900305,9.88353,18.433298,12.68254,37.602974,20.605207,59.06291,52.76252
3495804861537070858,150.8105583350922,1.5580541989852739,29,29,54,54,52,0.047353555,0.077648096,0.060091462,0.031425383,0.095315576,3.1531126,3.692881,-9.919841,5.179108,-7.244321,6.2967315,5.825267,10.440465,-13.532596,22.188953,-2.0535276,7.500938,-14.552705,10.517412,-28.038275,12.854456,-10.864128,21.235712,70.33327,45.0405
3495804861537070859,150.88371821785285,1.4945335964006237,26,23,35,37,25,0.035485007,0.029686878,0.07578884,0.09053923,0.07086752,4.141188,3.4195843,4.8714232,5.142465,-4.93081,6.3232875,-5.2762747,10.838491,27.918482,27.403961,16.154346,6.967928,19.618029,10.442638,-1.6340613,12.806383,50.06267,22.216969,-0.9047974,55.48239
3495804861537070861,150.8044895219638,1.5556762519300185,27,28,53,51,52,0.084652394,0.15901288,0.19102772,0.18305539,0.10935879,3.0208936,3.7804956,1.7821645,5.183623,-3.813735,6.2113266,-3.8225815,10.958175,-8.692159,22.93952,7.232232,7.6811643,-6.440756,10.54025,4.915251,12.609745,-21.496479,22.286316,-71.99452,46.49101
3495804861537070863,150.8257779000728,1.4472869923706655,28,23,36,42,24,0.06754062,0.07777727,0.02928318,0.07246656,-0.11346931,-2.162388,3.166876,3.9709475,5.089528,0.14709726,6.124562,-0.8147549,10.381496,-15.031706,26.412653,-4.7731667,6.4311156,-16.707855,10.3308115,3.2388282,12.438637,20.668238,21.014702,-23.34897,53.63881
3495809259583581764,150.5496893910605,1.3998905961714465,27,22,44,50,46,0.09325481,0.12878034,0.11452328,0.08865673,0.255058,-0.6938339,3.4324913,7.6933336,5.636894,-5.5188584,6.2689495,8.060373,11.140622,-14.560385,23.398607,-1.706537,6.9852057,3.090855,11.456683,-5.175303,12.705375,-15.010619,22.555014,-13.200152,47.668674
3495809259583581768,150.62593648065615,1.5103634981249452,43,34,78,90,80,0.09268093,0.17858306,0.12802474,0.242373,0.41025865,-3.4528224,2.8340294,0.33107138,4.644931,-1.4437687,5.0327387,-6.8024297,9.0338955,-9.54755,19.601917,-15.369481,5.7535763,9.887152,9.468532,-7.2849393,10.252716,13.759936,18.302334,3.0706544,39.637108
3495809259583581771,150.59698544637126,1.5071794132934584,45,35,85,89,96,0.050455533,0.09195352,0.1001712,0.0696824,0.27198943,-1.3530518,3.129547,-1.9220692,4.5108113,7.850535,5.121448,-4.807487,8.626639,8.034991,18.714283,-0.42311913,6.290783,8.297863,9.067541,0.64656246,10.340156,-11.206638,17.357649,19.792034,37.413094
3495809259583581772,150.64574285727002,1.3943709078544289,26,22,35,38,28,0.038476706,0.0053076535,0.01421944,-0.09256525,-0.25035927,2.3486228,3.295868,-0.26085842,5.935511,3.3751252,6.8148293,-6.7658753,11.490269,16.26098,29.758358,-2.5865974,6.689262,14.431676,12.018111,14.924414,13.813182,-33.401302,23.59719,-21.359732,60.074856
3495809259583581781,150.66022999354237,1.4602004057257771,28,24,46,52,42,0.06979128,0.0938211,0.16946243,0.227868,0.25440812,-2.4465256,3.437292,1.7803541,5.5575776,10.438359,6.2434015,14.3645115,10.194177,-19.241938,24.472143,7.1539054,6.981594,28.862574,11.267599,29.60582,12.688761,21.684906,20.697609,-6.602952,49.627857
3495809259583581786,150.63277361542433,1.4170944982585119,26,23,41,45,34,0.119176894,0.16046195,0.15707989,0.16501576,0.21517132,-1.5366482,3.348058,5.0286317,5.3920302,5.1857014,6.0073743,-1.0703733,10.597384,-18.516327,24.809105,10.740079,6.7934356,3.2022116,10.950932,17.6828,12.179856,-8.203322,21.598192,-47.37081,50.302883
3495809259583581789,150.64042190312165,1.3936253108822947,27,23,38,40,31,0.04043737,0.090372235,0.068980165,0.17055386,0.47162077,-0.95346904,3.443274,-16.280376,5.8323,-4.9172235,6.7840524,-29.03025,11.611031,6.455449,27.75733,-9.083568,7.0072803,-38.730648,11.841126,-3.7230427,13.786165,-35.988136,23.476435,-20.836378,56.489967
3495809259583581791,150.58554671074444,1.4500415665696174,32,28,58,62,56,0.033814255,0.015829654,-0.017767427,0.036570705,-0.033970788,0.06880256,3.0256364,-0.070413366,5.2976213,11.448908,5.8520913,-6.5743694,9.797604,-42.490242,23.370184,2.4074078,6.15533,4.2925286,10.717515,28.661108,11.900309,-14.042605,19.939856,-37.267296,47.227406
3495809259583581795,150.56415904402462,1.4027347162801926,30,25,42,47,44,0.0439799,0.02292183,0.10445825,0.16428594,-0.17326318,-0.114154555,3.1309583,4.937252,5.2456493,6.262428,6.1408615,-6.965494,10.808629,5.6533957,23.340012,-6.151982,6.354013,-13.328261,10.643188,3.9101412,12.490442,-25.59908,21.94624,-26.637024,47.327747
3495809259583581810,150.6552812584083,1.4560021784002168,24,22,40,46,33,0.0779786,0.1285528,0.1467706,0.09127046,0.25325546,3.9191828,3.6316543,2.537955,5.6911902,3.8651762,6.6391873,4.911631,10.975417,22.038746,26.815933,15.254913,7.3882155,42.92291,11.5575,18.06424,13.451994,30.114967,22.27253,64.3902,54.352196
3495809259583581816,150.67888570994114,1.4113477117628241,26,24,40,38,32,0.072941855,0.10112721,0.09148172,0.07911879,0.1946557,4.8945627,3.3144717,-4.836708,5.084916,-12.081593,6.3751473,4.6411037,10.895353,10.341038,25.177567,0.85747266,6.7293663,10.103523,10.318339,3.039122,12.967128,13.557855,22.104101,2.1142366,51.1698
3495809259583581827,150.65914191401785,1.5751197771028889,48,41,105,116,116,0.030933864,0.05670669,0.029739276,0.047587883,0.05211736,-3.642097,2.743763,-10.573686,4.176489,-6.675969,4.5694656,-17.095842,7.957651,-28.33313,17.060987,-10.877476,5.5509014,-19.999857,8.514081,-14.544034,9.261135,-43.981133,16.185246,-16.269684,34.600643
3495813657630091871,150.3386987676043,1.4213888020022727,42,34,78,87,85,0.04121458,0.028965477,0.03434393,0.05512395,0.16670337,0.3174606,2.7740963,-3.9583805,5.2132206,12.707509,5.1782985,2.2376664,9.212725,8.899417,18.330133,3.203515,5.579626,-11.852653,10.439863,-0.42748594,10.445391,16.271952,18.467674,-6.455844,37.0707
3495813657630091888,150.5315803732209,1.403392078796975,29,26,45,54,46,0.07389603,0.09004392,0.21234092,0.18365611,0.35759202,-2.8481696,3.3982027,-1.0172042,5.545185,-0.7213717,6.3288,13.277684,10.698031,18.563648,24.357586,-5.0384007,6.907254,-3.0581758,11.21319,-16.79688,12.861013,3.2975967,21.690056,27.842047,49.45168
3495813657630091897,150.4202675136184,1.458180401655867,47,42,92,110,101,0.042038273,0.035300653,0.067742124,0.029529171,0.103937455,-0.11078061,2.7921398,6.5713882,4.223239,19.515572,4.960127,20.35638,8.011589,24.344471,17.220263,-0.3014948,5.7216945,5.3966794,8.565288,29.92136,10.059049,49.874714,16.31743,48.351578,34.889523
3495813657630091913,150.4930998230583,1.5603546971378537,73,63,158,178,179,0.013826185,0.014958618,0.050327703,0.014750026,0.068770535,2.043096,2.1891806,1.0328215,3.137836,-1.4127547,3.636104,-6.0472035,6.3174887,-2.5197406,12.669199,9.065911,4.458684,2.6721041,6.3615866,-0.37367073,7.385965,-26.160934,12.834349,-21.366518,25.742657
3495813657630091916,150.34366612098611,1.4075597757225027,42,32,64,77,68,0.070853144,0.06109232,0.12876992,0.044895384,0.23499481,-1.4406703,2.8996375,-6.0727262,5.6232677,-6.2151213,5.473377,4.535291,9.595891,-16.843912,19.444063,-6.7799067,5.8856,-22.622389,11.3798275,-1.1540633,11.137322,-2.4005702,19.497812,-1.9360263,39.52015
3495813657630091932,150.35356077041573,1.398974490390387,38,28,64,68,65,0.06371483,0.06481783,0.03570728,0.037249345,0.21694276,1.0640037,2.9140847,-10.842201,5.4602656,-9.076324,5.5312147,14.104599,10.223753,-11.683713,19.891193,0.4758487,5.9185987,-11.854743,11.097136,-0.69650465,11.240141,-4.8409967,20.737577,-85.03715,40.323338
3495818055676601732,150.27201962979848,1.4667235676894659,61,56,125,139,135,0.09595967,0.12764174,0.15412897,0.14317356,0.35047996,0.91355765,2.4027557,1.830858,3.6382327,0.15494072,4.001113,-13.574672,6.9717517,18.166225,14.081025,-4.812347,4.8936577,-5.1113925,7.383778,-11.915405,8.142301,-11.968849,14.198041,-21.953438,28.59482
3495818055676601733,150.24742907304898,1.4173660542905449,44,35,75,91,71,-0.026632966,-0.052584816,-0.016504956,0.02832011,-0.26031342,1.308469,2.7757123,0.16484027,5.0996256,5.272045,5.484676,4.9961433,8.819101,-20.144463,19.88911,-5.257609,5.577881,2.2951026,10.258253,4.141747,11.017066,-18.624222,17.750616,-43.235996,40.215626
3495818055676601735,150.2572718501115,1.405479507625032,46,35,74,86,78,0.07024333,0.044588856,0.09336106,0.1439422,0.22434513,-1.2348087,2.8871238,-8.28435,4.993309,-3.6427715,5.1423936,23.439396,8.913304,-23.24534,18.286371,7.371024,5.8155413,-18.87831,10.1107645,15.757997,10.326694,18.253742,17.96362,-18.439892,36.87323
3495818055676601739,150.29829737041894,1.4126468157158507,45,36,78,86,79,0.09041786,0.14642096,0.12805071,0.11985337,0.34229565,-7.852214,2.7494552,2.0229313,4.8999624,-11.023761,5.007891,5.363147,9.001682,19.66624,17.825186,-9.142109,5.5819683,-5.883624,9.924598,-7.1257935,10.166882,-14.61483,18.24598,10.314915,36.13673
3495818055676601743,150.21596075000653,1.4134403127522557,53,39,81,97,81,0.025301168,0.06306138,0.057582315,0.16705929,0.21032694,-2.5946414,2.5757222,3.108722,4.911363,-10.275464,5.0713034,-0.5777744,8.648452,-7.22826,17.80745,-7.3914123,5.247199,3.766955,9.948387,-3.8425088,10.3002405,-4.4374056,17.504042,-36.191486,36.290016
3495818055676601751,150.30973234239772,1.3969698123794934,41,30,66,72,71,0.031899966,0.028501267,0.054285668,0.035466403,0.21436085,1.6019981,2.9490316,-0.74571186,5.5921273,-8.303745,5.4970484,16.535475,9.854884,23.626297,19.136232,10.170696,6.005455,-6.201952,11.339044,-10.464853,11.189576,33.88703,20.049023,82.462204,38.844006
3495818055676601753,150.25483056205567,1.453369989688277,50,49,105,121,111,0.12754159,0.1693112,0.20800677,0.19123203,0.5401521,0.92289114,2.6756248,7.5877924,4.027594,22.754831,4.504352,5.4440002,7.800246,-0.86869806,16.166227,1.9279938,5.331915,22.932077,8.125806,40.417103,9.07034,-2.6548812,15.675451,19.561607,32.41602
3495822453723113284,150.0432576544604,1.430274714114671,51,44,88,101,87,0.08085767,0.09312844,0.095482804,0.13224533,0.42336333,0.036869675,2.8575635,-7.6864967,4.5334263,-0.046524093,5.0059495,-3.8622077,8.348651,-16.03593,17.507048,1.8165227,5.800184,-6.4125814,9.171597,2.9029605,10.174845,-13.694442,16.994722,4.159627,35.559265
3495822453723113286,150.02496494228615,1.4020456068764684,48,38,79,87,81,0.039472602,0.00691301,-0.0033280826,-0.040393293,0.07472996,-2.6909735,3.0651546,-4.38374,4.7857385,-5.9041233,5.327393,-7.514795,8.82115,2.8577123,18.021677,2.1560116,6.2191525,-9.460142,9.727058,-12.481342,10.788093,-22.872484,17.988106,24.68385,36.545135
3495822453723113293,150.09964456092266,1.4098898718562434,47,37,83,86,82,0.11811978,0.152213,0.15697055,0.1773766,0.4480772,-4.147051,2.8367896,-4.6209745,4.955855,-1.2183205,4.9763894,-5.480528,8.918081,4.1612744,17.324692,-8.081946,5.730244,-15.22969,10.104939,-5.176773,10.075996,-31.780033,18.12566,63.542892,35.206787
3495822453723113305,150.08671591444443,1.4052233294697392,48,39,82,90,86,0.0429257,0.036388494,0.00010890712,0.008840816,0.13293454,2.5313237,2.7757683,-1.3550562,4.948261,-12.034735,4.9232507,-8.49246,8.654483,29.630096,17.03743,-0.5950889,5.624064,-4.431197,10.076356,-39.58634,10.025396,-24.66504,17.570591,23.102993,34.54127
3495822453723113344,149.98645544107794,1.417205013779652,48,40,84,99,85,0.035015076,0.047781963,0.041810874,0.05525008,0.049253333,-1.9415487,2.985103,0.48101303,4.655639,-5.3809285,4.997822,-14.7702675,8.326989,14.448465,17.086716,1.5198293,6.054434,5.272744,9.4753,-24.187574,10.130951,2.0606632,16.884905,-12.509576,34.740093
3495822453723113349,150.06574173027073,1.541790468970822,87,84,199,219,207,0.10212162,0.12809817,0.15292779,0.19656259,0.39536378,0.94814295,2.0359664,-1.2426533,2.801266,-0.39138764,3.2095344,-4.968555,5.4713383,17.713097,11.135156,0.10204715,4.1300054,-0.8613,5.6959248,-7.9076877,6.528063,-10.811421,11.131344,13.346971,22.610916
3495822453723113350,150.03374004617302,1.4007400423778993,49,36,77,82,77,0.0720979,0.11142434,0.16900744,0.22107649,0.23476475,-0.3075009,2.9307282,0.24196972,5.19007,-1.9402109,5.374834,7.7401547,9.262155,16.064354,18.249678,-1.9414743,5.9504642,13.671913,10.482027,19.08096,10.891049,17.733267,18.828445,11.76074,37.075382
3495826851769624902,149.77791966406372,1.401822441853725,34,26,52,63,58,-0.0075247353,-0.050968856,-0.05072499,-0.09999454,-0.36526912,-2.1777236,3.2088602,-1.1917491,5.488703,-3.2161121,6.161733,-0.76875305,10.671569,-2.3317273,21.525208,-8.359142,6.4821315,-19.11181,11.224413,-19.847723,12.477153,7.6440415,21.7443,-7.6623435,43.744213
3495826851769624905,149.8236564021275,1.4112089708175033,39,31,64,73,68,0.09884806,0.17658526,0.1858379,0.19927981,0.45409453,-1.9619151,2.9308345,-1.9466614,5.001282,1.5357494,5.582275,-3.5800848,9.478565,27.579405,18.699612,-7.455784,5.9503236,-1.2739234,10.142874,-4.3380065,11.353537,27.48848,19.215204,-7.557947,37.983807
3495826851769624935,149.81220756768244,1.4579564602197703,41,41,84,110,94,0.0668491,0.10244787,0.14918314,0.17924775,0.20525362,-3.2761755,2.7439668,-4.4714494,4.4662952,5.1840754,4.984591,0.38618827,8.166215,11.762591,17.222492,5.1113477,5.574894,7.206904,9.019457,29.637125,10.13531,18.31312,16.548065,19.21405,34.879536
3495826851769624937,149.87588264623628,1.4180297120217782,42,34,80,88,83,0.045384597,0.0731022,0.12571983,0.14667535,0.11400162,-0.7854325,2.964248,10.206822,4.818571,-6.909828,5.2808323,2.2810829,8.996136,26.317461,17.622362,-2.8702404,6.00654,-0.106253915,9.804098,14.700464,10.749896,25.5505,18.288788,7.8428793,35.904728
3495826851769624941,149.78438650523955,1.4673755688016348,47,46,91,116,102,0.070878476,0.13902721,0.1341936,0.07407273,0.10644987,3.4067342,2.7461681,5.1561,3.9706526,1.3455795,4.973975,-2.0124216,7.9850893,-21.53275,16.627754,18.934866,5.581659,11.661914,8.043266,10.044324,10.100821,-0.9609525,16.211842,-62.076004,33.91357
3495831249816136683,149.59718217297203,1.4615437097900221,31,27,42,49,37,0.115938805,0.13505718,0.08644829,0.1384095,0.34886938,-4.0489573,3.0667703,-3.8289444,4.994784,0.7119422,6.372473,-19.46427,10.287505,-4.901013,24.104347,-6.7150793,6.232363,-5.0235558,10.123863,4.306828,12.927047,-55.12044,20.8634,20.340534,48.69671
3495831249816136691,149.61245988147158,1.515642714236395,34,30,52,61,55,0.10677192,0.12256776,0.13811278,0.10859233,0.31737912,-7.4590797,2.9635637,-2.307456,4.694051,4.699687,6.0628686,4.012389,9.698401,-25.642956,21.634247,-7.8737497,5.973886,-3.7389421,9.425946,9.973241,12.177646,-29.148588,19.496567,-38.01651,43.361042
3495831249816136696,149.6108292565211,1.4145371771132509,30,25,40,44,37,0.08079008,0.03411427,0.06595497,0.10985469,0.33731222,3.3618531,3.18872,4.209043,5.1267242,8.140011,6.624241,11.364783,10.780044,-27.768373,24.002308,11.725641,6.413179,15.115796,10.340388,10.424659,13.364701,25.55158,21.7166,49.838253,48.36895
3495831249816136697,149.64751961721177,1.400439675643488,30,22,41,44,39,0.024555055,-0.04048367,-0.056984887,-0.06441139,0.24654041,1.7109243,3.2151196,1.1013325,5.5509562,0.58599263,6.413626,-5.9291816,11.256347,30.813124,24.437712,14.153963,6.5223923,3.4824395,11.257025,-8.305869,13.028374,0.504091,22.866522,44.49782,49.545
3495831249816136698,149.69631035754236,1.4216903840182957,32,25,51,56,55,0.084761545,0.06839277,0.11697691,0.036126837,0.2977939,1.8197871,3.2216501,14.984407,5.299943,8.25157,5.9364643,15.363997,10.087178,1.2604381,21.580616,6.6459184,6.4635425,10.650826,10.614399,9.955851,11.941938,18.515036,20.274918,43.138603,43.249798
3495831249816136704,149.62007612314792,1.4035583125273035,30,25,40,40,38,0.108361535,0.10769586,0.11827303,0.03924813,0.38261908,-2.4666042,3.2697093,-10.6171875,5.2629986,-0.23414116,6.366747,-14.118802,10.913729,-39.608727,22.653364,-10.795927,6.6364746,-29.806147,10.691877,-4.7361083,12.929157,-13.256578,22.153645,-8.906897,46.05847
3495831249816136709,149.6360455852483,1.4960333821614489,27,30,51,55,65,0.07344547,0.06437925,0.039094873,0.09558786,-0.028646614,-7.5607314,3.515938,-7.926903,4.9888954,-6.1439695,6.011752,-18.786852,10.442054,-25.476883,21.30986,2.3641868,7.1433244,0.11029585,10.077728,-8.39669,12.216475,-28.349545,21.16276,-69.966194,43.291176
3495831249816136711,149.6299165556693,1.5313040803911715,35,34,63,67,75,0.11343498,0.12935093,0.20133725,0.26648456,0.33915693,5.515843,3.0703082,2.7509494,4.457927,-10.544787,5.4307423,16.867987,9.290429,5.4425406,18.21703,15.653766,6.236164,-3.8722258,9.004886,0.85262024,11.06177,23.854979,18.846964,36.789173,36.97791
3495831249816136712,149.72755191463673,1.4255126570992178,35,28,50,68,64,0.048650537,0.056685396,0.03172776,0.104736425,0.014362245,-1.2530214,3.0911417,4.1616397,5.025784,7.8186674,5.882134,16.49537,9.619025,-22.674513,20.251009,10.8317375,6.263564,-4.1162004,10.19214,31.536444,11.963054,59.25386,19.54004,-35.616142,41.040085
3495831249816136713,149.59336172572387,1.4466596426283218,30,26,44,46,36,0.15217957,0.19682632,0.22742315,0.21327089,0.49841782,4.318269,3.1024384,0.6945431,4.8396115,-3.7174494,6.123147,4.9980073,10.422249,17.41748,23.1606,13.984705,6.3164635,-4.4614363,9.823404,0.25085896,12.41257,-11.61921,21.109581,141.91792,47.24463
3495831249816136715,149.64065647000913,1.4066895858077593,30,25,44,45,40,0.07012374,0.090690196,0.09172278,0.19780768,0.09565501,3.7122567,3.1973188,-0.009571771,5.3677125,-2.1062038,6.045893,-25.93015,11.003623,7.7757306,23.229336,10.803212,6.4868755,19.407,10.892144,19.549574,12.289883,-61.869236,22.29167,46.42838,47.04384
3495831249816136717,149.73515628006456,1.4349388090946198,36,29,54,72,64,0.06004119,0.106388256,0.10351638,0.23520699,0.27700025,-0.019837243,3.3103018,3.5103765,5.1681566,8.061344,5.8436246,-2.7242465,9.511089,-25.321522,19.865274,4.2143545,6.7239666,-0.5389433,10.457039,-12.539388,11.879214,11.758301,19.37175,-151.75865,40.270027
3495831249816136727,149.59909859127907,1.4550125381650925,31,26,44,45,35,0.0562228,0.03826778,0.046463553,0.11249134,0.034841776,-1.3027958,3.1746745,4.9466243,5.313761,1.1514964,6.3548098,26.436146,10.659299,18.420504,24.875803,-1.3193438,6.4267116,-10.222315,10.75992,13.807789,12.887593,19.129787,21.60477,-46.474434,50.497604
3495831249816136728,149.70276311402603,1.4409498957434916,35,30,51,69,60,0.116619006,0.14974678,0.12323068,0.19145054,0.16403183,8.932363,3.204602,2.2391217,5.0455966,-4.972833,5.850283,-17.924187,9.690909,-24.790941,21.800703,23.131908,6.4928775,-8.369387,10.223742,-21.235607,11.8605585,23.296116,19.676334,-36.546288,44.13983
3495831249816136730,149.7546295966862,1.403357274222398,35,27,53,59,58,0.014768381,0.027057927,0.04175363,0.102508485,0.081158176,-0.43701026,3.3299932,-15.096159,5.1488857,-14.651739,6.0773506,5.4862556,10.491316,-0.17513871,21.376028,1.3580022,6.7370768,-20.864277,10.47129,-1.9258243,12.354733,18.04325,21.29934,-64.66732,43.453163
3495831249816136731,149.68144008071195,1.4244753665915444,29,27,49,51,51,0.10422608,0.08482556,0.13371442,0.11264732,0.19667026,1.460166,3.3671052,6.921622,5.160166,0.5652657,5.911875,-11.518876,10.648317,14.729845,20.93706,7.807937,6.8434362,10.803528,10.494536,-5.695304,11.986291,-39.636833,21.586899,88.97368,42.622192
3495831249816136733,149.59603911906325,1.4079838653726349,31,26,41,45,33,0.064567424,0.034719992,0.00074015715,-0.09529505,-0.10376561,2.749121,3.190886,5.4291234,5.364379,-1.0510331,6.3670063,1.2506294,10.960998,-41.58641,24.905588,18.682358,6.464614,30.221361,10.870475,-26.435232,12.96102,-28.703836,22.143848,-89.11196,50.282364
3495831249816136741,149.7523194197062,1.4723143056549775,41,37,79,99,94,0.10716957,0.105858214,0.1140006,0.02374076,0.17029259,8.793568,2.9495065,-3.1000102,4.182404,-2.207827,5.070895,1.2208885,8.239526,-15.661252,16.596916,19.372908,5.9945464,0.14843544,8.504698,-0.7199395,10.299456,18.332737,16.75918,-10.179139,33.75286
3495831249816136742,149.60597813958313,1.5356514588812997,31,26,49,58,54,0.042901114,0.02691734,0.05642014,0.04846866,0.003697345,9.206331,3.4688356,17.752577,5.0267935,9.828088,6.0869517,-8.427956,9.863105,17.766806,21.664684,14.422307,6.959125,28.875172,10.11396,-12.729609,12.232352,-41.080853,19.835625,-10.618868,43.450195
3495831249816136745,149.59372999005413,1.4581368800078884,25,22,40,43,34,0.046327896,0.05418686,0.0719894,0.038591374,0.09702857,-1.906224,3.1664925,-1.0539392,5.179651,-2.2937987,6.256024,9.457816,10.883143,15.519944,24.014496,-1.3544056,6.4398527,0.82063913,10.504156,-0.9184433,12.717742,24.647905,22.029099,53.21937,48.784546
3495831249816136746,149.66692856470937,1.4158405954301867,31,24,42,47,39,-0.030580081,-0.06720067,-0.07170685,-0.11805863,-0.18938316,-2.3069189,3.178148,-10.056584,5.2735763,-9.275013,6.4711785,-18.311384,10.847535,2.3889973,24.152409,-17.013924,6.4673324,-25.874947,10.691475,-27.990435,13.145563,-17.560171,22.001865,-13.533506,49.27387
3495831249816136747,149.7157651079743,1.437039389185135,33,27,51,64,60,0.083164394,0.08524445,0.14218496,0.113005735,0.44711888,4.6100125,3.2235496,0.62385446,5.2255,9.919152,6.063655,4.6157465,10.022763,-19.10046,21.087666,12.148692,6.4875317,-2.24617,10.512095,11.769795,12.160538,20.72939,20.204855,-18.118515,42.3637
3495831249816136756,149.71116393350962,1.4417450375204266,36,30,54,70,63,0.087319836,0.055977017,0.11329612,-0.00768273,-0.09117133,0.31695366,3.0378537,1.1560369,4.829209,-1.2963889,5.862785,3.2947595,9.6788845,-27.884335,20.336983,-2.3846185,6.143614,-2.5588102,9.826494,-9.643186,11.880904,-9.903783,19.595686,2.9380527,41.394142
3495831249816136760,149.60136734446544,1.4963033784287136,28,26,39,46,42,0.09333036,0.07670787,0.069906674,0.059614953,0.2155552,-2.9089503,3.4479988,-7.655103,5.356795,-7.6201696,6.627863,-14.404892,10.629169,26.563128,23.773129,6.1861334,6.9898596,-21.239239,10.85214,-13.006102,13.485064,-36.9861,21.6352,-91.03053,48.12908
3495835647862647946,149.55543000648336,1.4220616068024452,30,23,38,42,31,0.08501778,0.038454104,0.16034552,0.103454605,0.0779611,-4.1339746,3.2773347,-0.28191438,5.0670524,-15.938044,6.4968038,-1.8129625,10.358243,12.658525,24.211706,0.90456825,6.6816316,0.08750608,10.289785,-4.9277234,13.186907,1.4815958,21.03555,-100.47297,49.184063
3495835647862647947,149.54949493839152,1.4643521222873452,30,24,40,44,34,0.028182056,0.03183775,0.042319532,0.048590522,0.1922155,5.888068,3.1300566,-5.803905,4.986752,9.81377,6.207989,-4.5900025,10.568072,8.500477,24.111809,16.578419,6.2843685,-1.9440186,10.037167,-13.55243,12.47685,5.847064,21.222538,24.624157,48.45619
3495835647862647948,149.59412042828677,1.4197401700818448,29,24,41,41,33,0.08906272,0.058367528,-0.03245092,-0.0074960496,-0.08366154,-3.180703,3.1022387,2.3158002,5.063123,-2.596988,6.323605,-1.5258663,10.829866,-22.12506,23.894949,-8.555581,6.304685,-3.038836,10.282033,-13.448033,12.841794,-28.744862,21.959558,-13.5983925,48.4506
3495835647862647951,149.44975981234037,1.4455406661658095,27,24,35,39,27,0.07697226,0.04260943,0.07621782,0.045541797,-0.027785154,-1.9114559,3.2632375,4.402661,5.2051997,0.7003616,6.606071,-7.766089,10.829717,23.644281,26.388926,-12.549338,6.626166,2.5501099,10.571066,-7.214663,13.414136,-33.06987,21.992748,96.81764,53.59394
3495835647862647955,149.5955610526305,1.538852299981511,31,29,52,59,52,0.06990893,0.09196789,0.0060766838,-0.026130212,0.07330408,-1.2187359,3.2390146,-4.2973814,4.6884823,-1.0212979,5.6608157,-13.308063,9.720854,14.6906,20.725723,-7.210162,6.5764923,-24.28227,9.579279,-11.405247,11.50034,-4.769384,19.738556,-12.838426,42.11857
3495835647862647957,149.51893049022186,1.5246907507789507,29,23,39,42,34,0.071033604,0.039630756,0.11507224,0.12380042,0.16769288,0.5327674,3.244796,-3.7033303,5.0220184,-17.016432,6.2631736,0.7117936,10.316943,13.592908,23.009579,6.7056913,6.590776,-15.399939,10.199254,-24.440771,12.768084,-8.310974,20.954788,-10.585076,46.87838
3495835647862647958,149.56668950347762,1.3978264908635447,27,20,33,38,27,0.10179073,0.099460244,0.10307966,0.105691515,0.30345228,4.357664,3.4382162,0.3901584,5.8779974,7.298775,7.0366726,-13.772636,11.100823,-11.11544,28.261532,12.656917,6.9241924,-11.361598,11.847113,8.550514,14.19575,-6.908551,22.495049,21.046425,57.050274
3495835647862647960,149.58737657691958,1.575662242632892,37,31,65,72,72,0.14265092,0.163445,0.23036586,0.21815903,0.56273735,4.684473,2.867792,2.020337,4.729348,8.36684,5.276548,2.0063336,9.173973,30.900587,18.329357,3.3115835,5.833255,15.767764,9.56745,28.99663,10.701659,40.342335,18.675396,117.10467,37.310017
3495835647862647967,149.59779864448697,1.545105009083047,33,30,53,61,54,0.097282566,0.17118916,0.15747108,0.1196463,0.33861893,-8.519404,3.1041057,-9.916044,4.696312,1.5819528,5.762365,-27.962355,9.675325,-21.87352,21.134623,-11.962231,6.3040395,-13.957993,9.520509,-19.120678,11.658507,-78.590996,19.62377,-146.0417,42.953175
3495835647862647970,149.49063083329415,1.5568268455838519,27,20,43,42,39,0.071388386,0.09110662,0.14159721,0.17707461,0.22357994,4.035957,3.370397,-3.1070967,5.755508,-5.80861,6.423485,5.920185,10.9944315,-6.17043,22.524818,4.629074,6.84939,-12.57366,11.687364,-12.457056,13.006293,28.422073,22.300825,14.212111,45.646164
3495835647862647974,149.4519930907805,1.4580912504375567,23,21,32,38,28,0.058202717,0.06643699,0.12644702,0.13264546,0.07033173,-3.293516,3.2844024,6.249754,5.5483108,2.606511,6.7938166,0.67430276,11.24607,7.579605,27.193554,-5.580662,6.672857,17.900923,11.264902,4.0806217,13.796205,-18.509447,22.841217,21.294796,55.34167
3495835647862647976,149.49553193720962,1.46463780728352,29,23,38,41,31,0.115949064,0.07607267,0.14260979,0.25940678,0.21738839,-1.6704096,3.156313,0.122347206,5.2456074,8.808009,6.2724915,12.117592,10.557789,-14.599832,23.994879,4.091121,6.4128222,6.3075957,10.625748,28.181007,12.761978,2.4196613,21.437967,-39.159805,48.74839
3495835647862647979,149.51633736756398,1.4834465431336912,29,23,40,42,35,0.07415142,0.050503444,0.02874188,0.034120664,0.031812903,1.6185088,3.1533146,0.090220325,5.1008134,-17.529642,6.269844,6.4147186,10.241238,-3.6914039,22.970816,5.109212,6.4223766,-7.9493423,10.577144,-22.883455,12.7394085,14.808017,20.806107,-25.440344,46.876762
3495835647862647983,149.55798604077413,1.5445792366246385,32,27,50,51,50,0.114390925,0.17319249,0.13924403,0.18339819,0.2642088,-9.199499,3.1944196,0.7259963,4.865212,-1.9703747,5.846039,3.5657713,9.8524065,-52.142056,20.651781,-16.084436,6.4976087,3.963905,9.891768,-9.171876,11.846405,6.78431,20.101221,-65.21496,42.019253
3495835647862647987,149.46128840671358,1.442652172413443,29,25,37,40,28,0.093148015,0.06014278,0.12415158,0.022990676,0.060532987,0.5032389,3.0517623,-13.232718,4.9227724,-4.4772897,6.210238,-17.499914,10.447107,-65.93102,25.907557,-3.1697946,6.198754,-24.469625,9.957898,9.369329,12.614568,-39.43372,21.217823,16.424206,52.62222
3495835647862647992,149.5654391358968,1.4756241301002149,29,23,40,44,34,0.09498399,0.12304929,0.1377632,0.16375822,0.055724952,0.006888045,3.1524026,0.70571166,5.23661,-0.89486855,6.52168,3.84153,10.785064,-22.734102,24.661049,-4.060698,6.4106193,6.0900755,10.684787,-4.5631576,13.264507,22.412815,21.914291,-5.9940505,50.21065
3495835647862647993,149.48209169928168,1.5531379386188686,29,25,45,44,43,0.07137436,0.059339948,0.08575968,0.13268842,0.0867295,-0.106075905,3.1792986,4.7614307,5.0983396,2.7070584,6.023104,-7.5561857,10.6345215,15.592244,21.492414,0.11994305,6.4688444,9.799461,10.338657,-10.868265,12.251986,-12.406129,21.576065,11.443382,43.51103
3495835647862647994,149.45833441064528,1.4685439468650512,30,25,39,41,34,0.06634938,0.081817806,0.11748811,0.2649901,0.1960298,-2.3597755,3.2067769,-1.2815642,4.9382153,7.2465305,6.414299,-15.423092,10.155822,-43.18445,24.623537,-2.9528825,6.524604,15.193058,10.031677,18.325367,13.012558,-57.57404,20.644028,-38.11199,50.332222
3495835647862647998,149.53050770030376,1.4238734940963098,31,25,38,43,30,0.122673176,0.17064995,0.21991281,0.15240997,0.4278682,-2.4591765,3.1227567,2.5279,5.1765327,-0.00967969,6.54129,-1.251389,10.497053,61.166718,26.113037,-13.199454,6.3444166,-10.423895,10.511653,7.5597563,13.288479,-31.302267,21.308584,22.099863,52.74221
3495835647862648001,149.51554930767367,1.5265289106258715,30,24,41,43,36,0.14226374,0.15388003,0.18259157,0.17197575,0.33053514,2.9266787,3.1515315,-4.142416,5.155656,18.984795,6.3692455,24.02039,10.68205,48.458443,22.701908,11.840313,6.3676906,-11.308478,10.370575,9.425059,12.746711,13.803252,21.466208,114.69302,45.835606
3495835647862648003,149.50962885339572,1.5524012324920509,34,26,49,47,46,0.105349004,0.096311316,0.10509896,0.19423093,0.3029005,-2.0552287,3.040254,2.657054,4.817207,-8.719215,5.8378997,12.62528,10.385756,-1.8531016,20.914679,-7.1235566,6.184087,-16.476881,9.822918,-42.96076,11.853374,-20.70328,21.12799,-113.82979,42.55665
3495835647862648007,149.4367310984249,1.460698402764844,29,23,35,43,31,0.07534244,0.087166555,0.102422096,0.20143336,0.2776173,-2.3644874,3.3767579,2.8386838,4.974247,1.259902,6.548448,-6.9723697,10.800556,35.269054,25.89429,-5.718003,6.8713937,12.638847,10.102595,0.4368401,13.371083,-0.632977,21.894733,7.9591775,52.851475
3495835647862648008,149.50815423751985,1.5147960924353887,30,24,40,40,35,0.084558725,0.15592296,0.18774311,0.28849298,0.27079412,0.87932575,3.2311926,8.381954,4.9581847,-8.831809,6.4070325,3.638725,10.645801,19.159142,22.49114,16.407885,6.5891976,26.761969,10.068093,-25.51926,12.913145,-10.98071,21.525667,76.268936,45.705162
3495835647862648012,149.58852165815296,1.416052900913948,30,24,39,42,33,0.075558595,0.069284245,0.11832041,0.06518961,0.2772283,2.3865578,3.165746,2.0005996,5.0764747,-2.9177961,6.5212874,-0.17488503,10.784615,27.72663,23.860563,-5.68531,6.4269924,5.3276334,10.309806,-23.152224,13.1905575,3.866404,21.873753,31.988235,48.52855
3495840045909160270,151.00315140754697,1.7673483198186453,29,26,41,42,34,0.042780627,0.04084351,0.055372406,0.05209561,0.23571232,7.124174,3.414739,-2.54685,5.425647,0.26741716,6.577093,-13.157506,11.109902,-27.470112,28.64801,5.9672513,6.9289455,1.9469793,11.0167885,-3.1939237,13.354254,-20.101519,22.608276,84.45217,58.188133
3495840045909160272,150.89894605193157,1.7336989527385316,38,31,63,65,63,0.0402149,0.059412986,0.1504873,0.10792099,0.17107156,-2.5186408,3.0491164,2.0657644,4.97295,-2.398295,5.666913,-0.58592975,9.636364,-0.37666014,21.076302,-0.939042,6.1701527,18.742062,10.137396,8.728583,11.519296,18.90875,19.64167,-4.1462903,42.717625
3495840045909160273,150.94653886200808,1.6903354475602923,34,28,47,50,34,0.09023674,0.17640284,0.09872347,0.10604343,0.09873353,-5.342619,3.0788379,5.038686,5.2185874,-3.7309542,6.1670866,7.8702564,10.529206,40.402935,27.152582,6.4415345,6.261694,-1.3019699,10.635595,-2.153348,12.53941,0.878894,21.398943,55.157528,55.428947
3495840045909160274,151.06555493275823,1.5891367731875987,27,22,35,41,24,0.039729554,0.03187893,-0.0005197462,0.04600533,0.30637705,-1.4499953,3.383718,0.014302474,5.419612,0.36123762,6.337099,-35.102966,10.742295,23.582373,27.730654,-5.892592,6.871926,-3.8030472,11.005811,-21.220402,12.876383,-57.515976,21.817636,76.007904,56.354214
3495840045909160277,151.02396136061614,1.7504957677082085,24,22,35,41,23,0.017123029,0.007680338,0.023133885,0.094970085,-0.25803566,11.541379,3.608441,17.639025,5.638454,6.517649,6.8951073,4.8788633,11.235025,74.12075,28.414694,22.167265,7.32469,-1.3425246,11.45115,10.127441,13.9337435,-25.907467,22.876114,65.941376,57.89445
3495840045909160282,151.00464185401208,1.760955361638421,29,25,42,44,34,0.026148941,0.040491,0.07166149,-0.10187309,0.031620014,-3.3867862,3.26443,0.57282984,5.102254,-7.5380244,6.516928,-13.447286,10.581822,-18.527134,28.015257,-2.9981465,6.6549673,10.114913,10.367353,-2.5139866,13.242457,-14.358134,21.534996,88.90866,56.85003
3495840045909160284,151.04028481262293,1.6380895850752712,24,23,37,41,25,0.06277605,0.040829968,0.07704343,0.095815286,0.07406453,-2.174283,3.8842857,1.91007,5.2841268,-0.6340587,6.1590915,-1.3228687,10.426618,15.070131,26.712582,2.503433,7.890321,-3.5587656,10.716247,3.7323205,12.507032,-38.12031,21.221066,11.643402,54.108395
3495840045909160288,150.98673951182775,1.7127634637303673,28,24,38,45,27,0.020908536,0.033761766,-0.040314425,0.077403575,0.16366626,-7.9003897,3.3535447,-4.408992,5.3333607,-3.0365698,6.4202046,-5.3461137,10.7440815,-15.5287895,27.441769,-4.6744184,6.822394,-15.472596,10.827638,-2.9380026,13.042985,-1.7710712,21.86743,-5.9959574,55.738155
3495840045909160290,150.97489173340313,1.6549942638267854,25,23,35,39,25,0.12570703,0.17816862,0.08249569,0.17053989,0.49342692,-3.4303777,3.3167408,-1.4519889,5.4982142,-4.5209045,6.6183734,3.798575,11.354233,-38.04806,29.767149,-3.536971,6.7004943,-5.9783535,11.059394,-26.160122,13.294834,22.658384,22.83245,22.484938,59.368984
3495840045909160291,150.91451875825663,1.5899841872493765,31,25,39,43,29,0.03765028,0.10870748,0.13853085,0.20238246,0.31850415,1.1441628,3.1673512,0.96068347,5.0549293,2.0895975,6.0633583,11.506632,10.439146,46.795975,26.869986,2.346071,6.4421563,-4.5508895,10.266148,10.947341,12.315564,39.688164,21.200573,13.704184,54.550747
3495840045909160294,150.95026082047204,1.664625103415207,29,25,37,45,29,0.1073936,0.18403989,0.20479307,0.25900894,0.08032334,-2.5795908,3.3691225,-0.9009783,5.2286835,-12.885699,6.2983975,-0.21231963,10.426806,-3.7334812,26.671957,-0.48386782,6.836437,-8.985372,10.61623,-16.30164,12.809281,-14.289287,21.190638,-38.644722,54.159897
3495840045909160315,150.9160619620384,1.6991647937835184,36,30,57,57,51,0.034746658,0.03978831,0.026615744,0.06777275,-0.041723385,-1.9695991,3.3464222,6.0609603,5.074071,-0.4990147,6.0093045,-8.342134,10.177328,-49.551567,22.226978,1.2359719,6.7476535,-1.8795793,10.302242,-13.586535,12.196419,-32.0126,20.672869,-78.753654,45.325893
3495840045909160317,150.96367584985907,1.634129054129315,28,21,33,42,23,0.06033385,0.09361203,0.054721653,0.12053113,0.08034287,7.079957,3.3436112,2.3585694,5.537446,11.944893,6.637337,16.346603,11.0419445,13.607387,29.281427,0.4467227,6.708376,2.5068176,11.117336,29.134047,13.330125,20.014345,22.069614,-53.035408,58.780537
3495840045909160322,151.0213348054638,1.6378170397831853,24,22,34,41,22,0.06474247,0.07462477,0.045138944,0.00881245,0.032871187,-1.7206037,3.704503,6.314949,5.264223,-1.2253673,6.4019694,7.4181705,10.509538,5.076269,28.010025,-9.408212,7.515048,6.5229864,10.787689,-14.3978405,13.016103,35.09194,21.344751,36.581566,56.914288
3495840045909160323,151.01537301662844,1.6619413520843553,26,23,34,41,24,0.08983885,0.08909429,0.18896914,0.20269828,0.16551615,6.3247886,3.5178804,3.6236026,5.2276053,8.728081,6.449233,-2.5316138,10.793276,57.40804,27.470373,21.177042,7.150585,-27.817915,10.603161,34.075905,13.084169,-3.6247106,21.871826,80.84111,55.854256
3495840045909160324,150.94396839311875,1.6836174714086038,32,27,44,51,33,0.07384167,0.09780973,0.01795381,0.06645768,0.15267926,-0.120216936,3.0236595,1.6845219,5.598089,-7.98872,6.4534993,-0.06421677,10.548734,-10.449046,27.781166,5.209833,6.1431355,1.1941085,11.345769,-10.322263,13.094013,-34.114643,21.353523,-40.697693,56.38668
3495840045909160326,150.9558642409416,1.6691489834665587,31,26,36,44,28,0.051915202,0.08691549,0.13548651,0.09103201,0.03672623,6.7455826,3.016196,-7.4930477,5.1411395,3.8416128,6.205133,2.971617,10.430972,9.223137,26.581755,11.72674,6.121123,-7.403933,10.444485,19.464424,12.604967,22.125443,21.242832,48.19239,53.978962
3495840045909160327,150.9111923471578,1.6547469542488424,27,26,46,48,44,0.032325193,0.066792645,-0.0030380683,-0.07586872,-0.013344554,6.5865297,3.3127258,9.898723,5.458229,12.440212,6.6982164,23.337551,11.117968,-51.47578,29.431763,5.6038337,6.6960974,2.5316098,11.00981,10.540201,13.493876,-3.2175612,22.546999,-104.44573,59.600513
3495840045909160328,150.8992749248418,1.6330545631442035,34,27,47,52,39,0.09384644,0.10486371,0.13123628,0.15022387,0.07491739,5.4255915,3.29476,-4.7475,5.6500893,-5.1996307,6.563463,-3.6042795,10.444938,15.425848,29.142937,7.7134414,6.688487,-26.157782,11.380618,10.830371,13.331755,7.3052893,21.23458,-13.4122095,59.17938
3495840045909160329,150.96477018252585,1.6499225093147938,30,25,38,44,28,0.090964735,0.08850183,0.08484547,0.07173531,0.27629116,-1.0683821,3.2543015,3.4846463,4.9917207,0.16660196,6.0936723,-0.4207779,10.574203,19.681059,25.978237,1.4958764,6.604449,26.31758,10.138801,-3.488426,12.375599,-8.944862,21.470781,66.44073,52.76363
3495840045909160332,151.04798143325095,1.6570723754754728,24,24,34,41,25,0.0598385,0.09970013,0.17327267,0.30196953,0.4329225,7.0461187,4.045787,1.792237,5.4635887,1.5744019,6.4998317,-12.239124,11.223496,-28.355755,26.998549,18.424109,8.1899805,2.608676,10.988635,-0.58089703,13.096274,-3.04981,22.572672,-4.510045,54.349117
3495840045909160333,150.91266249490806,1.6137803140474372,30,25,43,50,33,0.031135553,0.045896154,-0.0035205623,-0.11749343,-0.26607645,-2.9757264,3.2333965,-5.9252295,5.1193323,-4.881139,6.3476033,6.5690684,10.419024,61.955147,26.911423,-2.5787275,6.5666785,-1.2714744,10.397919,0.41728276,12.890919,62.41886,21.152971,98.37366,54.637157
3495840045909160338,151.01391994840117,1.7398149493630826,27,24,36,40,28,0.020111937,0.07213034,0.024053458,-0.06869455,-0.0011725817,10.800813,3.4125144,6.2854896,5.2548404,7.396414,6.38931,-13.390073,10.713126,-49.667377,27.623013,24.422968,6.9282594,12.239094,10.637928,-4.8471575,12.975589,6.560522,21.78814,-89.39745,56.097992
3495840045909160339,150.95440797570507,1.7470237576546621,34,30,54,57,49,0.060106963,0.084461585,0.047932733,0.16950445,-0.08983384,-2.3510525,3.2159123,-1.1614084,4.971184,-23.608234,6.272492,-10.636145,10.654335,-10.846515,25.246656,-11.809348,6.5387287,-2.0939,10.134048,-44.835793,12.7506275,-44.98524,21.626219,-67.69259,51.189304
3495840045909160342,150.90381427625115,1.7639331512642045,39,35,68,65,68,0.06447278,0.07999015,0.0039112656,-0.015408199,0.0012082516,-1.8799802,3.0860155,-7.15032,4.42379,-10.125912,5.1650963,-11.404595,9.301498,-1.4768636,18.107212,-8.971288,6.27672,-6.5520163,8.973105,-31.58349,10.517477,-23.636368,18.945618,-54.456562,36.782333
3495840045909160343,150.9989754428672,1.6338129827444063,26,21,32,39,21,0.057332736,0.038741603,0.16872786,0.08991036,0.15362364,5.172676,3.6652737,5.298998,5.531915,-2.1041706,6.569532,2.5316036,10.797989,0.16852203,28.483358,4.003466,7.4292183,35.581543,11.275582,10.146957,13.369364,18.156185,21.903519,-0.106967054,58.09912
3495840045909160346,151.02207971614064,1.7229211127564588,25,22,33,41,22,-0.1079679,-0.10991072,-0.22914755,-0.117821455,-0.5502143,11.781931,3.5508816,2.5636446,5.3489466,35.045673,6.614813,56.880836,10.824383,19.816216,28.74428,31.687605,7.244754,3.8538206,10.86083,61.244804,13.421153,141.76126,21.979557,33.034283,58.37939
3495840045909160349,150.93279784717598,1.7526776189471254,31,28,59,57,58,0.077416316,0.13482566,0.13922189,0.17423877,0.36979845,-0.22531505,3.186569,3.367998,5.1747894,-0.054282818,5.725434,1.4023976,10.446875,39.08485,21.91753,3.6821804,6.4701867,10.025244,10.513372,-11.8565035,11.627164,41.343826,21.140837,62.189545,44.368603
3495840045909160350,151.0756611017353,1.7165064438313289,21,21,33,38,22,0.14922106,0.23299605,0.2946389,0.2668395,0.5768866,0.8767972,4.256458,8.198715,5.548882,0.039707813,6.501155,-5.1527276,11.225728,-36.105446,28.481676,5.9636784,8.652639,-0.90603465,11.265504,3.918453,13.211327,-22.940683,22.76946,-61.387314,57.836037
3495840045909160351,150.91190335483816,1.5864857050759542,30,24,39,44,31,0.023297317,0.08810198,0.05951542,0.1693484,0.06219386,0.9161767,3.3179593,-4.7999578,5.030258,-0.62365353,6.3562665,4.00951,10.439476,-8.996114,27.123064,10.0294895,6.7045445,-6.5342255,10.217278,15.372647,12.926039,3.0183656,21.107262,-0.22964564,54.993153
3495840045909160353,150.9417479296684,1.7261715536898983,36,29,53,55,42,0.032261703,0.06929061,0.056271717,0.09286905,0.5243122,0.4339409,3.018974,9.315994,5.1386065,1.0930738,6.160506,1.5701346,10.145756,39.595913,24.879248,-8.925415,6.1215553,4.4084225,10.395454,2.9193902,12.501397,22.606895,20.605661,25.99108,50.40659
3495840045909160354,150.9298179037125,1.668364980823349,32,27,43,48,38,0.10692019,0.14397737,0.21507065,0.14575054,0.47244078,-0.7566638,2.9884837,7.2952847,5.3315163,4.516087,6.3890996,-9.867039,11.118564,7.143042,28.326262,0.38230228,6.0737195,3.1494393,10.787006,-5.576862,12.986941,2.4848692,22.598497,18.938765,57.674377
3495840045909160355,151.05633845446636,1.7188942770684634,27,24,36,41,23,0.04828694,0.017616343,0.067920156,0.037866805,0.2828717,-0.89741343,3.9612443,-3.2869756,5.2568703,-3.6934798,6.552703,-4.3809495,10.988083,8.804472,27.706455,-12.714427,8.04432,8.413016,10.7135105,-8.762152,13.300569,-16.698702,22.313683,60.021225,56.306507
3495840045909160359,150.96999957632664,1.6231279983717513,28,25,36,41,27,0.03652734,0.0013413884,0.040829346,-0.023468832,0.1460619,0.63493913,3.2430487,1.4051932,5.1019287,9.698864,6.2894397,1.1321877,10.616389,26.032042,26.869432,-2.3500726,6.5327272,7.8611126,10.311411,14.897865,12.635164,2.221381,21.381811,7.9829636,53.973145
3495844443955670508,150.8024906935735,1.577559475159433,34,32,68,68,63,0.05208746,0.07444234,0.048119053,0.0749077,-0.061346814,-2.5396025,3.3286927,6.723624,4.9802303,4.108597,5.858721,-3.2269242,9.969864,-0.96883684,21.469564,-1.631855,6.769037,-1.7426491,10.053208,-13.747822,11.952454,-9.161138,20.292404,-33.552223,43.65642
3495844443955670510,150.77197496717196,1.6088755210345564,42,40,89,97,90,0.12954515,0.22673273,0.19729404,0.17633131,0.5558844,-2.1994095,2.8722637,0.41609645,4.2370768,-11.228189,5.0354147,-2.40166,9.079849,19.31987,19.415462,-3.6627831,5.827959,-11.096043,8.609533,-10.10175,10.199521,-17.797878,18.470684,59.1295,39.239376
3495844443955670518,150.89546928839437,1.576739453250902,29,24,39,43,34,0.076057546,0.12757798,0.039078247,0.04558424,0.07923959,1.1764936,3.0711823,4.937989,5.13336,-8.933319,6.077949,-7.456506,10.386012,-7.853512,25.978146,12.99697,6.24025,9.888121,10.413836,-2.3276017,12.357573,10.27378,21.086403,-83.40485,52.76328
3495844443955670519,150.84673872317632,1.6778132214061112,42,37,87,87,81,0.08855894,0.16393144,0.1459627,0.22034977,0.27645615,2.609528,2.9149735,4.7340145,4.4810324,-2.8839104,5.2215257,11.438194,9.333789,-9.867999,20.902102,-1.8296112,5.8828187,2.9529245,9.028937,0.8014163,10.531472,27.02971,18.865362,-106.29122,42.158897
3495844443955670522,150.74531550243807,1.5911983363719697,40,38,86,92,89,0.08794055,0.11981385,0.16959423,0.2065759,0.436251,-3.6712005,2.7862828,-2.4682128,4.55719,-3.9472547,5.1931057,16.449081,8.872412,-16.69807,19.549974,-10.438217,5.675392,-10.855048,9.372587,2.336377,10.550236,-5.5655403,18.03696,-32.624794,39.745827
3495844443955670523,150.87947303954272,1.6080519045753727,34,30,55,56,47,0.022666026,0.003840151,0.023852287,-0.0709627,0.22206192,-2.5999966,3.1288342,1.1535226,4.9751434,2.533697,6.122791,0.6923554,10.289569,-10.42762,26.545443,5.3863935,6.348695,-4.3328385,10.101656,-8.496195,12.397533,7.57478,20.893682,-71.36766,53.722416
3495844443955670524,150.7331413905136,1.759785875757756,74,64,161,179,172,0.099718094,0.10380956,0.050407648,0.034562785,-0.019592559,3.0709221,2.2377393,1.7744367,3.281465,2.892506,3.6681209,-7.199984,6.278168,6.8521314,13.268597,3.8470616,4.581466,-0.10333789,6.6474,-1.0129865,7.4404683,-8.040777,12.736456,15.070637,26.86064
3495844443955670525,150.90393311350152,1.7163863835915163,41,32,69,67,67,0.11687496,0.15591891,0.1385456,0.103990324,0.354745,5.610155,3.1188602,10.785069,4.9084415,8.806664,5.788858,-6.0342994,9.562711,31.881891,22.831308,10.672441,6.351919,22.858,9.967747,19.686432,11.696042,5.6905413,19.449476,110.39356,46.098152
3495844443955670528,150.86420368001922,1.5935924893608133,31,27,48,53,42,0.07158816,0.06391541,0.07434374,0.09058222,0.29700208,-8.280221,3.24191,-10.627345,5.3219223,-6.888824,6.5708594,6.963247,10.703438,25.331345,27.44767,2.2505522,6.6289372,-10.797676,10.77568,-11.860387,13.369553,-13.119356,21.73545,6.942123,55.731827
3495844443955670532,150.82156519627995,1.6554280964318027,38,40,93,93,87,0.023205468,0.03659402,0.0031635144,-0.12381801,-0.09131342,-1.6934465,2.9816809,5.368012,4.6001215,3.5721462,5.2988,14.204353,9.464267,-3.4047806,20.75324,1.6011297,6.04902,12.571807,9.335199,12.323132,10.759295,25.010277,19.209845,-60.489418,42.157467
3495844443955670534,150.7590344172616,1.5783637956207874,37,36,80,83,79,0.0369065,0.045954052,0.01892569,-0.08254212,-0.012378678,-3.576197,3.084969,-1.3851438,4.6593885,-13.467425,5.1213036,3.7119925,9.007252,-2.3217444,19.650616,-11.98145,6.26934,2.1314075,9.489538,-17.428123,10.426702,-6.789798,18.305326,-60.36421,39.91743
3495844443955670536,150.8992260427019,1.6313065307792365,34,30,51,53,43,0.10706108,0.18830429,0.16928932,0.13291723,0.092418276,8.541224,3.2676566,12.238676,5.176562,13.138682,6.427172,27.397799,10.491894,-5.5501018,27.454216,18.880268,6.578897,41.84137,10.456926,20.825521,12.960802,22.802147,21.141808,-41.46728,55.48425
3495844443955670539,150.87792102023204,1.5807574051092474,29,25,46,50,39,0.04029711,0.08710666,0.07517348,0.097550735,-0.08053181,7.4243674,3.1237085,-0.30947858,5.057694,10.596735,6.215502,-10.761136,10.073725,-16.785223,26.43154,9.677228,6.344118,-2.3710668,10.256697,17.374872,12.612185,22.702839,20.487974,-57.276527,53.4757
3495844443955670541,150.85357993272507,1.638527948184186,38,35,68,67,62,0.023692895,0.03670904,-0.0003840778,0.03263523,0.18203004,-0.8337756,3.1847944,-2.6960032,4.86425,-9.143631,5.823786,-6.1472692,9.8867855,-36.33583,21.895258,1.4671334,6.4526014,-8.13354,9.893697,-8.279678,11.86095,11.132454,20.079979,-42.307533,44.588333
3495844443955670542,150.89625993791475,1.6620316042975596,36,31,58,59,54,0.03775025,0.08924842,0.06915554,0.029113768,0.18789059,-1.1850786,2.9156008,0.8894845,4.909063,6.9697876,6.085637,-2.0423863,9.929108,-37.039276,22.453632,4.605685,5.8908176,0.4607487,9.934719,13.33239,12.3115015,7.606758,20.104973,16.66762,45.453457
3495844443955670543,150.866127982496,1.6187407900878974,31,28,57,57,47,0.05529784,0.08173085,0.026343992,-0.006236057,0.17570935,7.1044126,3.2083828,6.0833273,5.0189276,3.116333,6.0031905,-0.35481694,10.542306,-5.2250338,23.875153,13.944083,6.4817047,7.8945804,10.185973,-0.6757282,12.204363,14.254057,21.40549,-51.08973,48.38622
3495844443955670551,150.80821931038707,1.6669102253409585,48,43,106,105,110,0.065500356,0.07759094,0.09219389,0.0642162,0.30090424,1.3122985,2.7941506,10.881343,4.3160653,8.427867,4.91712,1.6038598,8.63049,36.21515,17.141941,-2.037494,5.6652217,14.937055,8.772683,11.356436,9.991607,33.67647,17.602354,31.552307,34.82865
3495844443955670556,150.901374802789,1.6202916287951816,32,28,50,51,43,0.03756905,0.052919198,0.03251179,0.12171313,0.07225036,-2.9569798,3.387736,2.703466,5.2086325,7.3828764,6.607752,-1.0215689,10.411114,3.1721525,28.030027,-6.6148405,6.7452226,-21.614477,10.540316,2.2166443,13.255307,-4.180707,21.015236,-44.59982,56.3872
3495844443955670561,150.90048072431435,1.7206802754963837,42,35,71,72,72,0.026021712,0.024395417,-0.027312497,0.022665283,-0.108859204,4.2771816,3.128935,4.2103424,5.0724435,8.174577,5.816748,-15.95123,9.568474,2.6860056,20.537077,11.285852,6.333931,5.765197,10.345786,23.362692,11.823744,-4.5886188,19.42596,-20.023684,41.715897
3495844443955670562,150.88214271876296,1.6291873670299084,35,30,59,59,51,0.0731832,0.15406361,0.19172215,0.27403426,0.24472392,2.556802,3.0021648,-12.054275,4.9242744,8.051793,5.9618754,0.9237473,10.239501,-11.616792,23.873898,11.48322,6.071333,-3.0992582,10.053474,-22.057287,12.069284,-6.413925,20.827753,-135.8404,48.482704
3495844443955670563,150.8333731681743,1.6508520181101969,39,40,87,86,78,0.050398488,0.069974646,0.06531667,0.06831564,0.18222457,-3.4009433,3.0839713,-5.7460575,4.5251946,-9.714642,5.2146497,2.4676816,9.218564,4.7859745,20.95028,-5.6722703,6.267651,-10.348414,9.202378,-5.2204885,10.609039,-18.016619,18.74584,64.49748,42.50752
3495844443955670564,150.74795645264197,1.6220311689302125,50,47,112,119,109,0.05860243,0.069348484,0.06286783,0.09708922,0.26781934,1.1065595,2.701671,-0.3403284,4.4545126,4.9800997,4.6527886,-2.896552,8.130531,-17.881155,17.02219,7.5694966,5.4269185,23.335957,8.973718,25.965462,9.354018,-4.3135495,16.356953,-6.4885783,34.206345
3495844443955670565,150.79522291647064,1.614748465684389,40,37,89,94,81,0.0799179,0.06876285,0.09306286,0.13341157,0.15850061,-2.4340267,3.0282092,-6.8808103,4.532611,-4.9610243,5.3553963,-2.6420813,8.924343,-23.55654,22.234455,-11.587218,6.128235,-5.855972,9.216208,-25.5697,10.885898,0.49367929,18.158054,-41.91409,44.720985
3495844443955670572,150.8501170065579,1.6171592077710555,33,29,57,60,49,0.09776056,0.10627745,0.045052934,0.10846873,0.18796456,-2.7900226,3.1556187,-2.8097172,4.8460026,-14.584023,5.974536,-15.975301,10.154075,-9.68282,23.62028,1.5930862,6.4129453,-6.3456907,9.863579,-13.655546,12.163363,12.308696,20.67857,-14.221155,48.148403
3495844443955670576,150.75558155869436,1.582097345770198,41,38,84,90,82,0.04708285,0.06520179,0.027569797,0.12200311,0.07105682,1.0629975,2.9454584,-4.6112857,4.5670085,-0.61694133,5.2555175,-6.2747808,9.006732,13.868536,19.860548,-4.3530865,5.9686146,-18.272959,9.2659645,19.072178,10.708584,-22.445919,18.241035,-4.9074116,40.422966
3495848842002181074,150.69849642165534,1.589622668075711,48,43,101,110,106,0.03831456,0.032894574,-0.018234957,0.0404741,-0.019639026,2.1546686,2.6754487,-4.0951066,4.259492,-5.0238433,4.754925,-1.890655,8.3576975,-22.582878,17.615528,1.0594448,5.420371,-11.987818,8.695038,-0.7126653,9.646347,25.242207,16.997858,-35.87606,35.8264
3495848842002181080,150.5353628176566,1.6514773254635773,80,75,183,213,196,0.06928054,0.06072788,0.078048706,0.17263125,0.16278273,1.1202985,2.1260645,3.6252832,2.8826606,6.6919074,3.3300369,13.878979,5.6362367,14.295344,11.917261,8.042478,4.2890015,3.2163947,5.859562,21.825155,6.7594023,35.339073,11.435949,9.480651,24.231766
3495848842002181086,150.60317692225692,1.5888480369669091,67,62,147,160,159,0.037915535,0.033287033,0.05620618,0.10902689,0.14167835,0.024750857,2.4060462,-3.2451499,3.3996155,-4.585857,3.9576824,-9.377999,6.8717947,21.236488,13.840212,-6.732883,4.886546,-4.0013914,6.8976502,2.5899634,8.028093,-3.9340491,13.980764,-16.405813,28.091312
3495848842002181113,150.5974990162392,1.6605662883842225,79,73,186,216,200,0.077270366,0.09255759,0.06374317,0.10158274,0.22309963,-0.35767242,2.0626101,-2.1174269,2.9382806,1.0905874,3.3104763,11.147759,5.7528434,15.506274,12.030549,1.0865488,4.1873465,-0.5782753,5.968161,-5.136449,6.709272,9.415162,11.647567,37.14855,24.380194
3495848842002181128,150.63560741175027,1.7207524442357125,87,76,205,231,208,0.05278828,0.11218731,0.1120511,0.15296972,0.3076435,-1.6557416,2.0394406,0.44370446,2.8806908,5.1520824,3.2391226,5.483473,5.436645,13.434815,12.007429,-2.0202808,4.1459594,10.501728,5.8825107,13.720129,6.5840015,-0.69941753,11.044654,8.361816,24.400084
3495853240048691841,150.51523318206722,1.5994998477222895,79,69,181,198,188,0.033390205,0.056304455,0.07185591,0.043609537,0.087920144,2.19521,2.2073987,-4.00162,3.071898,5.1710877,3.4531233,-0.15811566,5.853121,4.308983,12.115776,5.5977464,4.4828787,-0.6558803,6.248081,-2.6057467,7.017005,-12.020701,11.884092,0.8655501,24.634207
3495857638095200088,150.16665180892196,1.7576073243780292,88,79,224,243,238,0.09500696,0.12935992,0.15448934,0.19995937,0.40263805,1.996279,1.8439578,-1.0476984,2.7149818,-1.3142663,2.956008,9.549402,5.030161,17.033108,10.190469,3.8162549,3.7426643,9.147402,5.491775,12.548931,6.0046115,42.080288,10.221719,51.77654,20.681923
3495857638095200108,150.22496658022564,1.5836524298365557,96,83,209,244,219,0.09475617,0.09501792,0.09701318,0.14240311,0.24317577,-3.0958197,1.8799279,-4.2289414,2.816957,3.9933078,3.116599,-5.9604235,5.201589,-9.071277,11.280596,-10.235775,3.8051167,-6.298533,5.722251,-4.261905,6.341786,-38.172436,10.559842,-8.98295,22.911655
3495857638095200122,150.2059155979721,1.7562553793956572,92,79,220,249,233,0.10196892,0.12596788,0.13055025,0.1802413,0.4249468,0.47889256,1.9532424,1.4947323,2.7910454,1.8632078,3.0779295,2.0373852,4.974527,18.237669,10.261837,0.029891225,3.963686,1.3571908,5.678871,2.8620145,6.253054,10.789731,10.109285,11.652827,20.848352
3495862036141712287,150.080562047406,1.7513487240249341,87,82,221,240,235,0.04286956,0.07335953,0.078469224,0.085938066,0.063225135,-0.24445745,1.8571744,-0.096930236,2.6287231,2.0970263,2.9587538,9.788008,4.9984,-2.314774,10.22566,0.47826967,3.7812138,-0.81127405,5.339132,0.1791391,6.0120664,-4.1267924,10.154243,16.726955,20.753983
3495866434188222998,149.93843070470314,1.6204444835898468,100,86,226,257,239,0.062328625,0.093526736,0.13368516,0.2623584,0.37997973,-2.0896294,1.8259485,1.982619,2.6794486,-0.93126607,3.106658,4.637198,5.105419,9.920818,11.005922,-6.643393,3.722352,-0.98796684,5.446369,-9.734423,6.285349,20.897026,10.357599,2.002519,22.351986
3495870832234735648,149.6000133629806,1.6033343031536664,43,34,71,93,92,0.11879703,0.15377977,0.16213249,0.21389273,0.4148188,5.119485,2.7006645,9.249218,4.5697975,2.3546934,5.1398954,8.813973,8.413545,4.780193,16.687975,14.388814,5.489982,20.685314,9.292628,6.3830843,10.450433,40.661423,17.099482,76.798195,33.88982
3495870832234735674,149.5936609988485,1.617451253582689,46,41,83,106,94,0.049290862,0.054399326,0.041624404,0.08987301,0.20836437,1.0360599,2.7178855,-7.096464,4.346636,6.7769766,5.003429,-15.313651,8.546286,-8.579391,16.92703,-1.7009325,5.4877987,-5.24492,8.722169,-2.631264,10.118415,12.8519945,17.173805,-82.12995,34.045467
3495870832234735678,149.61187932740876,1.5797757433379072,41,35,65,87,81,0.07740775,0.08930086,0.12850042,0.12414208,0.2954546,9.197565,2.8592722,-2.6661084,4.432796,4.6437116,5.3159933,-1.4170053,8.680798,-6.922294,17.102257,7.2813087,5.806276,-11.768328,8.959436,-3.9830081,10.781616,22.07937,17.631937,-25.39045,34.762997
3495875230281246657,149.49016155260378,1.7429910884479098,60,58,134,165,153,0.08862998,0.12795268,0.18611789,0.28068694,0.28537214,-4.861782,2.6254768,-1.996923,3.5479002,-7.9510074,4.2586746,-9.917157,7.011341,22.951906,14.408447,-18.248808,5.3213735,-12.385257,7.2144084,-28.101389,8.63187,-52.073517,14.262045,-17.712294,29.182106
3495875230281246661,149.49913363630708,1.723724439885503,61,59,132,162,151,0.026659809,0.04875832,0.049297296,0.053227987,-0.09341368,-2.5849197,2.4882832,-3.1974633,3.5581279,2.0070305,4.3596973,-5.0144887,7.11213,5.871033,14.840598,-2.5780768,5.0552588,-0.0031295288,7.1997013,-0.55693156,8.8346,-14.954768,14.435143,16.395462,30.151533
3495875230281246663,149.40985150874545,1.7044175588872612,42,41,76,99,92,0.070804015,0.09876491,0.065003395,0.15766837,0.2200455,2.5133333,3.1433322,-4.4135895,4.652141,5.324527,5.6981606,12.301084,9.552139,-13.388211,18.713942,-1.627203,6.4063106,-13.612791,9.405915,11.011806,11.581328,4.5922337,19.393087,-27.733912,37.984306
3495875230281246664,149.45751919360967,1.5960525098800533,32,26,52,56,56,0.03186963,0.06756827,0.060870573,0.14454108,-0.1640979,-3.804484,3.3517053,-6.5371594,5.202483,-5.195435,6.142671,-9.973356,10.972505,-31.230349,21.956226,-12.754192,6.804874,-11.578475,10.5280075,-15.172712,12.538596,-41.35389,22.253128,-31.95986,44.741062
3495875230281246667,149.51260131253377,1.5816092720205759,37,27,53,59,59,0.077257894,0.1154937,0.20417364,0.28316057,0.39244524,-2.501884,3.0107214,-4.3023357,5.0196857,-1.2763246,5.9656725,-19.760157,10.19823,5.1394873,21.328768,-15.64704,6.109556,-4.101187,10.197662,-5.415248,12.151759,1.6403432,20.641703,18.435713,43.27407
3495875230281246668,149.4411330587206,1.6032778890193164,32,27,52,58,55,0.022338055,0.08828061,0.080183,0.17054237,0.15895972,3.9433882,3.2409496,-0.82320374,5.1073117,-7.2777133,6.045321,-3.009821,10.428584,-17.889439,22.213383,3.1793718,6.5860777,5.1838007,10.402478,-9.563003,12.285192,-19.013296,21.170134,-32.43015,44.88795
3495875230281246674,149.57507362494735,1.5872659386373176,39,32,66,79,75,0.07552154,0.09159314,0.098813534,0.004395398,0.20042256,4.1185102,2.7675009,-0.5737394,4.7027497,5.5704417,5.273814,-9.673189,8.993422,16.997486,17.792727,5.846674,5.5564394,-12.154642,9.444862,12.423085,10.601068,-14.143714,18.069283,57.622032,35.74392
3495875230281246686,149.56687051911774,1.60976233227394,40,33,74,90,84,0.08407994,0.122876525,0.14592297,0.15723306,0.21684882,4.0641913,2.724821,-3.5801833,4.50241,-13.021813,5.1910815,5.303708,8.645733,-12.355461,17.407406,-6.256903,5.5269,0.37992314,9.152264,-25.448065,10.543066,11.340722,17.557274,-49.18417,35.357956
3495875230281246693,149.44488148849555,1.5765453346548095,31,24,46,52,47,0.05780601,0.06178495,0.06011385,0.20799144,0.2147449,3.4130445,3.313971,-0.54455066,5.0776153,0.010603105,6.1685796,17.682716,10.870855,-19.47967,22.83941,-4.2719164,6.732214,-1.1892716,10.316887,-3.6442158,12.530513,15.120746,22.114353,-102.07895,46.39577
3495875230281246714,149.41696676944764,1.5853523245701666,32,25,43,48,42,0.023284923,0.023968065,0.068452366,0.07288111,0.120208584,4.7162237,3.1927004,4.848729,5.212749,11.250868,5.9983335,1.2968677,10.471998,29.076738,22.150063,4.2898655,6.4843245,4.8943286,10.628442,32.609406,12.187092,-10.334101,21.266108,-29.430996,45.058727
3495875230281246724,149.42144427458902,1.5906728927131406,31,26,44,52,44,0.05329006,0.06666569,0.030911107,0.18503964,0.09168719,-5.0763936,3.3206666,-4.004223,5.017401,-4.7874103,5.9771957,-18.522804,10.624766,6.083112,21.91823,-4.6231294,6.741292,3.3799934,10.193158,-16.71449,12.130874,19.494434,21.583923,10.9869995,44.419724
3495875230281246725,149.4690043751087,1.6774272724486774,47,48,89,119,101,0.030816132,0.040990364,0.119980715,0.09844048,-0.0042097354,2.7893505,2.8969784,4.291061,4.2569833,1.02259,5.226419,9.237895,8.485687,-5.60332,17.836922,4.1617813,5.892809,-0.45221,8.610713,18.30389,10.662123,5.6968436,17.19284,-44.74518,36.162933
3495879628327759272,151.05034792788845,1.8608344123268252,30,26,39,46,29,0.09912208,0.108925894,0.15775414,0.09782393,0.18189761,-2.824835,3.623464,7.4044647,5.41298,-11.109237,6.5229754,0.8260424,11.274803,-19.294867,28.503088,7.0852814,7.375614,15.273597,10.998739,-9.176369,13.224023,3.9288602,22.821321,-93.74073,57.82943
3495879628327759273,151.07409916947992,1.9114187680066321,23,23,41,41,29,0.10779498,0.15998633,0.15767775,0.169326,0.23991443,7.3065166,4.031162,6.617648,5.997045,-2.0338347,7.019654,-2.2812815,11.776082,8.606512,30.604765,15.527174,8.103685,10.541004,12.054511,-23.668175,14.0980015,-36.50187,23.677666,35.63441,61.58803
3495879628327759274,151.0146854982565,1.954778855662096,38,32,64,66,59,0.08728269,0.06409265,0.116869465,-0.052442156,0.24052553,1.3531415,3.3771381,-7.664539,5.211168,-4.5309677,6.1479855,-18.495289,10.667412,5.8991327,23.442686,7.537818,6.8655915,-3.1220422,10.57412,-23.702162,12.520095,-51.566845,21.61303,65.916794,47.7496
3495879628327759280,151.0191163316852,1.8576754197042917,30,25,43,50,35,0.011494492,-0.011246733,-0.06811802,-0.0875468,-0.24013981,-4.4808207,3.3839722,1.4234623,5.5519857,2.343872,6.668709,6.7469707,11.033312,21.037643,28.979544,-7.336053,6.8714366,-5.580814,11.284831,-1.6164743,13.603135,32.068775,22.478289,77.93986,58.560963
3495879628327759281,150.95956006936171,1.8793511890646064,41,36,81,79,76,0.05198443,0.07543886,0.06624141,0.041436415,0.2278533,6.854713,3.067479,-2.0238812,4.610144,1.9805593,5.282516,0.8142601,9.53542,7.1092434,19.575672,9.528029,6.2363214,-13.920309,9.396115,3.5059118,10.678571,17.735247,19.356182,36.38054,39.609238
3495879628327759291,151.00492212012912,1.7613285236003016,30,25,43,44,34,0.061462525,0.027253428,0.08603921,-0.06482196,0.16379233,2.8178844,3.3300812,-8.888563,5.1301537,-5.2836165,6.5535836,6.717508,10.615921,32.88761,27.95054,10.849203,6.749272,-19.199259,10.409907,9.80361,13.297287,-30.157429,21.537714,75.32464,56.75673
3495879628327759297,151.00042643027328,1.8593251871342626,33,29,53,54,50,0.022861185,0.019660866,0.045450214,0.13157545,0.10896802,-3.848915,3.5274997,7.4694057,5.2569485,3.9750757,6.576428,28.013184,10.9257765,6.485851,27.654247,6.8641996,7.0948067,1.727628,10.586154,-3.7206552,13.213029,49.623478,21.894054,6.133827,55.69206
3495879628327759298,151.07193601700268,1.8158912200621928,26,22,35,39,24,0.06926918,0.13037835,0.21255407,0.22674301,0.31363863,-4.533222,3.331534,8.723254,5.6758256,5.0581183,6.583876,-9.041182,11.4102,60.989086,31.597424,1.4545826,6.775301,14.785771,11.596982,14.812121,13.3829155,-13.073908,23.114605,171.96832,63.838417
3495879628327759299,151.06004872366245,1.8447789522940836,30,24,36,45,27,0.11846752,0.11622459,0.100032195,0.10729115,0.22028376,4.189826,3.5314126,-8.190501,5.758235,-13.795458,6.8489256,4.0120063,11.285241,-61.16327,31.009804,5.6591907,7.163147,-24.273829,11.641647,-6.427447,13.960108,26.743128,22.95326,11.333811,62.986732
3495879628327759302,151.06601901146277,1.8520065493775808,27,23,34,41,28,0.01983791,0.023242524,-0.008493639,-0.14717552,0.015422739,-3.4938045,3.329148,8.856807,5.880988,8.971883,6.9989486,8.662587,11.625676,-38.78386,29.676239,0.99189085,6.7755527,4.817516,11.817258,32.19334,14.103946,19.893469,23.523766,-84.39443,60.04398
3495879628327759304,150.98265596147496,1.8544713470773146,33,31,66,68,60,0.024240792,0.04715916,0.02959755,-0.077577546,0.28319243,2.9736123,3.4551456,0.72899634,5.1876364,1.0989672,5.96493,-8.752665,10.232206,50.184216,23.732304,2.9604862,7.0223613,9.088141,10.563116,-0.35552946,12.189958,14.256502,20.894596,8.10205,48.257133
3495879628327759305,151.0153989526652,1.8905728130451185,31,28,51,55,44,0.08986245,0.13704678,0.20723978,0.22126567,0.47286808,1.6494864,3.5747132,18.742424,5.508667,9.495147,6.47513,1.2803283,10.960187,-5.268607,27.527632,3.8399098,7.2599583,23.914158,11.1973295,1.0103346,13.127323,4.9241347,22.322727,32.740585,56.087387
3495879628327759309,151.0570689773377,1.858964941931656,29,25,37,45,28,0.06906917,0.086014554,0.08731357,0.0023240575,0.04098086,5.315583,3.7451193,8.322172,5.786318,7.2808585,7.223312,23.077387,11.5720415,-22.480179,31.834215,6.6048613,7.6902833,11.160519,11.747699,8.314912,14.717131,6.307335,23.3983,-103.898705,64.70928
3495879628327759320,151.0202057745739,1.798789868236046,28,24,35,45,27,0.06737958,0.062898934,-0.002508209,0.09247029,-0.03677225,3.0248647,3.3923368,4.9250126,5.8358917,0.025545264,6.677452,-8.569766,10.992334,-24.541258,28.43182,24.620668,6.8936896,5.572473,11.773494,26.145319,13.56185,5.400717,22.334604,-57.358387,58.157284
3495879628327759323,150.90563606370227,1.8710665112395282,50,41,106,103,101,0.094091006,0.102797955,0.13783209,0.12554283,0.28655168,2.14948,2.6221,5.0645204,4.4737353,1.1653502,4.5867414,-2.2892792,8.286437,27.290527,17.127478,7.355837,5.3224826,26.849575,9.097859,5.2677402,9.31498,16.870554,16.842665,4.800217,34.583225
3495879628327759324,151.02461468867006,1.836476125256671,29,26,42,50,31,0.08976571,0.11392135,0.26359642,0.14427817,0.20460062,-2.107833,3.522047,7.7654185,5.5952597,11.964513,6.573671,11.974965,11.113397,16.676691,28.80816,1.1089123,7.1071434,19.881058,11.292323,30.00117,13.266822,-2.7647378,22.342907,82.24525,58.207504
3495879628327759325,151.01283781878877,1.9448910286454915,35,31,65,66,61,0.07535755,0.10152466,0.10971552,0.2206145,0.47630978,1.8885401,3.3227837,7.9044714,5.1334214,1.8378059,5.7896695,-3.9254308,10.537661,29.783928,22.370337,1.1567075,6.7290773,14.834273,10.336076,-6.4438314,11.681191,-25.017923,21.161757,34.97818,44.90861
3495879628327759328,151.06339984412708,1.9111748448851147,26,21,38,41,29,0.06354725,0.08507086,0.041665163,0.067782596,0.15648484,1.6441803,4.175353,11.132419,6.211762,16.758223,7.453163,-0.73456705,12.204011,4.5270724,31.68011,14.360478,8.481438,13.168296,12.598222,58.168198,15.096858,11.306045,24.761946,-17.775232,64.05515
3495879628327759336,150.9034109495161,1.9063904395884943,55,48,115,118,109,0.10269484,0.11305917,0.12118962,0.1270214,0.41836286,-3.6260712,2.797729,2.960272,3.865731,3.1053448,4.4642005,-4.013016,7.9207497,0.5959838,16.341536,-15.820306,5.6806397,-5.3326206,7.833188,-2.4763703,9.0568495,0.35411417,16.058956,23.26119,33.21001
3495879628327759339,150.98669901040307,1.7618415327833972,30,26,47,47,39,0.07817223,0.076087035,0.17704384,0.16043423,0.60248625,-5.059819,3.3336968,1.4387901,5.2949286,23.075512,6.4739985,-1.4982036,10.803581,-14.108354,28.393623,4.4955125,6.7104106,5.120975,10.691034,40.22561,12.979745,16.51164,21.663267,-6.889416,57.09498
3495879628327759348,151.0626118554215,1.8370322557071732,28,22,34,42,25,0.06729195,0.06148896,0.028384415,0.043363884,0.292755,6.6949825,3.4710388,5.03705,5.6499257,-2.2901506,6.912878,-8.14013,11.809506,8.021063,29.217653,19.798773,7.0385656,10.012277,11.522159,-2.377315,14.031274,-43.92126,23.9842,67.98514,59.357426
3495879628327759350,150.99721313637943,1.930989369973234,35,32,69,70,67,0.06814322,0.027206402,-0.0262357,-0.18056776,0.22422764,-1.3789961,3.465049,-9.032199,5.3230543,-11.606542,5.6824627,-16.244862,10.204752,13.809065,21.562262,-6.0002594,7.033075,-12.325073,10.836746,-11.407992,11.535748,-14.849399,20.717098,-11.752691,43.72935
3495884026374270273,150.8569047978755,1.889935654283274,64,54,140,157,143,0.039527576,0.028369188,-0.029776778,-0.11362649,0.042231895,-1.2839539,2.3495345,-0.05611809,3.7625775,-11.333933,3.9580777,8.099317,7.2616897,-0.79905635,14.604043,-2.807373,4.779803,-9.7706785,7.667419,-43.228603,8.0420065,7.130989,14.726947,-8.040859,29.64128
3495884026374270288,150.90180792061062,1.766033581273591,45,37,82,82,82,0.032367203,-0.038974613,-0.08986059,-0.113484025,-0.024825308,-0.58943874,3.3046622,-4.148734,4.465554,-9.091405,5.7254825,-1.8155903,9.645147,28.993599,19.31104,-0.50520766,6.7460103,6.78046,9.075748,-2.991323,11.653064,-15.637815,19.648193,36.518364,39.325443
3495884026374270304,150.8900115565727,1.7981403713104311,50,40,102,101,95,0.04215131,0.020485343,0.08402808,0.098556206,0.0616216,-3.0693417,2.7522619,1.1870093,4.3995395,-2.579023,4.948415,7.909709,8.82525,-52.606705,17.490997,-7.09159,5.5908723,11.030791,8.948245,11.034162,10.045118,53.82262,17.92552,-72.45804,35.644722
3495884026374270312,150.9030035668035,1.8302852903137528,50,39,93,103,94,0.054106273,0.08128452,0.12609155,0.1061914,0.1653416,-2.7050028,2.8602302,-4.8639216,4.7713203,-9.740335,5.136725,-7.185562,8.719457,-22.520927,18.83408,-2.7050667,5.821727,-12.701059,9.689223,-27.361143,10.448007,-51.37863,17.760715,-20.347214,38.19047
3495892822467290345,150.3948687923967,1.868990317047877,92,84,219,248,240,0.07118524,0.0890986,0.106659606,0.12591775,0.27886128,-1.2764343,1.8270779,3.3401477,2.4894989,-0.59904534,2.9411092,-6.57284,4.832211,14.402486,9.988122,-4.298324,3.7008455,-8.152182,5.0786333,3.4753919,5.9862056,0.5034757,9.807401,40.654972,20.29971
3495892822467290370,150.34108371305123,1.9040393398291398,93,78,216,247,235,0.1355368,0.17749138,0.26244423,0.34269825,0.5929527,-1.3939288,1.7486143,0.049785994,2.6038032,1.1625704,2.9715426,8.677234,4.801567,4.384866,10.124077,-1.0925616,3.5572762,-1.0733813,5.2862325,6.800021,6.0303264,20.476114,9.76218,16.14704,20.56949
3495897220513801125,150.1724400540622,1.7758530177378518,88,82,220,246,235,0.009662291,-0.07467748,-0.114443,-0.16089109,-0.18753122,-3.8595498,1.9027214,-8.789295,2.6115294,-6.9058375,2.9815507,-8.052395,4.91899,-4.7221093,10.312875,-11.9276495,3.866475,-23.641417,5.3106313,-33.906483,6.052096,-25.501797,10.000504,-33.198734,20.933409
3495901618560312855,150.0145677211197,1.9192388060088712,92,80,226,254,241,0.0659196,0.097002245,0.10286922,0.15029837,0.22817297,0.06152733,1.7300079,-2.2621148,2.5258741,-3.1334178,2.8762946,-3.1153479,4.7140603,-0.80024076,9.634801,-6.650855,3.5072136,-11.4719305,5.133913,-2.8972032,5.83513,5.054821,9.57873,-14.098912,19.582272
3495901618560312869,150.05229855929542,1.8884447205881354,84,78,225,246,239,0.09412262,0.12315054,0.15481663,0.21513794,0.3102965,0.6546209,1.8602697,-6.0341253,2.575133,4.1298666,2.8670676,-0.5332795,4.7726126,-8.240333,10.048745,-0.5728391,3.7758815,3.2674353,5.2269735,17.844156,5.8235354,-5.867736,9.684192,4.8261604,20.437323
3495901618560312870,150.12554773780803,1.801730321134258,94,85,222,246,243,0.03824739,0.062472627,0.058707908,0.084211834,0.15074494,-0.28037423,1.7569596,-1.3326311,2.5522194,5.3466706,2.9232695,-3.0476756,4.803336,1.2061985,9.9708395,-5.8025513,3.5290017,-4.4251137,5.129985,4.2816577,5.8694563,-12.151168,9.642275,1.9336061,20.026419
3495901618560312887,150.00121902128916,1.8892781885460557,79,74,218,240,239,0.08762417,0.09076244,0.13564925,0.16775754,0.26845792,3.675963,1.9881563,-1.3196138,2.5763748,-3.21574,2.9510267,-1.7924427,4.8613696,11.537843,9.901053,7.002817,4.0575747,-4.960237,5.231106,-2.2174566,5.989514,-7.451529,9.872691,-29.060913,20.11904
3495906016606823834,149.87636956999398,1.8289340698131482,88,80,215,242,236,0.10890782,0.16216087,0.15757544,0.19584705,0.35754344,-0.8621836,1.9292519,6.498701,2.6082702,6.152421,2.9856303,-1.4877307,5.0123663,-11.92235,10.238867,5.0571823,3.877173,13.402199,5.2360296,15.832012,5.9958787,-6.66276,10.084189,-11.634951,20.55528
3495910414653334634,149.61865495240787,1.8892284878051233,92,81,217,243,240,0.082107164,0.1123328,0.12878346,0.20403264,0.30375046,2.246063,1.960364,5.5697017,2.7505054,-1.906835,3.074766,-1.070318,5.148773,22.229563,10.509597,5.315074,3.9805105,6.0063095,5.560458,-6.3987594,6.246797,-8.088165,10.452358,23.903143,21.351635
3495910414653334678,149.70443503250462,1.842408094752088,91,79,212,245,235,0.10498046,0.15432963,0.18332207,0.24854456,0.37579668,-2.1737292,2.017568,0.6773811,2.72826,2.3808699,3.1119883,-1.6177192,5.1199756,2.9061198,10.408331,4.343069,4.0884347,1.4275821,5.535391,6.78084,6.314249,9.942865,10.399962,-0.4300334,21.145498
3495914812699845088,149.54647766975404,1.8942403152540261,83,79,206,234,227,0.07953897,0.07722778,0.08576297,0.12413875,0.20409098,0.38662314,2.0634148,-0.013167042,2.9151998,-1.250729,3.2746158,0.5673701,5.4682803,1.4251218,10.94771,2.4947846,4.1866913,8.8309765,5.9016643,4.506924,6.653972,12.06267,11.0879545,-15.432802,22.216751
3495914812699845096,149.5955271252636,1.793928846777446,78,74,188,220,217,0.075576216,0.0953263,0.11508857,0.13393408,0.11209806,0.47290617,2.1285906,-0.8786392,2.9469376,2.38151,3.4658718,3.7300427,5.617876,-8.422876,11.733593,1.833547,4.2758985,5.9726577,5.91661,-5.5080123,6.9816723,10.607363,11.287404,-41.116272,23.634146
3495914812699845109,149.51301548947566,1.7802345789450555,72,65,156,197,183,0.061588753,0.09782786,0.14675902,0.17073227,0.2913811,-0.21292919,2.5153859,-0.27032337,3.410264,-4.2886252,4.046358,-8.311285,6.5088177,-10.947133,13.2991905,-3.3483164,5.0916033,-7.6985874,6.9317966,-15.812221,8.202039,-11.486908,13.179101,-27.240513,27.028286
3495914812699845124,149.49851432931948,1.839860426465337,76,76,180,214,190,0.031154467,0.10903098,0.12392882,0.20753238,0.21257359,0.4875317,2.2552483,0.19526078,3.2391071,2.129349,3.7737808,10.148317,6.132907,11.948878,12.80892,-2.562992,4.604,6.8899484,6.5961227,9.335128,7.6673803,28.546198,12.418903,26.640493,26.01336
3495919210746358591,151.0696941552059,1.9807429743902703,32,26,49,53,39,0.054575395,0.14490938,0.15108165,0.17087892,0.43907672,1.6738942,3.8499517,6.6980805,5.9570203,-8.816933,7.0641594,-27.94245,11.950219,-8.149698,31.336378,-0.4363708,7.8252873,16.09417,12.082369,-34.53576,14.342991,-34.712902,24.284113,-0.7578786,63.509335
3495919210746358593,151.02800571181012,1.9831428405101836,42,29,62,65,47,0.053101692,0.090497084,0.09776182,0.15351753,0.2504063,2.3639054,3.4227567,0.8486864,5.597497,17.37763,6.1902876,15.997667,10.965403,40.936195,25.432182,7.868323,6.955262,10.414914,11.324222,21.402851,12.618582,49.00402,22.379532,193.3963,51.68115
3495919210746358596,151.04889897632253,2.0289076984534917,37,28,54,59,40,0.02482613,0.04767979,0.06786315,0.04388224,0.01477465,-2.2745845,3.1475492,-5.769747,5.559195,-15.85666,6.42741,-5.594129,11.109858,17.192152,26.490383,1.8441954,6.3875513,-5.66092,11.316535,-22.695467,12.987802,-15.384674,22.551033,51.054462,53.998005
3495919210746358597,150.90599650793322,2.0506237461830206,63,52,141,151,129,0.10495721,0.18398114,0.22519027,0.31112283,0.48293164,-4.1719356,2.3272336,3.5835588,3.8073375,2.7662113,3.9717877,8.9692745,7.0126996,3.4219973,15.170848,-1.689127,4.733636,19.011948,7.722954,27.796988,8.076729,38.787384,14.237023,-2.2925384,30.900637
3495919210746358602,151.02657927764034,2.112417472876478,40,27,60,65,47,0.11785887,0.118982784,0.029814424,-0.00589436,0.17222114,1.7354674,3.2155032,6.6063895,5.8887997,0.24197419,6.051559,13.614408,10.457669,-36.6305,24.906464,0.571893,6.454972,20.211327,11.793642,4.0107613,12.20095,9.452584,21.111761,-51.850063,50.33765
3495919210746358621,150.99302128481364,1.9502624224729501,43,34,76,78,75,0.04564863,0.056790903,0.028001329,0.05919975,0.22356197,-3.4865248,3.3661735,1.0807855,5.2677298,-3.6399152,5.7940364,-15.880598,10.412724,28.900045,20.973372,-7.0942955,6.8502445,-16.562979,10.695984,-15.204152,11.770817,-24.255747,21.088749,-35.840412,42.52762
3495919210746358635,150.9659101156706,2.0728094167654434,51,40,103,99,93,0.00812136,-0.016946066,0.0005306721,-0.10614572,-0.30942735,-1.1086819,2.632156,-6.944603,4.3308554,-11.651326,4.5464497,-1.1970327,8.607236,14.654967,17.453121,-10.2561455,5.359239,-29.98475,8.821079,-27.406927,9.223451,-31.17959,17.508945,0.8215941,35.415535
3495919210746358641,151.00911695059042,2.123327781132217,43,30,69,68,66,0.07236482,0.10053963,0.071465686,0.16205026,0.08999729,2.4133937,2.83513,0.89686495,5.3148847,2.3825364,5.660861,-6.474593,10.068613,2.8830538,21.259567,7.4239388,5.732357,10.512604,10.728922,8.789654,11.403351,-57.267094,20.293066,-19.525679,42.979485
3495919210746358648,151.0834603950645,1.9707973485105161,30,25,45,44,34,0.08995327,0.15229411,0.092315435,0.08896523,0.14118963,3.2707686,3.7305927,10.786198,6.263165,-1.7421476,6.999067,-16.451496,12.029032,31.392925,30.478264,4.595926,7.590928,-2.7287312,12.700442,-12.943572,14.277315,-3.4574056,24.388592,66.93943,62.102425
3495919210746358651,151.07158970542403,2.0310427345116735,32,25,51,55,36,0.059504572,0.07772315,0.06375147,0.18955894,0.12173739,1.0237362,3.483945,3.2858233,6.1038065,7.7874737,6.7856803,0.5625591,11.891781,-7.2390456,31.419912,-4.4910245,7.086695,13.355671,12.450431,-5.171432,13.784178,-5.6186485,24.121162,-97.97465,63.82799
3495919210746358653,151.03360654912015,1.9804804935241584,39,29,60,65,48,0.072316825,0.12121258,0.07531234,0.12455424,0.366387,1.6785095,3.3149943,2.3713078,5.2126994,-5.3408704,6.120185,6.0494924,10.898025,32.32622,24.648512,4.0742545,6.729366,4.047998,10.601754,-1.6224959,12.448571,21.26158,22.20128,88.77421,50.32212
3495919210746358656,151.0603939897838,1.9627830600554699,33,27,45,50,38,0.052340128,0.12342356,0.16540284,0.20265909,0.35575742,4.834407,3.73073,1.2795762,5.7932286,4.6627088,7.2815266,-11.131876,12.304833,36.55389,31.298248,17.76471,7.593765,6.149232,11.839932,14.699629,14.848862,12.274002,25.022432,125.29031,63.659466
3495923608792868352,150.87184338413064,1.997907887245863,72,61,167,183,161,0.0698105,0.0894588,0.17376854,0.1870237,0.33140483,1.5763302,2.2002685,7.2172256,3.409298,14.546517,3.6165936,19.051434,6.471375,5.6217527,13.936696,11.750014,4.4849596,17.23993,6.8946443,44.463856,7.3390484,55.732407,13.124649,14.569844,28.30148
3495923608792868381,150.8116527113718,2.099610321937378,84,71,192,214,198,0.32980958,0.2712149,0.22458678,0.23972026,0.37859726,3.101963,1.9874089,-0.8511953,3.110433,-5.672176,3.302533,-9.972515,5.6278725,-9.622641,12.091346,19.721146,4.0388947,8.140896,6.3216834,14.640393,6.7106133,29.12767,11.462843,-0.5876061,24.562544
3495928006839379284,150.57654156025575,2.091510867983724,88,78,214,236,232,0.05870556,0.04588496,0.10331481,0.15586507,0.1731387,0.20053613,1.8736876,-6.8452444,2.626083,-2.8490086,2.919288,-0.42337632,4.9516044,8.641059,10.216413,-0.86543924,3.8022738,-4.535855,5.337009,4.153184,5.935854,10.108697,10.069683,-7.189113,20.695162
3495928006839379300,150.5753964133145,1.9817541967038665,86,77,206,238,229,0.058426607,0.05779102,0.06230625,0.09363429,0.3057774,2.1977065,1.8171948,0.45429268,2.632406,-1.6520697,2.9532871,0.44789657,4.987761,3.3013415,10.352602,4.4315844,3.6950805,-2.8061984,5.342795,4.2456183,6.000598,-21.880049,10.140081,-9.368933,21.04052
3495936802932401347,150.2901455529857,1.9874325609500423,73,71,214,229,223,0.09265062,0.1111244,0.13798958,0.15593265,0.25113496,1.0102887,1.9541584,-0.18212135,2.7002428,1.0215098,2.9537652,7.1707754,4.9820037,-3.9934309,10.341841,-0.68128675,3.9741545,-1.3895472,5.4717326,-0.518482,6.0050015,7.7887692,10.135552,-44.514923,20.989262
3495936802932401359,150.23144991249637,2.06531867180635,76,68,208,229,229,0.050703004,0.06921256,0.055238936,0.05053498,0.17908317,-0.19464456,1.8345537,-1.1251839,2.6093976,0.62180877,2.9770195,0.5937913,4.879431,3.9801438,9.992389,-4.8848295,3.723342,-5.213638,5.3065968,-1.5202953,6.0436025,-6.756497,9.911512,-1.284428,20.276695
3495936802932401361,150.205486820704,2.0540716283852203,77,64,201,224,217,0.12292164,0.13119715,0.1821144,0.17946887,0.3051022,0.33823726,1.8559238,-1.4944034,2.730913,-6.4623313,3.164874,-3.4040616,5.046619,-16.908325,10.690675,6.218432,3.77531,-6.9238935,5.527103,-5.1055026,6.4329658,-12.152074,10.251994,-29.765327,21.72618
3495941200978912729,149.9855536058526,2.0537328931017,83,70,216,239,234,0.058270585,0.08114981,0.08368679,0.07550931,0.21705046,1.8252945,1.7429848,4.421248,2.6197937,10.625147,3.0040865,5.0460687,4.83819,8.870308,10.072156,-0.99423367,3.5133133,-0.49617046,5.2911153,22.868412,6.0400867,7.8031816,9.755716,36.71837,20.307665
3495941200978912733,150.08543177886082,2.0441240777085596,83,68,219,240,227,0.08392555,0.09793971,0.12880138,0.14464773,0.277243,1.2906694,1.7577378,-0.71121246,2.5525765,-0.93277127,2.838836,-0.11325378,4.8582463,1.4912678,9.894846,3.0267434,3.566071,-3.2448606,5.1848526,-1.34992,5.7659717,-3.737968,9.859507,17.532978,20.076971
3495941200978912740,150.05951680479038,2.0352547292119145,82,67,215,238,235,0.09480959,0.12713918,0.16638838,0.1546146,0.38749054,-3.3979461,1.7312635,-1.7057264,2.6598976,-1.5853155,2.8745582,-4.595235,4.716023,-1.4211205,9.584769,-5.4731703,3.5118215,-9.838767,5.405498,-1.5649551,5.8306894,-0.35384697,9.591676,-23.946257,19.483994
3495941200978912744,150.02290847090072,2.0304434693825284,77,69,213,235,230,0.018291973,-0.039754104,-0.06157298,-0.10487146,0.09769482,-6.226392,1.7456793,-4.924088,2.6280053,-9.830021,2.8266163,-2.619448,4.789002,-18.536774,9.785563,-19.173023,3.5432315,-29.307108,5.3489656,-47.535244,5.738021,-48.548183,9.740625,-26.875486,19.875536
3495941200978912746,149.98060898230818,1.9972578736250512,89,72,224,249,238,-0.057380673,-0.101242445,-0.07362302,-0.063358575,-0.21075375,-3.183558,1.7059056,-1.4463173,2.6096866,2.175281,2.8641098,-10.694964,4.736245,-12.075984,9.79299,-10.836135,3.4585373,-13.283444,5.300377,2.2301686,5.8201957,-26.3163,9.621566,-42.492058,19.886396
3495941200978912755,149.9760395394462,1.961931538182361,89,75,224,249,239,0.051991522,0.055266295,0.074101746,0.07015902,0.14495839,-0.8666781,1.6959484,-1.323,2.5690353,6.3148828,2.775487,-6.773425,4.6790037,6.069793,9.521681,-1.671781,3.4458349,-8.537084,5.2226896,19.502129,5.6360893,3.8181343,9.505273,9.003049,19.312859
3495941200978912766,150.0255092016009,2.076520393472461,83,68,212,236,229,0.04891358,0.041113734,0.06003323,0.04935287,0.15757452,-1.7396852,1.6998392,3.587634,2.5777242,3.20276,2.873679,-3.3410513,4.6971107,-0.6077129,9.607379,5.7895193,3.4286685,14.592312,5.1759133,1.2606288,5.772517,0.2423271,9.443617,3.7021635,19.329731
3495949997071934918,149.77097139541618,2.037247687736369,91,82,215,249,235,0.11868623,0.13870482,0.18658012,0.24580635,0.46694997,1.4923042,1.9099401,-2.5279393,2.6467252,6.508988,3.0223424,-2.4591153,5.0585227,17.171644,10.39862,2.992371,3.8475478,-15.802222,5.3408284,-0.047670554,6.0901194,-9.774529,10.191441,15.722918,20.99915
3495949997071934922,149.7436361531368,1.9705370154964044,93,85,218,247,243,0.05903834,0.105140924,0.14774142,0.1477475,0.39883378,-0.30498433,1.8962681,-4.0480075,2.6488252,1.7610173,3.042176,-2.3299396,4.9826217,5.813924,10.181426,-5.1321273,3.811361,-12.294112,5.31423,-1.3328909,6.0967693,-15.026628,10.018701,8.042821,20.468964
3495954395118445382,149.48286652896616,2.0376041818014197,84,80,210,243,217,0.070843525,0.13677414,0.17061284,0.18419431,0.30288273,-2.9645936,2.1073225,5.2323103,2.8652437,-4.6914673,3.2707717,-4.072701,5.4295125,3.565116,11.391799,-0.8986751,4.2721334,5.4899907,5.8136015,-13.996982,6.647149,0.7925817,11.045765,-20.413927,23.130857
3495958793164958303,151.07035400836585,2.3258988393870603,33,22,52,60,40,0.08401634,0.054809388,0.019855484,0.093544535,-0.02097561,-4.453706,3.2495084,-17.10505,6.347803,0.3052276,6.4128747,-22.832243,10.835523,37.63108,25.924429,-13.612214,6.5630803,-25.095537,12.902309,-28.411669,13.11909,-5.69206,22.035593,24.261076,52.93121
3495958793164958306,150.98985413099132,2.150118241914383,42,32,83,75,77,-0.008003129,0.110963054,-0.003352224,-0.03763154,0.0747382,-1.7376012,2.8406627,1.6111933,4.993176,-9.267205,5.0121527,-11.186054,9.52435,10.793954,18.609226,-3.7218933,5.7638907,28.04945,10.171927,-23.091139,10.200392,-21.987932,19.298874,18.867289,37.783024
3495958793164958308,151.05389781913138,2.205473623056925,31,20,41,48,27,0.046645988,0.043917716,0.020839991,0.001281308,-0.20417555,-3.5565012,3.241397,-2.7973568,7.161124,0.08496022,7.437233,7.031339,12.555159,-18.278402,33.423374,-14.4577465,6.5463877,-18.612137,14.50726,-1.4521691,14.984789,-0.6295483,25.41996,-29.608334,67.64361
3495958793164958310,151.06586051861038,2.3066301146360946,35,22,51,56,38,0.047342032,0.079546034,0.094515085,0.041697156,0.28766686,0.35121992,3.0310874,-5.015695,6.911027,-14.459925,6.412908,-0.22900307,11.039886,-14.285377,27.023457,-9.99056,6.157189,-18.667225,14.04825,-3.9609962,13.060066,3.4546359,22.423246,-22.959211,55.11466
3495958793164958311,150.97049002515135,2.1766320478286296,45,35,92,86,86,0.04407586,0.08306407,0.091561675,0.12882955,0.24659514,-4.6999474,2.667961,4.3686433,4.762982,-5.9146347,4.890535,-4.6405716,9.489081,-0.37915862,18.053017,-10.274809,5.393321,-2.5356834,9.717998,-16.60525,9.939191,-14.185101,19.285995,-11.969728,36.631504
3495958793164958320,151.06503667276183,2.1685579882513175,31,21,43,46,35,0.032213803,0.035704236,0.041685957,-0.045644436,-0.13674386,4.3711076,3.104471,-0.61051625,6.5518546,0.9009374,6.6143227,-2.8213136,12.287436,-28.363707,27.688263,5.966603,6.3050737,-23.933645,13.284853,8.499368,13.479085,9.150265,24.973454,-87.79816,56.647556
3495958793164958321,151.08298882965366,2.2913618148247084,33,22,44,50,34,0.08030729,0.14764671,0.16724545,0.4202732,0.3423829,6.272762,3.2795522,-5.1294036,6.524446,-4.24902,7.118605,9.499296,11.986538,-33.35627,30.057796,4.3400445,6.6752777,-7.6403503,13.221643,-9.531695,14.451664,-18.95557,24.367613,7.2911086,61.05343
3495958793164958325,151.01151021026658,2.3130996997147926,39,28,71,73,63,0.09467804,0.046922572,0.072454706,0.01979349,-0.0071477615,2.2839904,2.8861184,-4.4829507,5.675915,-5.4427905,5.445077,-13.921497,10.031269,-15.74659,21.343346,-2.1653194,5.873139,-0.2000797,11.490191,-11.719234,11.09141,-23.754063,20.34128,18.296103,43.261078
3495958793164958327,151.02334533654476,2.1757659009365646,33,21,54,55,41,0.044059206,0.042411316,0.05046811,0.031908404,0.07069139,-0.974153,3.119289,5.022541,6.254842,12.01998,6.0748425,-21.799006,11.088617,27.036215,24.958086,11.834876,6.326483,-3.5393317,12.798579,28.334738,12.378589,-21.641628,22.471798,42.07618,50.733627
3495958793164958328,151.04721691837477,2.2841495732449095,37,22,48,57,40,0.085204534,0.15640214,0.17036746,0.20794816,0.49319577,-3.2001247,3.10791,-4.1582375,6.3682375,8.61201,6.232134,8.715313,10.942624,2.6494336,25.588629,2.47318,6.2875643,-6.9481435,13.010816,8.714366,12.641242,33.487164,22.331205,40.108902,52.083797
3495958793164958329,151.03237395802597,2.2954033473406006,39,24,60,69,48,0.059000336,0.023027357,0.027618842,-0.0069731674,0.05856298,-3.0696037,2.93453,-3.8636048,6.454746,3.484312,6.1070886,7.9198656,10.028081,-14.943774,24.203573,-8.971902,5.9536934,-10.226377,13.126635,-13.57815,12.422516,7.646194,20.44383,-50.302845,49.275696
3495958793164958340,151.0665598120429,2.220725165000627,28,18,41,46,31,0.09729214,0.1797397,0.16153307,0.05559792,0.30255342,4.5081615,3.1874468,9.684486,7.5840974,-0.5659238,6.8456445,-19.718868,12.5495,-20.343258,29.005589,10.254229,6.4874835,7.6916804,15.335321,-12.497841,13.943973,-57.173996,25.403078,-39.94233,58.90608
3495958793164958343,151.04863596180837,2.1460756386542026,33,23,45,45,37,0.044456337,0.06017012,-0.0069980985,-0.044233765,0.019796384,-2.0957944,3.1820776,6.555932,6.2634706,-8.367586,6.5975795,14.89911,12.513958,8.448282,28.340797,1.1192824,6.4826775,18.895546,12.738034,-24.33999,13.345951,6.2600427,25.357618,-136.21361,57.560936
3495958793164958352,151.08258002402275,2.229255311440843,24,20,37,42,32,0.054291785,0.08666345,0.17901781,-0.014884027,0.17344,6.8695984,3.5047293,-4.253035,7.039927,5.8941407,7.2730527,-18.96947,13.07344,18.36093,29.372969,0.346714,7.1140227,2.9961026,14.343618,14.830231,14.822032,-42.075603,26.439396,43.492493,59.818222
3495958793164958358,151.0780921498662,2.2196455187055766,25,17,40,43,29,0.064464055,0.089450434,0.104410976,0.22039376,0.69747585,-2.319933,3.2181594,-1.0702475,7.3734508,-3.8316193,7.1381545,7.566864,12.554204,57.960342,30.100111,2.7821739,6.5342402,22.41457,14.966951,-15.285514,14.463697,-24.548515,25.461317,154.02953,61.428078
3495958793164958361,151.06614369426185,2.144199909545066,30,22,41,46,33,0.019920507,0.1556428,-0.11824685,-0.23131606,0.059743624,-9.851348,3.1084402,-4.3140855,7.415882,-2.3222506,6.966864,1.0217003,12.269559,2.5740004,29.583988,1.8877453,6.2786636,7.8362484,15.059869,10.147122,14.132388,-8.65224,24.924084,52.43201,60.147114
3495958793164958369,151.06543011929912,2.2043941156374474,29,18,39,46,26,0.07247219,0.1766532,0.1283514,0.21230009,0.07716659,-2.777395,3.1516216,-15.70009,7.664056,-8.100725,7.1153903,17.052673,12.467637,11.488706,33.61213,-1.8493317,6.4305115,-17.929325,15.585484,6.5012455,14.518315,86.13778,25.207859,-71.844475,68.09709
3495958793164958370,151.0177926734279,2.182768105990001,32,22,55,57,52,0.07708385,0.14173709,0.14690705,0.056833502,0.23523945,-2.948432,2.924747,0.07696734,6.367853,4.4153295,5.980931,6.6206284,11.198756,8.786922,23.463861,-5.945329,5.922869,-12.084652,12.867915,18.060034,12.1596155,5.2362523,22.639278,-46.44046,47.55796
3495958793164958373,151.08043688548278,2.2228310996593432,24,17,40,44,29,0.10060587,0.15934612,0.1102346,0.10673523,0.39500007,-3.4299724,3.2855444,5.6825404,7.889898,-1.7550815,7.3406234,-3.1911693,13.092069,80.507065,31.461884,-7.7046247,6.6138325,-4.686067,15.954766,-15.686728,14.79345,-7.55239,26.293697,106.64093,63.353924
3495958793164958378,151.05049735914233,2.263802634189215,32,20,47,53,38,0.06847332,0.078806244,0.044464145,0.023600072,-0.060702376,7.626372,3.0916142,4.3690605,6.7623887,-2.0162725,6.266731,-11.945585,11.182577,9.558851,25.502548,22.534136,6.2333035,12.840692,13.708336,3.9032516,12.622282,-9.601981,22.614925,-47.47201,51.611496
3495958793164958383,151.00139954391148,2.1747037700411345,38,26,72,67,66,0.04244998,0.11476888,0.15338542,0.0604074,0.18808164,0.12073693,3.117935,5.6814027,5.9895496,5.9745994,5.734869,6.8325963,10.794045,2.8957975,22.525118,0.26251632,6.3015113,4.2894635,12.116655,13.904758,11.609561,20.901121,21.84761,42.397324,45.671
3495958793164958386,150.9924883182109,2.224987788890132,42,28,79,79,72,0.084649436,0.12358888,0.11743381,0.15488148,0.5367344,-2.4027014,2.9132545,-1.9859346,5.282788,-4.5924053,5.3462596,3.6045053,9.783038,22.341185,21.463114,-14.294566,5.8377852,-8.941887,10.588589,-2.7676778,10.779535,-15.835222,19.647886,70.92441,42.904564
3495963191211468583,150.78375449188897,2.1670036463123648,84,74,199,224,211,0.014589262,0.0065016127,0.020607518,0.05882863,0.053131744,0.48781407,1.9309374,0.15788601,2.8707345,-1.6731805,3.127048,-4.0232577,5.4535975,-14.213103,11.348628,-0.07207102,3.9269009,2.9711275,5.8067636,-9.003294,6.3485594,-9.12969,11.077186,-26.174877,23.026985
3495963191211468599,150.8516203996964,2.2095357642730997,73,62,168,185,170,0.08140645,0.07618211,0.11497672,0.13252014,0.403514,1.2485687,2.186821,2.2861307,3.2820187,-6.418499,3.5500925,-1.2298735,6.26271,-31.707872,13.239595,-2.9463139,4.4301763,14.574148,6.652779,-26.03207,7.1928244,-9.775145,12.706402,-55.742714,26.951748
3495963191211468608,150.80169622326602,2.3189833607659716,85,74,198,227,215,0.12715463,0.1813907,0.23850605,0.2978523,0.4386359,-0.57135725,2.0066192,2.4680026,2.9442952,4.0028443,3.286123,-0.056832574,5.505562,-10.662984,11.588101,11.96953,4.095758,8.871297,5.9942074,18.860794,6.668093,16.414516,11.200862,-21.46304,23.547386
3495963191211468627,150.86954974942273,2.2049553139394003,73,56,166,179,158,0.090647876,0.10741638,0.09615244,0.07124838,0.17594326,0.932673,2.1259573,0.7464079,3.5928993,1.0216863,3.558911,0.9554815,6.3193297,8.207636,13.578879,1.7468014,4.3100386,9.675232,7.3074384,11.582852,7.2138977,-9.496213,12.840117,32.229645,27.61131
3495967589257979367,150.6990270665886,2.254528487467985,84,72,199,235,221,0.07724929,0.12125837,0.17803514,0.19355918,0.34866393,-0.48035365,1.9052036,-4.531166,2.7823768,2.195258,3.1262805,4.905217,5.316361,13.703739,10.680154,-1.7062094,3.873078,-12.225802,5.663904,17.11195,6.3510537,-6.0715075,10.7813835,10.3181715,21.759869
3495971987304489523,150.5072078008986,2.150509681238753,76,66,205,217,221,0.121697105,0.11198182,0.10466056,0.20582117,0.3515665,-1.6440141,1.9024587,-3.43766,2.7301023,-5.567563,2.9875104,-3.4667912,4.952919,-32.64905,10.1762295,-3.7024288,3.85633,-6.731353,5.5477614,-26.074299,6.06501,-8.976924,10.065204,-71.46654,20.675781
3495976385351001392,150.3305462796323,2.1686360650211083,72,61,195,213,223,0.03063878,0.039899115,0.05834449,0.047229033,0.11448521,-1.667037,1.8484914,1.5416119,2.655585,-1.37543,2.879044,-0.55999553,4.9100065,6.1423535,9.655243,-4.2344675,3.751753,5.620261,5.384554,5.560306,5.860889,12.105742,9.974176,6.2956223,19.605398
3495976385351001402,150.2626747760897,2.137499721056851,78,62,202,220,226,0.09201685,0.093014985,0.11606582,0.16651314,0.3192551,-0.4354971,1.7829081,-1.2355845,2.5583375,5.222193,2.8229322,-3.1774611,4.7102766,-10.616516,9.617139,-1.3766869,3.5846517,1.4964329,5.146777,1.3126999,5.6735864,15.681666,9.474057,-11.601751,19.279842
3495976385351001406,150.32980046714903,2.1935560605323188,77,63,198,216,217,0.04759652,0.011851365,0.018624868,0.039644834,0.059649844,-1.3493819,1.7800232,-1.8782003,2.5906863,-0.81344944,2.8558228,5.598864,4.839213,-7.796026,9.761673,2.423839,3.6141357,-6.7672067,5.259097,-2.569781,5.805235,-1.266236,9.831477,-21.590069,19.824503
3495980783397512263,150.02214096017607,2.1632548754840153,80,61,215,237,230,0.12946601,0.18469445,0.24249607,0.27978614,0.5573246,-0.7448959,1.7670904,1.0096928,2.5391648,4.5443344,2.8218539,-3.439399,4.6637588,2.584287,9.44815,1.0960802,3.5648184,4.0282836,5.164382,2.1224136,5.7257867,-14.633037,9.46863,-17.108858,19.209614
3495980783397512264,150.14415607469584,2.3150277726556605,76,61,212,241,233,0.091237955,0.08459394,0.12538256,0.15867193,0.25471342,-0.045707915,1.7666185,-2.367007,2.4383645,-0.048825115,2.8131127,1.2592946,4.5519223,-15.576026,9.398172,-3.5501113,3.5733714,3.4781399,4.9514346,-4.549938,5.715958,-15.131539,9.256677,-42.210873,19.057816
3495980783397512290,150.07818636314698,2.1709993046103895,76,57,206,225,219,0.08001108,0.1158755,0.15115131,0.14100896,0.28304175,0.6160218,1.7315749,-0.16119576,2.6183093,5.005598,2.892723,4.280866,4.7872405,-2.4763184,9.736894,5.896768,3.4864883,5.319847,5.272468,14.453151,5.8173733,-4.224286,9.650715,-16.586048,19.605288
3495985181444023314,149.79661410607358,2.232035780940374,63,63,190,220,214,0.12052531,0.1547132,0.18246743,0.26871678,0.40097365,-3.2213392,2.0726976,-3.6938887,2.6890624,-0.6724378,3.1352873,-0.037043247,5.021565,7.582354,10.250091,2.9923387,4.199916,-9.218792,5.4763317,2.4843333,6.3661633,10.054611,10.199427,17.521051,20.789532
3495989579490533670,149.65325244799646,2.227598421567572,77,72,209,233,232,0.085172966,0.10910041,0.1279885,0.20753074,0.22058846,-1.7278997,2.0119476,-1.3993452,2.8259869,-3.3595698,3.0036185,-1.3234774,5.03587,4.672698,10.254097,-10.774216,4.0846715,-6.818824,5.7403965,-13.790228,6.1028585,-8.481811,10.235167,-3.7651298,20.803833
3495993977537046143,149.45952855177728,2.2011434289293157,78,69,197,226,207,0.073723264,0.080325365,0.097336955,0.08262769,0.21690586,1.217324,2.1097965,5.142183,2.9997969,2.3034136,3.3133948,4.314859,5.5981736,-8.175996,11.694297,-0.33966756,4.272459,15.540026,6.09009,7.789145,6.735715,17.476496,11.36826,-68.61116,23.757011
3495993977537046150,149.47368862096567,2.1778663062084602,72,72,186,226,208,0.10043972,0.105981976,0.12805735,0.10368314,0.26931718,2.5895479,2.1898026,3.4828718,3.0409465,-5.7332206,3.4046798,-5.7801747,5.5930924,13.596056,11.887324,5.7098145,4.447617,4.574892,6.152451,-5.174448,6.906422,-1.2916747,11.374209,9.96682,24.035986
3495993977537046159,149.46283184802502,2.2233564213596986,76,71,195,226,205,0.09076057,0.12540431,0.14292273,0.12405209,0.36048892,-0.90992045,2.2234924,-0.19162478,2.9593174,1.2604318,3.4005442,1.8902422,5.752849,13.004728,12.2902155,0.47694117,4.515761,-6.5727944,5.9989333,13.328814,6.913209,21.559446,11.666491,-10.883182,24.921864
3495993977537046164,149.51342728611883,2.2643057434001297,82,75,196,234,218,0.032528043,0.069164164,0.09357076,0.19167,0.26615587,-2.3027723,2.0421097,-3.7901418,2.842472,-0.6123887,3.3034303,1.3768052,5.3578043,-21.609112,11.244033,-7.8107095,4.155759,-13.914063,5.778811,0.46738747,6.701594,2.1837287,10.880656,-23.601213,22.832764
3495993977537046178,149.46211351031977,2.1695544423695505,76,71,197,222,204,0.06868659,0.068983436,0.09862797,0.07809656,0.24319728,2.0967774,2.15844,3.7100894,3.0470636,-0.9303892,3.4049733,-1.3732708,5.688114,3.6484556,12.119273,-0.7269173,4.38142,12.720649,6.179107,2.4479208,6.900445,-13.818001,11.580378,-19.225117,24.520628
3495993977537046182,149.50524626334584,2.2827800218664995,81,71,202,229,218,0.14853714,0.060798895,0.12033834,0.13483381,0.3305027,6.3585496,2.1398547,-1.1971668,2.9802494,-3.4614525,3.3178225,-10.214274,5.473428,-4.1119256,11.416636,15.550821,4.3460846,-19.954887,6.0722785,-15.499612,6.7319894,-24.775568,11.104353,-28.093065,23.164463
3495998375583558698,151.05278705068653,2.4793790659405834,29,25,45,51,37,0.027474724,-0.017146498,-0.017826956,-0.020755468,-0.038049016,-2.4770095,3.591622,1.852333,5.917833,-13.758402,6.6814537,12.482603,11.2190275,13.912679,27.37319,1.7184675,7.316392,-2.6823473,12.058239,-32.688946,13.562554,9.813585,22.768036,35.816788,55.550396
3495998375583558701,151.08105339636157,2.419168821112474,30,25,46,53,37,0.018111603,0.030779785,0.029123912,-0.034756582,0.13194646,-1.0513924,3.5169923,-4.6530766,6.180032,-2.488325,7.2093487,-7.391089,11.777265,-24.382732,29.798988,-10.989384,7.1313515,-0.9338256,12.557734,-0.70077246,14.642673,1.2644958,23.9094,-10.324535,60.54995
3495998375583558711,150.98276420403576,2.44488978982068,41,36,91,91,77,0.091908775,0.083564565,0.08523358,0.09100401,0.25924447,4.7501154,3.2337859,7.0240736,5.0278964,1.9381586,5.5019855,1.3765101,9.530771,-1.3926556,20.336105,10.79366,6.511035,19.822073,10.259746,12.05426,11.19561,22.517012,19.340094,-63.41567,41.434486
3495998375583558713,151.06238292113028,2.3509141834768092,31,22,52,59,40,0.039771203,0.07330419,0.029015034,-0.009983666,-0.083259515,1.6604936,3.522462,1.6925756,6.4005203,4.639185,6.5062737,9.729736,11.001225,-11.297615,26.562119,6.6622825,7.146889,-13.591119,13.017092,8.7533,13.25388,11.940715,22.345419,68.335594,54.011883
3495998375583558714,150.93142479760996,2.514770597508903,53,40,98,102,89,0.028188013,0.08234576,0.11397277,0.11741032,0.059719235,-1.1289732,2.7212806,0.017828228,4.370288,0.17042613,4.832397,0.059271965,8.522793,-10.315581,19.155432,-4.608418,5.523996,-5.9835424,8.865349,9.706785,9.867897,-18.174545,17.226196,72.922386,38.941673
3495998375583558715,151.03258830647428,2.3918880473961663,36,27,63,72,46,0.06926226,0.099206805,0.06787596,-0.026886676,0.1607155,0.20251706,3.192388,-2.7650096,5.8012276,3.1386664,6.175306,11.5546055,10.166941,-17.091642,23.922848,-3.8028352,6.374822,-19.84734,11.619432,-1.9099,12.3389435,16.080618,20.419144,-21.401665,48.201195
3495998375583558717,150.91356728342828,2.4786630187092284,54,45,123,124,110,0.05271529,0.07133902,0.05870127,0.05823894,0.2615554,-3.94511,2.827794,-2.041525,4.0123568,-7.7800503,4.4772882,2.5999427,7.822388,-1.3122969,17.075258,-4.0628133,5.7342668,-4.9410844,8.132814,-17.619745,9.107011,1.3859178,15.835632,27.937576,34.674305
3495998375583558719,151.0445124620991,2.377428451612468,35,26,56,62,44,0.043225504,0.08898318,0.090787224,-0.025723644,0.5436438,4.791646,3.729218,-1.1984456,5.8872485,0.4252664,6.3712363,7.02145,10.650048,-19.6656,24.889664,13.970204,7.4867563,-11.262598,11.945939,4.5808854,12.936906,45.645107,21.68034,-94.0129,50.77633
3495998375583558722,151.05942316341006,2.403130343385144,34,26,56,59,41,0.07241615,0.11888543,0.18300547,0.17740218,0.30151865,0.24008462,3.5394137,2.1321158,5.8024874,3.5106401,6.8857656,11.820709,11.388942,-52.622723,25.677855,-10.5422125,7.1828017,9.198083,11.788241,-9.102384,13.523588,18.843756,23.226336,-114.085144,52.17026
3495998375583558725,151.00580923738286,2.395928465735824,37,28,72,79,61,0.06383086,0.029299334,0.05108728,0.13802765,0.03836351,2.2425292,3.0528405,-16.015299,5.491041,10.101299,5.8060765,2.0068183,9.473487,-4.5026646,22.190329,2.4274523,6.256323,-14.968401,11.138616,21.21547,11.818452,-21.223528,19.332567,40.618187,45.13617
3495998375583558731,151.08474711673702,2.4271922743799927,28,25,43,50,35,0.07841359,0.0818241,0.100829124,0.047021504,0.257933,6.7978735,3.6584027,14.634614,6.086146,14.317515,7.3178267,-9.3950615,11.69684,-46.458244,28.428925,10.89398,7.413216,40.991333,12.381785,27.29303,14.791349,-62.05641,23.748354,-48.180317,57.79944
3495998375583558735,151.07877557423797,2.3549174311057617,30,23,50,57,38,0.117767826,0.17446297,0.24187648,0.35567343,0.54205364,2.284013,3.3708217,-15.032541,6.411247,11.715735,6.6109905,10.099196,11.0816555,11.193258,28.129665,2.588897,6.823686,-20.105501,12.988435,32.518402,13.512669,41.275246,22.522219,-101.06884,57.15533
3495998375583558739,151.01443548058694,2.4604104864055563,36,29,65,66,52,0.090871036,0.10208756,0.123341285,0.08385704,0.29931092,3.317067,3.3315177,-7.2152796,5.417078,-7.912155,5.916696,-11.789357,10.335683,22.468405,23.858057,5.638983,6.7645917,-22.086742,11.039026,9.30395,12.031665,-15.474628,21.126701,-18.982815,48.36165
3495998375583558742,150.95487005254233,2.4170938631293617,51,39,101,111,99,0.045382846,-0.0017133597,0.07113135,-0.091986135,-0.12142074,-0.5639941,2.6007962,-0.0431915,4.485161,-1.2101007,4.7567167,-1.0832362,8.188655,-17.930082,18.142124,-7.3105407,5.2725353,-0.09296197,9.118823,9.076955,9.677465,-2.433761,16.649904,-59.811245,36.812946
3495998375583558746,151.07096400461512,2.414602155909168,32,23,49,55,36,0.0635741,0.0751615,0.08629696,0.14922693,0.3229719,-0.6874401,3.3624737,-9.843867,6.229003,-3.172497,6.974559,13.5502205,11.217234,-22.36054,29.49781,2.2199092,6.8561573,6.56781,12.722638,18.18823,14.157273,44.726597,22.792082,-91.22594,59.639847
3495998375583558750,151.05311200083898,2.3905354189302925,34,25,55,60,40,0.046096433,0.06853889,0.065894745,0.018969487,0.4185707,2.975559,3.1252348,4.857951,5.8214154,0.30110684,6.281443,-25.571817,10.893391,20.096851,26.052723,-1.3323401,6.3308945,-1.587241,11.757365,2.6011672,12.751847,-14.619947,22.23405,66.46825,52.859467
3495998375583558776,151.05240877227465,2.4708402890176355,28,25,45,51,39,0.08671153,0.15578891,0.09276237,0.066898696,0.27493307,1.1745605,3.8042145,-9.089534,6.01134,7.1427135,7.031471,-2.188697,11.525255,57.3184,27.531155,2.2055354,7.709527,-11.639167,12.244619,7.4577274,14.264909,-42.90466,23.431631,106.79189,55.88309
3495998375583558783,151.00158739428375,2.4247179982302125,39,29,72,77,64,0.051978078,0.019067798,0.018288735,-0.11185119,-0.13071078,1.3764309,3.033814,-4.0796666,5.57281,5.9006324,5.7612524,4.2665973,9.9179735,-0.8008627,21.207819,3.3342721,6.1417475,3.9252827,11.267965,24.764122,11.628296,-2.6656594,19.983042,-48.138836,42.71713
3496002773630067852,150.74178577578542,2.3394913533913124,94,83,213,251,226,0.63025343,0.91410387,1.1660601,1.4330528,2.8307896,-1.9044456,1.8170681,9.183043,2.730111,5.1038365,3.1101701,2.4480217,5.2133775,25.581264,11.239419,-12.599184,3.6835797,20.207565,5.5532665,38.377094,6.30494,40.193684,10.558988,70.38236,22.8274
3496002773630067872,150.8753223901805,2.4919806093872072,65,54,158,161,145,0.10870334,0.015042099,0.11078837,0.14770395,0.18143044,-1.3595644,2.6086855,0.708637,4.164676,-4.140413,4.1075263,3.6060038,7.063329,-3.6708288,15.28726,-2.455727,5.290905,-1.588304,8.372356,1.0392301,8.317121,19.892435,14.3665,1.9173253,31.060892
3496002773630067882,150.75360615468918,2.3533932187382804,89,80,211,249,227,-0.09488067,-0.28459698,-0.36361155,-0.330721,-0.47633612,-2.8082404,1.96646,-7.0535903,2.7822592,-0.9725445,3.1935713,10.1615,5.164999,-1.3964243,11.408098,-15.315286,3.9756718,-13.832182,5.6479697,4.9455605,6.4857554,14.54233,10.509587,56.42656,23.12818
3496007171676578779,150.65532816180485,2.4681279621099788,87,81,213,240,234,0.07368151,0.10760788,0.15359381,0.18120357,0.34951788,1.9407227,1.9087044,-2.0316412,2.705473,5.8135824,3.0923033,4.2850914,5.238563,14.6976,10.706936,3.448402,3.8763542,5.5276875,5.487201,9.668768,6.2813854,18.90116,10.629535,24.097988,21.740091
3496007171676578803,150.61911637957044,2.4146137232448353,90,80,216,252,238,0.035867885,0.03764114,0.022825167,-0.025971679,0.026012283,1.5939747,1.8793453,0.54231435,2.7003536,0.25802717,3.0485115,-6.732385,5.0258136,19.770401,10.53299,-0.88513666,3.8094661,-10.835299,5.486991,-8.348752,inf,-11.603894,10.191349,-17.568546,21.373623
3496011569723089076,150.50559702480797,2.354790970199254,86,73,208,239,233,0.11402316,0.15062714,0.20726612,0.29410338,0.4610014,2.7115672,1.8902731,7.0426407,2.6943717,2.5531914,3.019552,-1.3403444,5.036778,11.309804,10.188485,4.1519847,3.8008018,15.282555,5.414791,-1.8360937,6.0603285,25.188303,10.120659,25.83315,20.451424
3496020365816112090,150.02680975998857,2.4722724788601522,86,78,205,241,231,0.04735158,0.04361651,0.07880178,0.03336439,0.22873203,2.877486,1.8170034,2.2594688,2.503491,9.215881,2.9721146,6.228557,4.8313327,-1.0408672,9.914855,4.1060004,3.6754017,2.9614441,5.0602317,11.177219,6.013224,6.0988975,9.774806,-61.88988,20.060373
3496020365816112097,149.9939692215063,2.5041916612178574,85,73,211,232,229,0.07291834,0.10109782,0.1358151,0.12599345,0.22921732,-0.740993,1.8432392,-1.9532918,2.6896057,6.061019,2.982303,10.225352,5.0325103,12.481823,10.084683,-0.9324482,3.7314885,-5.948255,5.4562454,7.5426655,6.049051,-4.8598533,10.185219,-15.359348,20.464289
3496020365816112110,149.98598132202008,2.5071299933980202,89,78,221,247,237,0.09856966,0.10897397,0.16431767,0.17413473,0.27346787,0.17921919,1.7960635,0.14152558,2.5857487,3.69721,2.9318619,-2.994463,4.852972,-21.256199,9.848385,9.854166,3.650552,2.0352504,5.24326,12.716364,5.959378,2.2106082,9.844785,-21.228539,19.975508
3496020365816112130,150.12252746666394,2.366639045086616,78,63,210,235,232,0.059554618,0.05455306,0.0792248,0.08523905,0.117535196,0.9650645,1.8634887,-1.6796777,2.5115077,-1.9503821,2.903066,2.876883,4.836549,-8.786198,9.600956,8.693903,3.774802,0.518911,5.1153355,-0.893539,5.901357,8.953654,9.8176775,-7.5496974,19.490248
3496029161909133374,149.66187210438088,2.3931661404233817,90,83,222,253,242,0.095151,0.11774752,0.09005495,0.09995284,0.3183196,-3.3224967,1.901732,-5.017181,2.7799966,-6.0977144,2.999508,-0.94546723,4.9209247,4.428444,10.448055,-6.389609,3.8564749,-9.477955,5.6441264,-16.792513,6.0736084,6.5836864,9.990542,-1.590729,21.215698
3496033559955645818,149.44801380282476,2.4251614621501463,75,77,195,231,201,0.10081254,0.13403384,0.25607905,0.29859254,0.45379493,5.6111507,2.2352438,4.160148,3.0268931,7.0598845,3.5097487,13.096045,5.731418,-18.53432,12.530543,5.5042367,4.5305977,10.636117,6.1389356,30.740198,7.125541,31.618689,11.645364,-4.640617,25.435434
3496033559955645842,149.43358899109444,2.3315029368626337,76,75,188,221,203,0.13615136,0.1943508,0.25327754,0.31075493,0.4609162,1.197021,2.262593,7.2391415,3.0914886,5.0860386,3.659907,4.5525074,5.951653,-0.45883715,12.416681,6.3610425,4.5658703,16.162523,6.2682066,27.654215,7.4266706,11.042468,12.078491,21.371948,25.26547
3496033559955645845,149.55560504801747,2.4882901794199297,83,79,206,242,219,0.100801386,0.13495597,0.12797144,0.19184184,0.53020203,-2.2479045,2.0399778,-4.554048,2.9616456,2.1735988,3.2469494,-3.7771022,5.295653,17.878275,11.601579,-3.7026114,4.095746,-5.5527554,5.9167004,-5.129495,6.5179367,1.288676,10.647399,84.879295,23.315685
3496033559955645855,149.44166349800147,2.5089146680895955,70,69,173,209,182,0.09705329,0.11221481,0.16079839,0.20219463,0.22350058,3.0336857,2.493234,-0.21897273,3.331768,-4.509428,3.8175774,0.87530035,6.186978,-2.1699011,13.321803,4.1004386,5.0728426,-0.46569216,6.7548056,-20.609543,7.7375336,-11.036257,12.558265,-71.848236,27.104776
3496037958002158337,150.9502952837207,2.680161186093355,30,28,48,56,39,0.0931631,0.11766163,0.15055107,0.18193038,0.27325293,0.15811563,3.3646858,2.0609205,5.1456523,11.53865,6.323786,7.715066,10.103943,-8.081634,23.907305,1.0635356,6.7667327,-4.47415,10.31901,12.571091,12.684028,-6.103959,20.29599,-49.085926,48.26956
3496037958002158340,151.07538930965697,2.643935798542377,22,24,33,42,25,0.024086995,0.02665516,0.11149401,0.055962577,0.2505188,-8.932226,4.1728735,1.6133546,5.712907,-12.856991,7.204361,-7.1233053,10.980753,26.367918,28.05069,-23.184797,8.457797,-11.693322,11.592721,-8.364278,14.633411,7.8370113,22.32622,78.37832,56.70093
3496037958002158343,150.99200130866535,2.610252944161561,30,23,49,53,43,0.08026227,0.099999696,0.1310797,0.08483067,0.087194175,6.586408,3.305548,-1.2098548,5.7097154,-8.382293,6.389217,-0.6537967,10.251829,26.390965,25.124998,11.906853,6.7090774,-1.6307445,11.577949,-32.74214,12.98024,-35.117428,20.851986,31.940147,50.822723
3496037958002158350,151.0843045621417,2.6343180072320536,25,23,35,41,25,0.07154437,0.06020705,0.03775796,-0.040776525,0.24006985,6.119431,3.5505784,-1.8512888,5.6620445,-3.9368193,6.802214,-24.268564,10.782274,36.3439,27.02185,-8.58925,7.203723,13.701995,11.518386,-47.148453,13.733639,-27.757719,21.91868,42.880913,54.79167
3496037958002158351,151.03668433840474,2.670463655051273,28,24,35,43,24,0.04750273,0.12246105,0.18227118,0.2624121,0.45253718,6.247212,3.3077822,0.024020666,5.5924053,-1.2651978,6.4594526,-9.332755,10.942057,-30.572699,26.870932,7.154119,6.708021,21.073006,11.328938,0.03187745,13.1224985,-27.92443,22.237024,18.862392,54.57496
3496037958002158354,150.98451141664165,2.5765681341801057,35,28,58,60,52,0.08266485,0.10571673,0.035511892,0.11423719,0.039759282,-5.7522545,3.164577,-3.1888762,5.2937675,0.68915814,6.0673175,-10.432048,10.202933,-32.17913,24.036488,-14.671504,6.4352503,-8.731642,10.763046,9.115338,12.303036,-42.26169,20.798887,-87.67336,48.641586
3496037958002158355,151.079798066474,2.511465002645179,26,23,42,50,34,0.037614215,0.045509122,0.06931861,0.1362193,0.29902545,2.3157144,3.8209245,-6.604956,5.9341826,-5.054032,7.0326414,10.209156,11.44666,-37.943493,28.84381,-20.743965,7.681952,7.814958,12.044132,-19.339529,14.372414,29.245613,23.16969,1.8978708,58.61167
3496037958002158356,151.03217378595005,2.6199672126437425,26,24,36,47,27,-0.07187833,-0.11279946,-0.11548709,-0.08582584,-0.38550675,7.0565586,3.6883645,10.745771,5.7840586,6.808221,6.9541416,24.454596,10.631125,-6.645525,27.560688,-5.8955407,7.4378815,9.977169,11.677047,-16.12569,14.014325,43.011078,21.45596,-63.447052,55.788204
3496037958002158357,150.978619722493,2.6568280425767976,31,27,49,53,42,-0.005065908,-0.008314218,0.033293914,-0.075840235,-0.103450745,-2.4547825,3.0637362,-15.446546,5.237345,-8.122044,6.320503,4.5189795,10.255556,-5.7998033,24.431488,-1.6126437,6.2279143,-40.71997,10.63959,-1.44485,12.842188,-20.754028,20.865648,-87.54782,49.56617
3496037958002158359,150.91906739352484,2.671365260777622,36,31,59,64,49,0.067481786,0.060453676,0.10335696,0.20644678,0.22053538,-5.07471,3.0980465,3.6750197,4.883152,5.105547,5.7116632,-7.6163263,9.803824,24.468933,22.39059,2.9160502,6.2353306,2.1077886,9.819729,15.66438,11.534728,-8.731686,19.756424,72.14487,45.081482
3496037958002158365,150.904183176905,2.695411585207989,35,27,60,61,49,0.05696385,0.08103194,0.10639558,0.039250962,0.15776472,-1.821611,3.4829984,3.7057037,5.410075,-7.9646435,6.0920877,-22.85684,10.152504,3.9512212,24.322271,-7.442159,7.07715,5.082746,10.988639,-7.294709,12.294693,-37.066025,20.719036,1.5571096,49.29446
3496037958002158369,151.016527523595,2.5315680430422645,33,29,50,54,42,0.121564105,0.18721691,0.20890525,0.2633666,0.32125404,5.920951,3.3564565,1.9080459,5.4656143,12.532051,6.5440435,-5.7307873,10.940372,15.31984,25.131636,9.794844,6.8115106,4.503477,11.106032,20.597473,13.220424,-25.730495,22.228603,-82.91422,51.12927
3496037958002158371,150.92422142388855,2.59265312799913,46,36,74,84,66,0.08361952,0.10695478,0.09617573,0.010644524,0.20273572,-3.9302742,2.8783603,3.6720567,4.914637,-14.978954,5.6247144,-0.7116798,9.237924,5.0442986,22.024586,-8.637087,5.8553805,18.354053,9.981756,-17.813549,11.446996,-11.245389,18.75901,-103.51941,44.88691
3496037958002158374,151.08501413653642,2.6744423779176487,25,23,33,38,25,0.08802738,0.13953538,0.11411801,0.21739867,0.3143838,-3.415963,3.449014,-1.7291775,5.6156454,18.972706,6.9036813,-6.7069607,11.24475,-40.405247,28.10045,-4.1481667,6.953013,11.425036,11.327561,50.921013,13.9278,-2.468723,22.661179,-126.65943,56.666973
3496037958002158375,150.94956524252933,2.652832044986647,32,27,52,59,44,0.0725961,0.05203765,0.058902346,0.0055308905,0.09202959,2.0183675,3.261887,2.3007674,5.350255,-3.0987973,6.1856236,-2.170723,10.167027,-6.7231803,23.498426,-1.1056149,6.6266356,10.759804,10.938139,-8.252287,12.5247,-7.9141855,20.653347,9.54475,47.753925
3496037958002158376,151.04484449718484,2.5878108871685805,28,25,39,47,29,0.098944,0.09741733,0.063451774,0.10345474,0.39174142,-2.2268834,3.6226418,-9.355103,5.841939,11.370316,6.9279623,18.256037,11.19863,-20.270735,29.528357,-7.3326044,7.244188,-27.327562,11.738245,19.060644,13.88546,46.86826,22.496832,-97.92361,59.288723
3496037958002158385,151.0537659500251,2.5612683026300824,29,25,43,49,34,0.056335118,0.041328486,0.06932599,0.11509904,0.2941431,-0.08892138,3.2805078,1.2007694,5.9119415,-9.9503765,6.8260612,2.2515116,10.906283,-64.218956,28.085545,0.9823312,6.673488,5.701352,11.988193,-6.702042,13.818405,-7.7938633,22.15076,-129.98218,56.916172
3496037958002158390,151.0451988299968,2.5209519723804985,31,28,47,53,39,0.06847465,0.050744455,0.06357439,0.03888556,-0.15228252,4.7381196,3.4229863,8.752633,5.563437,20.497917,6.760278,17.001486,11.038778,-24.475586,26.797268,-2.3012483,6.9191957,10.919516,11.267534,14.662562,13.646513,2.314792,22.273039,29.723778,54.221268
3496037958002158391,150.97976057585444,2.6967217132784373,28,24,45,50,36,0.11367004,0.13815774,0.1837886,0.061190605,0.40557346,1.5003151,3.765544,-4.293889,5.770649,1.8749688,6.7697086,9.28052,11.394784,41.23778,28.558897,-5.4831333,7.6412315,-4.553737,11.721384,0.6142765,13.748151,50.356808,23.128994,-97.73866,57.98573
3496037958002158395,150.98264038759316,2.6557130925302554,32,26,46,52,42,0.11374146,0.1896448,0.24039546,0.33948508,0.5116795,0.28783292,3.110263,11.16499,5.292474,14.895533,6.3018794,-1.9626257,10.224834,-13.167822,24.844046,6.459786,6.272348,3.8787794,10.698945,24.78421,12.717159,25.477816,20.649689,-75.69787,50.18893
3496037958002158396,150.97669357023105,2.5401767446505557,37,30,73,72,62,0.05849571,0.06803582,0.022794506,0.048646964,0.039377343,10.033446,3.3423696,10.83061,5.3831286,9.223345,5.935212,-1.5227253,9.947883,-20.159561,23.388306,11.030934,6.74617,15.883221,10.910289,21.300835,12.096508,8.180496,20.217583,28.262861,47.544292
3496037958002158399,151.0362503184017,2.576239238893867,30,25,42,49,34,0.18216069,0.27747494,0.28043202,0.329123,0.6788139,0.9196487,3.4455383,-8.864838,5.615223,-6.616994,6.852052,-12.881303,11.187267,-15.186497,29.629559,9.390361,6.927367,-23.240036,11.278336,-15.021763,13.760413,-27.357351,22.5665,-29.949083,59.803562
3496037958002158400,151.05561495828192,2.526458290217995,30,24,46,50,34,0.018795535,0.051456325,0.11134006,0.090435006,0.10469689,-2.7927325,3.3632169,-0.13913715,5.9334073,-6.3589716,6.925301,2.561323,11.318239,45.38216,29.060757,2.7390044,6.8449793,0.3673624,12.02037,14.677425,14.101455,-35.56521,22.900042,53.7973,59.086025
3496037958002158401,150.9365116205737,2.606038329991427,43,34,72,76,64,0.06547826,0.090810806,0.100207806,0.04525803,-0.020165114,-3.7785623,2.9822824,-7.966483,4.9951572,-2.5446782,5.503387,1.7727877,9.528687,-46.775436,20.294464,-12.26038,6.0548015,-12.349724,10.131867,2.070714,11.164926,24.527302,19.323814,-63.5414,41.29164
3496037958002158406,151.0407260176819,2.54335869616035,25,24,43,49,33,0.02762119,-0.0067254156,0.039067626,-0.039629817,0.0014850274,-3.1854038,3.534349,7.413746,6.0259194,1.1272584,6.764243,14.277629,11.070026,-33.016033,29.198719,-2.0716443,7.182849,-2.8803787,12.2428255,-9.530177,13.74341,-17.564093,22.529358,-100.132576,59.026043
3496037958002158409,151.0579468993387,2.6902333294696055,26,24,36,44,25,0.03325562,0.0032922875,0.09687739,0.038274404,-0.06044399,3.231267,3.6594334,-2.2216942,5.836135,-6.2093325,6.9082227,-4.062146,11.195189,20.523428,28.741432,4.0854454,7.419714,23.42616,11.885204,-14.445819,14.01465,-32.210957,22.687008,108.21824,58.380936
3496037958002158411,151.08763093385798,2.570625267793202,28,23,37,44,30,0.056003567,0.037604213,-0.0503979,-0.05635459,0.042509172,1.5591749,3.447377,-5.3145504,6.0526075,-5.9075108,6.8470616,-12.401486,11.295268,86.652435,27.499613,2.6482139,7.0088058,5.9701247,12.243119,-21.292688,13.865896,-21.515337,22.907358,30.757591,55.803032
3496037958002158414,150.9715381480794,2.693507088362737,31,27,48,52,39,0.118182376,0.16773151,0.24170895,0.23335937,0.16608576,6.6579103,3.2861664,7.414246,5.3918552,1.2034082,6.2969627,18.853342,10.916954,-35.789593,26.045324,12.952845,6.6700835,11.391391,10.948228,1.197609,12.79469,42.251663,22.18581,-57.72558,52.934677
3496037958002158416,151.07877599216377,2.6862066871743204,22,23,30,39,25,0.12178863,0.19499831,0.2330494,0.26578495,0.48416418,-5.8561025,3.8678832,-3.8955057,5.55783,-12.954175,7.267804,3.6522412,11.332516,0.8805401,27.990519,-7.6334853,7.856712,6.642071,11.289848,-13.326501,14.73573,-0.059423015,23.020182,58.842976,56.942276
3496037958002158417,150.90598392384544,2.544227587404831,51,40,95,99,89,0.11420179,0.11158448,0.14149645,0.16333692,0.20572354,0.37670484,2.6057494,3.2219334,4.1668973,-2.069722,4.7555404,7.876563,8.094598,-4.465885,18.885345,-3.5326726,5.2954273,-11.563974,8.462288,-21.9814,9.673351,-0.5001665,16.482536,8.589278,38.289684
3496037958002158421,151.04447052570265,2.558614449353613,28,25,42,47,34,0.09176815,0.12920819,0.18068722,0.28796002,0.3671636,4.357868,3.4770412,3.4950147,5.4415603,18.838688,6.563009,4.692123,11.262342,17.145212,27.430655,0.474233,7.0485573,-5.0542517,11.058918,33.08631,13.32302,-26.206947,22.87722,-44.34794,55.87718
3496037958002158426,150.98193374200602,2.7012221296118764,26,22,42,48,34,0.03719287,0.03976965,0.20069821,0.25672108,0.09630093,1.1106055,3.7816167,-10.609235,5.857982,1.889212,6.8184586,-11.487163,11.114866,13.963843,28.680979,0.28074622,7.5852647,-14.395052,11.760229,-2.9165275,13.595259,-43.705135,22.306599,17.661478,57.70537
3496042356048668867,150.8134455721163,2.6334435905699025,60,58,137,139,132,0.06877238,0.069885835,0.15147462,0.12674648,0.2548849,0.43902993,2.5482693,-3.4049397,3.8698866,1.2419317,4.3986998,2.4975634,7.435051,-5.5176406,16.077211,-9.246653,5.159663,-2.9355981,7.9028397,-4.9255424,8.946878,-8.141577,15.10929,-20.19109,32.637505
3496042356048668883,150.8508793814873,2.6799942661097576,48,41,96,96,88,0.03903688,0.048476983,0.08802504,0.06295591,0.017340982,-2.1642702,3.0536833,-2.5723114,4.7604475,0.47130716,5.194401,19.01037,9.096989,-18.103655,18.798008,-1.7726998,6.2064524,-1.533858,9.635272,1.932109,10.54456,21.661812,18.496891,-23.758253,38.277267
3496042356048668894,150.8920696390163,2.6601890675559745,41,36,75,79,64,0.060754713,0.04540069,0.08079187,0.07604552,0.17165264,-2.0881362,3.1084764,3.4777865,5.0857277,-3.7381506,5.820929,6.280221,9.76562,-34.139294,22.453354,-3.3144605,6.3072014,-6.8013597,10.375983,-20.679407,11.955667,-0.44192985,19.850874,-89.3789,45.578537
3496042356048668901,150.8863358371828,2.6866954921535418,39,32,73,76,61,0.0670306,0.05630855,0.06869131,0.11937754,0.09598945,-0.5852869,3.0999835,-2.5210652,4.974671,-9.916187,6.0050154,-6.574054,10.043749,-0.04571235,23.009888,2.890915,6.308519,-10.255796,10.096789,-38.87836,12.189898,-36.06039,20.30865,28.273558,46.423485
3496042356048668921,150.84436448400612,2.6256833262320862,60,50,122,124,116,0.095233925,0.118761025,0.19121689,0.25906077,0.47788763,0.32937518,2.4561734,-1.978633,4.0525775,3.9903524,4.3913803,0.3075041,7.7958374,26.223328,16.332182,2.970052,4.983327,3.7270982,8.19001,14.897441,8.926941,2.394143,15.813225,28.120993,33.21121
3496042356048668925,150.81536143250847,2.635355866358361,58,52,133,139,130,0.052026108,0.07213675,0.085167386,0.10253837,0.26711968,2.5961878,2.68057,-1.3799845,4.1701584,-1.1845112,4.5703316,0.42063576,7.760824,0.4590028,16.267431,-3.768545,5.440158,1.8081423,8.469402,-13.38675,9.27727,-28.78915,15.749645,23.828989,33.13463
3496046754095178829,150.61450515562285,2.6527431451259424,73,80,202,238,222,0.0622412,0.0867326,0.088245615,0.10406035,0.13578574,-1.3807642,2.294752,-2.5463114,2.734621,-1.3516924,3.2297063,1.4320831,5.307603,6.7767286,11.22728,-0.1718418,4.657697,-2.143856,5.5600004,-5.8068542,6.5586815,-8.1859865,10.77256,14.794116,22.803158
3496055550188200735,150.29801250606965,2.6426235564096365,90,80,225,249,245,0.085111536,0.112731025,0.17058143,0.17077798,0.3414757,-2.0550423,1.9302834,-1.4419616,2.6909964,-0.9406432,2.9627047,-0.18200044,4.921569,5.253904,10.046423,-5.222631,3.9124923,4.803358,5.4676237,1.9501829,6.0087996,7.8315887,9.998419,35.650764,20.377617
3496055550188200752,150.19463182206212,2.645329947631228,89,84,214,250,241,0.03526183,0.049021963,0.07855145,0.116174,0.16828497,6.216626,1.9091349,3.6488874,2.6862195,1.0761708,3.053873,0.710785,5.0058975,-10.863432,10.2311,11.349742,3.8789592,10.71154,5.4758873,4.7073827,6.2085314,2.0230763,10.173715,-26.681343,20.793356
3496059948234710646,150.1083022225312,2.646536512628357,89,85,226,255,246,0.03048921,0.076324955,0.012109863,0.13009551,0.20507686,-4.4144735,1.9811743,-8.71251,2.6378634,-2.2840323,3.0078542,-2.217552,4.94487,-28.637455,9.952168,-18.017582,4.028868,-20.361576,5.349828,-16.683907,6.098344,-6.7186756,10.044587,-22.409569,20.176731
3496064346281222477,149.80007326040035,2.6808072896872694,86,82,215,242,219,0.055747986,0.045958236,0.061349045,0.07259848,0.12509371,1.681602,2.1147654,-3.9907749,2.824488,0.37031865,3.1548967,1.3846474,5.246313,-1.0325128,11.101377,-0.6368859,4.2823935,-7.885518,5.7191887,1.9352897,6.4107256,-17.101305,10.650634,-16.535713,22.517347
3496064346281222497,149.9266864110941,2.631061789961097,93,84,221,250,242,0.09744141,0.08982719,0.14543219,0.1606599,0.37159967,1.1091309,1.8837686,-0.6541077,2.6428118,3.0216353,2.9543211,1.7860204,4.951323,5.783895,10.366573,2.301886,3.7954457,-0.8697705,5.3504467,9.939874,5.96536,-7.318431,9.988516,-26.240742,20.909363
3496064346281222515,149.89432108436046,2.6251917157836906,90,86,221,250,243,0.096613094,0.10975055,0.16769223,0.16424824,0.33822313,-0.43035737,1.8756794,2.3322692,2.6065657,0.60970396,3.0003073,3.3669825,4.9267063,1.5153018,10.2551155,7.543382,3.7685432,7.1624227,5.2299094,1.3836353,6.0202184,-6.608462,9.89279,-6.7581353,20.599146
3496068744327734957,149.60021145339834,2.531540644700149,89,81,214,242,230,0.08025902,0.097417675,0.15600184,0.18487984,0.24580845,4.6286654,1.9681436,9.429031,2.6978478,3.256651,3.0914016,5.57113,5.1036153,-9.924207,10.986366,7.229042,3.987446,17.039215,5.486827,0.09716985,6.2821355,-7.2000976,10.348717,-48.24926,22.301386
3496073142374245752,149.48273926068077,2.641129408653983,51,63,155,190,169,0.07910622,0.05282021,0.09136285,0.13435447,0.18822487,3.512965,2.7180364,0.295786,3.3785598,-0.61150014,3.9244056,5.0300407,6.378057,13.634689,13.90579,-0.018785195,5.587143,-2.4798868,6.8404484,-13.840306,7.993266,6.8972607,12.976636,8.452678,28.23391
3496073142374245756,149.58997302623683,2.658035377988213,83,77,190,228,197,0.12419809,0.097700045,0.16476923,0.17562592,0.31684208,0.29427958,2.1621544,-2.7232313,3.0264232,-4.7714763,3.431955,4.2830606,5.6725974,-5.6452374,12.480208,8.3936405,4.4088535,-8.414165,6.101126,-13.216875,6.971562,-3.887975,11.520913,-28.967205,25.380814
3496073142374245759,149.43207791927333,2.6740510288244708,43,53,117,136,121,0.08817162,0.07508658,0.14352226,0.10030617,0.2513859,-3.7604325,3.0718975,1.9794393,3.803968,8.933319,4.924246,1.170728,8.098658,23.640108,17.872213,-5.6389055,6.157595,-6.830824,7.5861006,15.756874,9.885947,-9.281735,16.250507,38.508427,35.76051
3496073142374245761,149.42023012066423,2.5872907421383964,55,58,132,164,146,0.007935188,-0.09201181,-0.06551382,-0.116830535,-0.22323823,-2.353791,2.9476883,0.023889963,3.6881287,-1.1862152,4.36387,-1.9882234,7.0321255,-41.218945,15.296598,-1.4637879,5.9872828,0.99720764,7.4712043,16.586006,8.850002,-5.4360867,14.287301,-72.34322,31.097195
3496073142374245765,149.5854968687367,2.6403951013876297,80,75,195,231,209,0.078972474,0.026668921,0.15171327,0.015134673,0.29178137,-0.012458712,2.237743,1.9613963,2.9835088,8.718856,3.483817,3.397028,5.619966,13.420917,12.1214,8.844341,4.560948,6.91013,6.07878,32.540123,7.0595236,-4.8925457,11.423923,12.095213,24.594917
3496073142374245766,149.54972170726626,2.700545474411106,68,70,173,200,175,0.08034355,0.073061146,0.12483353,0.1463643,0.236132,9.890035,2.6801825,4.2825994,3.4013007,14.918991,3.9848363,15.928723,6.5521812,26.309553,14.382348,20.565996,5.3721094,10.661617,6.8364606,31.357815,7.962916,11.375477,13.180768,39.425327,28.82813
3496073142374245792,149.40790153395642,2.667023625366928,42,50,104,127,108,0.1027441,0.04270847,-0.018070845,0.0021243144,-0.00671849,0.19553082,3.2201638,0.70090675,4.1504955,-0.6088381,5.282035,-3.3711498,8.141278,-35.665367,19.003706,-8.424689,6.5275145,-6.823227,8.364572,-22.040161,10.729797,-8.091841,16.51763,-29.95453,38.713863
3496073142374245799,149.46607880614826,2.5273606282509617,72,67,177,215,193,0.08229999,0.040746883,0.047784515,0.07974366,0.027241088,2.7462077,2.4801373,-4.2795334,3.296594,7.0808935,3.7363288,3.0327604,5.977808,-16.950035,12.902541,5.480443,5.039251,-9.96632,6.674217,27.891344,7.5827565,19.875887,12.167718,-29.67616,26.154884
3496073142374245803,149.43330169563944,2.512922328680626,63,65,158,197,171,0.10706284,0.10357918,0.15530427,0.19407313,0.38992262,4.6817966,2.581961,-2.9228606,3.343466,-2.098488,3.9614565,-9.5857115,6.497958,4.4984894,14.259755,8.36276,5.2411256,-1.1503183,6.797705,6.346652,8.034388,3.1090186,13.1782055,55.197025,28.958868
3496077540420758962,150.9309710044622,2.6990071994347216,25,23,46,47,33,0.084975675,0.056103762,0.11486776,0.18571755,-0.13041992,-8.662513,3.5452857,-12.578163,5.685952,-7.252415,6.3959723,-18.815996,10.873684,-19.395975,24.905548,-31.511505,7.1423984,-34.802776,11.396117,-51.281807,12.77625,-41.008118,21.916107,-61.9433,49.970325
3496077540420758964,151.04124082043234,2.804977312444163,27,23,34,41,24,0.037970897,0.04990485,0.060729302,0.16041479,-0.057345223,-9.287631,3.3790224,0.7301466,5.5409927,12.403421,6.697866,17.58088,10.774451,11.383875,28.842087,-15.9629755,6.866977,13.382389,11.254793,43.480984,13.603195,55.98357,21.898033,39.147015,58.577213
3496077540420758965,151.0293639457431,2.869978654718266,26,23,35,44,23,0.07998988,0.16108364,0.29587048,0.28013974,0.49983048,-1.7811142,3.6647146,-1.246645,5.364518,2.58008,6.9755645,4.6627283,10.901408,-41.808357,27.482708,8.53105,7.362032,-5.3474216,10.897066,6.3788037,14.181261,12.229666,22.070566,-56.586327,56.00837
3496077540420758968,151.03531491842182,2.817018943622787,27,22,34,43,22,0.12276065,0.14499092,0.2354665,0.17292382,0.36204898,-8.919351,3.3078918,-7.5604362,5.5073667,-16.72512,6.880842,-19.126898,10.709487,-36.31604,28.593336,-18.079752,6.70881,-27.471478,11.186353,-39.287586,14.01981,-63.500786,21.750355,-169.01979,58.061604
3496077540420758970,150.96232515146005,2.7664879937259497,29,24,43,47,31,0.06494278,0.08050514,0.08766961,0.06912681,-0.10718838,-3.0617282,3.5531774,-3.573842,5.5825977,14.230847,6.8214784,7.1369667,11.246176,-50.07673,32.300858,-6.1936474,7.2236443,-8.807276,11.3393135,31.360092,13.834255,24.64156,22.842545,-81.56601,65.48274
3496077540420758972,150.9444097127471,2.7142865960920455,29,25,45,52,35,0.03707125,-0.040605392,0.06429516,-0.067560226,-0.20548922,5.6945124,3.2830155,2.787017,5.2630186,5.9825783,6.626974,-5.000727,10.820213,15.64745,25.619583,16.66262,6.6454325,16.65931,10.7701235,15.773756,13.420287,12.81936,21.93663,-75.6115,52.327755
3496077540420758973,151.03976724667604,2.8443103479978706,25,24,35,41,25,0.07075052,0.07967689,0.099654265,0.19303042,0.16576089,-3.6910098,3.6681376,0.056956556,5.303444,-4.39331,6.584815,-2.6224728,10.809196,-39.894688,27.508242,1.2676841,7.390783,-8.753459,10.760036,-2.3930159,13.375732,-3.3895998,21.979156,-99.47562,55.67367
3496077540420758976,151.04270606429688,2.7503865197153896,25,22,35,41,23,0.036944613,0.031454425,0.03101275,0.13636424,0.10871319,-2.1503637,3.359054,-5.633402,5.6424494,4.312927,6.575809,9.626777,11.139051,13.28196,29.191637,7.930225,6.824597,3.6711786,11.463243,11.853618,13.353522,33.75654,22.619518,-65.544365,59.26697
3496077540420758979,151.06058242202008,2.726252139812424,26,23,32,41,24,0.10021691,0.108264275,0.16150415,0.18212453,0.2548069,-0.399019,3.400886,9.678671,5.502721,-2.834948,7.13966,5.6030326,11.399211,-38.054173,30.44621,1.2294372,6.9081244,18.019611,11.169897,-9.842421,14.498624,1.7142802,23.11375,67.85922,61.626755
3496077540420758981,150.94969878186913,2.8347103446172506,25,23,32,41,22,0.12765464,0.19576322,0.1198316,0.16327438,0.16340075,4.5925007,3.633235,-2.1511915,5.8941765,-15.641797,7.1430097,-1.9762737,11.359792,1.4871192,30.024973,3.0132668,7.3461385,-2.8007035,12.050915,-22.87973,14.649654,-25.248169,22.899221,6.887124,60.732063
3496077540420758985,150.9913114876714,2.7239172084367684,26,20,38,44,27,0.06002338,0.044814643,0.0778915,-0.070697606,-0.1495896,-1.2004341,3.4784002,-5.543042,5.9272785,8.015778,6.561739,16.718304,11.193757,-6.6450305,29.424225,-11.392149,7.066025,-0.84143955,12.007026,6.103815,13.378817,4.0689898,22.707014,-63.761375,59.57132
3496077540420758988,150.97639944979068,2.700643150017144,24,21,42,45,32,0.062202964,0.05793278,0.026237307,0.078013696,0.058660522,2.7462118,3.7873108,-11.906263,6.384343,-0.35097876,6.8860135,-2.2229636,11.413461,39.07814,29.422523,-1.3327924,7.715188,-2.387484,12.806987,8.056921,13.980986,-50.022346,23.264225,68.96349,59.728325
3496077540420758992,151.01222993112123,2.799350982059084,28,22,34,42,23,0.1002953,0.1570069,0.16002283,0.1753943,0.29341596,5.090357,3.4512813,6.1625795,5.9701886,-7.551199,6.9391274,13.181239,10.935156,-41.184208,30.44716,17.648232,7.005685,15.502208,12.057116,-0.47508967,14.139258,21.110136,22.231213,-127.93873,61.837605
3496077540420758994,151.02262379529532,2.7559987292253774,25,21,35,42,23,0.101098746,0.17122681,0.2620551,0.3407111,0.3560396,-1.1013788,3.3069818,-11.544901,5.7594404,10.349565,6.934578,4.2585063,11.087571,36.840054,29.110497,4.75587,6.733664,-8.081742,11.647867,19.48387,14.0545,6.190992,22.490282,21.902946,59.376736
3496077540420758995,150.9809396165365,2.813823742835902,27,22,33,43,23,0.032545984,0.06019683,0.0812555,0.12360208,0.05851554,4.6277943,3.5270305,-4.508039,5.7039165,-10.32178,7.55191,7.699262,11.768946,-40.907906,28.90616,2.6730213,7.1164045,1.3576933,11.458348,-8.029526,15.288491,45.73957,23.770573,9.863267,58.39834
3496077540420758997,151.052429484456,2.8354269791134135,27,23,33,41,24,0.089665346,0.16650413,0.17378359,0.25964808,0.26332012,-1.904856,3.6157417,8.934978,6.5001335,11.149286,7.121876,-11.746194,11.103085,-18.059889,29.402328,-10.5078125,7.2599893,4.899428,13.072449,6.389547,14.325842,-24.165659,22.399315,-69.2502,58.86995
3496077540420758999,150.96900925897708,2.775302479185797,27,22,43,47,33,0.02626651,-0.07314964,-0.20620826,-0.22041956,-0.5651258,-0.47495392,3.4938369,4.844399,5.787395,-7.3640075,6.812952,-6.1615105,11.097082,-29.318907,30.105953,-5.8144655,7.093928,-11.811855,11.765719,-40.837173,13.82173,-8.825716,22.577911,-59.15275,61.76725
3496077540420759001,150.99569557513854,2.7390995715616095,24,20,36,45,26,0.08096864,0.100600705,0.053873148,-0.009631059,-0.12924336,-3.518027,3.5677257,-7.1896644,6.1058073,1.3891981,6.7113686,-2.3887868,10.91137,-55.324493,29.910004,-6.32112,7.1603208,-14.337327,12.258588,-1.6029434,13.472977,10.415163,21.909134,-203.43674,60.056767
3496077540420759003,150.93028135583367,2.7680932399483456,28,24,44,49,33,0.055463567,0.06285741,0.11898841,0.10804828,0.015953338,1.0001413,3.4839544,-2.9468298,5.4235234,-0.85975254,6.493088,2.6918428,10.920819,-18.938555,31.323595,8.755371,7.0778275,22.450716,11.020224,0.62204236,13.185978,-11.171457,22.175264,-24.325472,63.394966
3496077540420759005,151.04943543984973,2.7562609654532237,25,23,35,39,24,0.04309349,0.12212242,0.12032076,0.055376846,0.3328741,7.3559327,3.460606,0.71437603,5.6470375,12.873595,6.8413544,5.544873,11.119065,19.357815,28.269135,12.444983,7.0170164,7.7781563,11.467097,13.147453,13.893515,51.289467,22.563156,62.82985,57.333797
3496077540420759013,151.0020945707532,2.7105193041311324,26,22,37,43,25,-0.007509877,0.00022565246,0.0032682105,0.06752928,0.36113212,-2.3455904,3.7372665,5.2412167,5.725869,10.105258,6.5551915,-5.5135465,11.542884,36.33201,27.708954,-2.947433,7.5356083,7.170058,11.604613,20.451931,13.381459,-5.4275904,23.468117,86.23127,56.65315
3496077540420759017,151.04061902712547,2.7032382717980656,26,24,35,40,25,0.064849615,0.13580713,0.094411485,0.0689066,0.34959394,0.7866376,3.385241,3.4073737,5.414972,11.138308,6.387882,-1.5231203,10.999214,-28.937586,27.092804,2.1358454,6.808617,14.820992,10.895549,17.340065,12.892109,29.101973,22.155144,-36.72063,54.48803
3496077540420759020,150.96192935782017,2.720995391367324,27,22,45,49,32,0.08254251,0.10713692,0.1698797,0.24886853,0.13875116,1.0405283,3.603047,2.095261,5.940209,-4.5721507,6.6710534,12.136439,11.462804,-18.457403,30.812897,-6.274437,7.2632804,-2.3455734,12.061715,4.7575088,13.551398,22.609755,23.23489,-91.147354,62.86721
3496077540420759022,150.9559852138147,2.7932273034546222,28,22,38,46,26,0.12196558,0.13899739,0.10260056,0.18324044,0.20450197,3.3818834,3.3553035,-6.1906447,5.4467635,-1.1624244,6.709005,2.9588206,11.034381,12.165207,29.963211,-3.634452,6.8062606,-0.28274545,11.136111,-21.15263,13.624001,7.475952,22.41375,41.489887,60.561707
3496077540420759023,151.03937769166347,2.8148699564894626,27,24,34,42,23,0.13953811,0.11962672,0.08791322,0.26780012,0.61936736,-2.5591593,3.3749564,-10.908948,5.6715593,-2.8764784,6.7904935,-12.931617,10.87086,-16.622496,28.594952,-7.142686,6.8740425,-34.03189,11.460458,-43.57989,13.825725,-27.749916,22.106312,-112.2684,58.069836
3496077540420759024,150.99169829364124,2.749859439072753,23,19,36,43,25,0.025952265,0.06312802,0.11001163,-0.029271642,0.18452679,-3.7809577,3.6,-6.666298,6.1318226,6.829045,6.532687,-4.836814,11.161979,25.644472,30.74182,0.61282855,7.311815,-13.00808,12.50301,-3.812427,13.265565,-22.653818,22.668106,-57.041092,62.41789
3496077540420759026,150.96800973525333,2.8365861450981638,22,20,31,39,22,0.054751858,0.06817712,0.07714612,0.1683035,0.30023867,5.818623,4.0415235,6.674477,5.815766,7.7126865,7.163229,-2.449558,10.791934,-3.7621264,28.540524,13.904205,8.1451,12.773553,11.722482,-8.971605,14.4534645,16.247858,21.802994,21.374258,57.541683
3496077540420759027,150.89945591772155,2.8848037376980615,23,23,32,43,25,0.100284934,0.07524491,0.13244806,0.11064567,0.17412384,-6.438933,3.7852023,-9.034347,5.504234,-7.241974,6.9029984,3.9277399,10.707519,-8.905247,25.994532,-18.334454,7.675746,-16.433947,11.134373,-6.9779134,14.022193,20.989088,21.714256,-3.9307723,52.788097
3496077540420759028,151.0423815640063,2.8413691705721993,26,24,35,42,25,0.036079206,0.0002776745,0.009448823,0.11390935,-0.0005401751,4.0302863,3.6612456,1.0992062,5.4106793,-7.2693443,6.6630635,-14.833374,10.757903,-8.304846,27.367666,11.1929865,7.436467,-1.5165666,10.987742,10.674412,13.530381,-24.964024,21.843803,-29.108013,55.661037
3496077540420759032,150.976762394115,2.7258267941136096,26,20,40,46,32,0.047701307,0.07556256,0.045859195,0.069519036,0.1290313,-0.19598459,3.4436374,-4.085001,6.1584916,-9.378966,6.785671,1.3633182,11.624836,50.31576,29.851843,-8.111605,6.90011,-7.598947,12.355938,-20.473173,13.62664,-3.0037484,23.344086,149.81827,60.20999
3496077540420759040,150.93139187017894,2.7450445143068376,28,24,44,50,34,0.097472414,0.12910149,0.111615084,0.22942603,0.21419705,-1.398281,3.402599,-8.821218,5.3754807,13.722055,6.252842,18.91266,10.549725,-35.751537,27.050106,3.475929,6.8855705,-7.680401,10.904306,36.347645,12.684561,28.298832,21.449207,-72.326294,54.93471
3496077540420759041,150.94334007224762,2.8229563156673363,28,25,38,43,27,0.04200785,0.07861759,0.090751916,0.18442456,0.08988678,-3.9072104,3.1702263,1.1134278,5.0719137,0.5729905,6.4248266,3.7909808,10.548778,8.5079975,27.940166,0.63576007,6.44161,1.2854332,10.299972,24.179712,13.052792,-21.32783,21.406502,49.647724,56.73783
3496077540420759042,150.92251879329035,2.8518500015565387,26,25,35,44,25,0.037340473,0.06742969,0.09076233,0.048203528,0.08134819,-0.31108594,3.5055087,0.3213364,5.262968,-1.1339436,6.5544696,-6.598636,10.349444,-12.425491,26.070843,10.068308,7.177082,-18.788004,10.675823,-0.5287593,13.30396,-12.750899,21.060238,-0.058986206,52.81139
3496077540420759045,151.0356711085645,2.784358337588886,28,23,35,41,23,0.05822712,0.061893314,0.13936542,0.10208937,0.25623548,6.3164115,3.4483144,1.1653568,5.654375,-3.8997002,6.811913,11.488441,11.063262,-51.71907,30.679266,4.1571417,7.0163555,23.938658,11.487291,14.25322,13.865563,50.034496,22.474476,-55.783028,62.414013
3496077540420759047,150.93295088058213,2.883151094990637,23,23,32,41,25,0.06091112,0.013897878,0.025857463,-0.060883038,0.11422257,-8.1526375,3.7310636,2.038755,5.213342,-15.183205,6.821816,13.223588,10.320137,9.824337,25.655306,-6.1810937,7.578548,-12.821518,10.585352,-33.764713,13.883161,4.9476957,20.956707,4.806684,52.107883
3496077540420759051,151.04015407586203,2.8686648640752734,26,24,35,42,24,0.10863394,0.12522715,0.16940047,0.23957747,0.16751403,3.7962482,3.4065354,-0.427519,5.296523,0.57673347,6.550087,-7.6497455,10.994196,67.59417,26.964104,6.1781793,6.9186497,14.053993,10.758139,12.444414,13.333584,-10.306404,22.332111,90.083305,54.751785
3496081938467269715,150.82904344298979,2.861325965081746,29,23,44,54,41,0.07054137,0.09594324,0.15669173,0.13062412,0.28093508,8.91046,3.2729602,-6.378636,5.507926,7.3356295,6.502818,11.213583,10.12288,-18.60095,25.419853,10.7599,6.646387,-4.583388,11.187843,6.337418,13.2311735,21.409355,20.578712,38.415657,51.716797
3496081938467269716,150.90225931564106,2.731281851169979,31,22,53,58,44,0.06350814,0.13115795,0.14182338,0.005936674,-0.008717736,7.698287,3.8692312,6.6898355,5.735578,12.972548,6.530179,-7.7538557,10.841052,-57.42365,25.709175,24.04004,7.674844,23.85792,11.528701,37.731747,13.155968,-13.504735,21.613527,-83.46893,51.70347
3496081938467269721,150.81985121398188,2.7697846564816198,44,32,81,79,73,0.100876875,0.17050113,0.19641192,0.27346364,0.46305785,-3.561595,2.8263733,4.352379,4.8964,-3.6880546,5.3076587,-2.321993,9.233082,3.8906286,20.161856,6.6546884,5.7315083,-2.3710454,9.932269,-9.802868,10.771165,-1.5939626,18.784698,46.5271,40.86031
3496081938467269723,150.77718095857253,2.849340963155284,34,26,57,61,51,0.015011801,0.029231321,0.060620204,-0.042431492,-0.115571395,2.49485,3.617854,6.2940407,5.801725,1.9736501,6.307257,-4.413712,10.314786,-53.676033,23.855343,9.146809,7.3261323,-0.4395608,11.693449,-28.898193,12.724769,-21.132404,20.791067,-145.34705,48.181206
3496081938467269725,150.8382077573878,2.880591207557894,24,24,37,47,29,0.06707656,0.04954321,0.043833908,0.045059465,0.2975894,-6.835682,3.9628708,-2.0532095,5.7837353,12.370857,7.120675,-23.110893,10.411084,-67.10612,27.75121,-10.339144,8.051454,0.22323841,11.746143,10.340887,14.362505,-31.49284,21.159554,-150.34682,56.42608
3496081938467269727,150.88849974059934,2.721596477218441,35,27,63,64,54,0.086118855,0.17142345,0.2548677,0.10307635,0.3472301,-1.9821424,3.3191385,-5.1181917,5.453763,9.729481,5.8251505,13.437849,10.357399,-3.7608938,23.146559,4.1431227,6.750117,16.519154,11.088262,24.357677,11.851777,18.83574,21.03353,88.854385,47.00905
3496081938467269728,150.82133919785446,2.7521463256073253,48,36,94,91,81,0.09395628,0.13612111,0.2010045,0.15002932,0.3838265,0.020249542,2.7860184,-3.3633726,4.966773,3.17006,5.049874,8.680864,8.809532,-1.4166327,19.78364,-0.8962834,5.6649666,-8.797762,10.085398,10.931769,10.275631,4.208969,17.879633,21.937761,40.212223
3496081938467269730,150.84580575252423,2.838827875638627,22,23,43,49,38,0.2771421,0.8575818,1.8387133,2.0611458,2.0395412,4.043304,3.9034061,35.178696,5.632579,43.483387,6.4310784,52.537216,10.092239,53.658047,26.086864,40.244682,7.937931,122.91539,11.465775,186.05966,13.070742,229.67216,20.54581,327.3899,53.06156
3496081938467269731,150.83054093004878,2.867717430388636,28,24,43,53,35,0.031519167,0.051128164,-0.019955581,0.061342552,0.040850785,-2.2140782,3.2425115,-3.7296698,5.620238,7.3446956,6.413736,-8.158339,9.963347,2.526553,25.618052,-8.361925,6.622061,-11.034071,11.411899,-0.28616264,13.010899,-12.454937,20.278727,56.590202,51.985725
3496081938467269737,150.85425358071467,2.887168571377722,26,24,39,46,30,0.07040779,0.116766624,0.13155074,0.11169511,0.22007842,8.074382,3.9593604,-7.3860807,5.4826064,10.957061,6.9612145,-18.25123,10.642619,32.35435,27.095917,18.378195,7.9642906,22.293571,11.124924,35.95855,14.016754,-27.362776,21.451035,23.704979,54.604996
3496081938467269740,150.74431583842843,2.7786375252154882,56,45,116,117,100,0.041535303,0.08753482,0.12920104,0.1219213,0.11584964,0.62254524,2.4312317,-3.2455301,4.093301,-3.0868616,4.5840764,-1.2798487,7.9250946,-2.6245935,17.562319,0.67043525,4.939242,-6.3643785,8.361132,-11.197849,9.291085,-7.477588,16.134739,11.900853,35.665947
3496081938467269741,150.89686396492573,2.72798446361581,34,26,54,60,48,0.06864527,0.04649684,0.05445808,0.021148011,0.15492313,0.84156066,3.2644827,-3.840715,5.6255126,-3.8248694,6.348098,-22.052786,11.244298,-11.958827,24.555374,-9.7245035,6.616736,-33.269585,11.410285,-17.82707,12.907072,-58.66253,22.79692,-23.607378,49.87768
3496081938467269742,150.78704045661078,2.850894807652939,33,28,56,62,52,0.03930625,0.11115934,0.05924141,-0.013588946,0.028804142,0.3917895,3.333992,2.8018336,5.3313074,-13.126093,6.0324817,-5.1850944,9.69246,24.362843,22.637276,-17.522682,6.7210817,-16.91652,10.888413,-11.588481,12.259097,-7.2389092,19.65404,59.554676,45.81801
3496081938467269743,150.8358800211552,2.829162559877961,30,27,50,58,43,0.15827468,0.42576888,0.47863632,0.4499567,0.1635743,0.025551872,3.3783913,1.2862067,5.4256353,6.5024557,6.4167595,4.2489486,10.352275,68.481514,25.013672,-1.0741336,6.777405,14.875507,10.881015,-9.53255,12.906894,-3.4112961,20.749165,89.07224,50.386547
3496081938467269745,150.79618242552863,2.811556605050141,44,35,75,75,68,0.11808587,0.13264006,0.17506829,0.21397826,0.32436526,2.3518016,3.083095,10.325052,5.3352265,0.7051495,5.975202,-3.5271668,10.224204,-30.753115,22.377441,8.880008,6.28134,21.790586,10.92798,8.834389,12.111191,23.877972,20.721512,-99.590935,45.395782
3496081938467269746,150.7168618648646,2.8260557646096247,52,40,94,97,83,0.07596096,0.101353474,0.18773025,0.22631875,0.25908187,-2.9464748,2.644857,2.5547829,4.4175467,6.668002,4.941938,-4.2142825,8.540146,7.3069463,18.590626,0.05690201,5.3827877,4.442516,8.951136,18.279175,10.054913,10.067573,17.374096,-25.683989,37.78469
3496081938467269747,150.74124686629975,2.8211930453159013,50,37,90,90,78,0.03557078,0.07630709,0.11236816,0.08688077,0.111077406,-1.4335077,2.696463,-3.9433918,4.773853,-2.1903863,5.37695,-1.5115291,8.887145,-3.8622534,19.434254,-0.9003377,5.4869914,-12.681541,9.661026,12.370333,10.883768,8.131681,18.114933,-4.073024,39.610588
3496081938467269748,150.77943040035117,2.8645227941214935,31,25,54,59,48,0.04341371,0.055184007,0.0161751,0.0030746455,-0.11174604,8.096421,3.1133897,2.984729,5.471034,25.978075,6.0138884,10.271628,9.835848,29.16997,24.453075,20.39328,6.3424587,22.035017,11.096647,31.75778,12.253176,36.37243,20.014954,52.556236,49.623566
3496081938467269750,150.84049335198193,2.8717249517623875,25,22,41,48,32,0.020301575,-0.025867721,0.040609434,-0.033364315,-0.18732424,-3.5594704,3.565594,2.0235372,5.4059668,-8.827756,6.6663346,-1.4930594,10.469589,-8.441067,25.668697,-13.312342,7.2432847,-17.96238,10.974891,-19.892023,13.51079,-34.40166,21.26387,-120.644806,52.126038
3496081938467269751,150.87094454071698,2.741669613995004,36,31,72,76,59,0.07931737,0.14082964,0.2833853,0.20921999,0.46750736,5.1116233,3.37058,-8.807374,5.476786,14.388212,6.0080695,10.505137,10.178435,2.7908802,23.346066,-0.2254977,6.8446984,-27.799742,11.123191,33.74,12.199489,32.99232,20.6841,-24.487568,47.067116
3496081938467269752,150.72450372040603,2.850194938574895,36,31,66,73,63,0.051931962,0.101951554,0.06837695,0.043728158,0.038465016,4.639486,3.2710629,-4.912984,4.9597836,1.1037215,5.591814,-6.4778934,9.3106785,-21.063505,20.622026,5.737935,6.553855,-19.806396,9.967213,-4.8542705,11.159682,-4.1483254,18.698235,-65.20553,41.39472
3496081938467269754,150.86182951259775,2.8390994460626424,23,23,42,48,36,0.04001376,0.10201035,0.11498618,0.035851557,0.07815613,0.29699206,3.937386,1.0378414,5.7251225,-2.1525872,6.704771,-17.09488,10.153204,-14.579465,28.05318,2.9917562,7.993771,-6.8873897,11.625616,-10.238036,13.609018,-9.588068,20.657883,-10.371087,56.88604
3496081938467269755,150.8284870915221,2.766833902994978,44,32,73,79,66,0.12966263,0.1371244,0.18859722,0.11962501,0.28656858,-1.6405513,2.849419,-2.2746804,5.079137,1.9027553,5.629987,-22.236599,9.409524,24.062254,23.389841,8.017911,5.749174,-1.0715276,10.236655,11.0145445,11.302647,-33.37436,18.954988,55.621254,47.1191
3496081938467269760,150.8438924459191,2.8439146777978506,26,25,43,49,40,0.07663907,0.092114426,0.076794036,-0.043994028,-0.007361529,-5.3753123,3.762707,-9.206959,5.4300485,-11.652635,6.5045347,5.602898,10.541094,9.743987,25.070824,-14.711352,7.6767373,-22.378016,11.053229,-23.87719,13.231137,-17.846619,21.414473,-4.331023,50.82276
3496081938467269762,150.74014230893573,2.8511644520148236,37,29,65,71,62,0.04722706,0.067186,0.16476293,0.1293014,0.3232583,1.4592013,3.2932107,-4.160682,5.1373763,2.5155864,5.7499056,1.4291526,9.515866,16.416101,20.819288,9.598712,6.650773,5.3543963,10.345069,0.048279773,11.535032,3.9374053,19.133438,-27.761301,41.981617
3496081938467269765,150.79658588898724,2.7660628023777964,50,39,93,93,89,0.10538077,0.16935344,0.24909836,0.30288583,0.53656876,8.159927,2.7885199,2.8798954,4.7293515,2.4533594,5.038897,1.6227936,8.92004,6.0971265,18.56698,7.314252,5.6588116,6.7373204,9.544729,26.152338,10.215532,-7.095565,18.121185,54.70281,37.681496
3496081938467269766,150.83321032823252,2.8840464889930395,25,22,37,46,29,0.11176228,0.16698702,0.26911965,0.18414405,-0.069725946,2.1062565,4.1225934,5.794731,5.750123,9.406074,7.0976067,6.5562425,10.599671,-45.205917,27.058567,2.1641376,8.365415,15.145381,11.694407,2.4941738,14.447819,2.1028905,21.531527,-92.358246,55.046364
3496081938467269772,150.86603259808268,2.8358777574144938,24,21,40,46,36,0.07285403,0.09421283,0.09155285,0.01733373,-0.094075635,3.2192807,4.1262503,9.678885,5.889975,26.846916,7.1290445,10.27949,10.8325,-19.332844,28.314993,-4.457402,8.427581,38.36317,12.011597,34.130627,14.530807,8.358696,21.979458,3.3127449,57.394146
3496081938467269774,150.8569154948526,2.868728605649553,27,24,41,49,31,0.024815634,0.007911914,-0.013756494,0.009481797,0.12045778,-0.7896015,3.4169135,3.6445558,5.3747907,-4.919242,6.6831183,2.5819294,10.241661,-8.295546,26.327623,2.5349057,6.8920074,-1.5264088,10.867269,-5.0129385,13.477507,3.2826185,20.682045,-30.53441,53.144974
3496081938467269776,150.7775225877131,2.8857067668165106,28,23,48,51,44,0.064812645,0.11771189,0.20098196,0.0993132,0.3405434,-1.9958392,3.5809257,10.721272,5.543525,2.9011507,6.5379753,-8.367303,9.942098,-45.639465,25.687656,3.3066702,7.2812614,12.623712,11.258389,0.23858513,13.272176,-13.491862,20.288784,-108.0606,51.939716
3496081938467269778,150.90112202403137,2.8494827540579846,24,22,34,43,28,0.0505326,0.06731294,0.101284884,0.056403354,0.16103294,4.678165,4.099421,3.4946237,6.0713854,4.0640945,7.39555,6.6919365,10.600677,25.386738,26.560614,32.642826,8.329924,16.51082,12.329687,13.925362,15.022723,5.204869,21.555197,110.49562,53.955242
3496081938467269782,150.84617463273378,2.8591928007367375,25,22,41,50,37,0.09738218,0.11748548,0.14155869,0.095643036,0.075926855,2.9841316,3.4198804,-1.017136,5.57082,15.1827345,6.5318036,6.307604,10.442167,51.51009,25.418865,4.0688477,6.86419,-8.36802,11.1822605,14.76762,13.156002,-6.4142714,20.951317,23.777859,51.02289
3496081938467269783,150.7607185216393,2.7941684525155215,51,42,93,98,82,0.08747253,0.15298031,0.16615912,0.18931668,0.38840464,0.6456745,2.6593924,-1.2717112,4.5325894,-2.2340324,5.1671853,-6.7325325,8.981516,-7.497192,18.965672,10.620311,5.40388,-3.6002853,9.202151,-17.70113,10.461622,-9.64399,18.361382,-18.036213,38.50342
3496081938467269785,150.90409188005694,2.7001710079663046,32,24,58,55,51,0.06868426,0.146545,0.21909548,0.12447169,0.43214154,1.8655992,3.6931603,4.1880927,6.1459837,1.6244248,6.3544645,6.811268,10.71963,-47.36049,25.327137,-0.31503147,7.522061,13.960337,12.504936,17.109121,12.916508,45.954243,21.764717,20.931368,51.402824
3496081938467269786,150.87360907139575,2.7454112801813766,37,29,68,70,56,0.094250515,0.0985889,0.1289492,0.19079773,0.27502245,2.0302355,3.1563866,1.9999305,5.5391006,6.499559,5.9557896,-1.3375865,9.941138,-11.835465,23.277792,-2.7738135,6.3988895,-8.718685,11.197684,-10.298702,12.014719,-12.018648,20.08624,-61.05764,47.060757
3496086336513779391,150.70209766755312,2.8217688816118933,54,43,106,110,96,0.064507745,0.061425846,0.08468781,0.05728132,0.23907411,0.855469,2.6353736,0.06785233,4.5964913,-9.224349,5.0830207,-2.9007623,8.547939,-15.74589,19.450863,-7.332137,5.3603735,-24.017536,9.255622,-17.68266,10.316015,8.333064,17.322779,-19.061064,39.322643
3496086336513779418,150.7177215935912,2.8848931279739065,30,27,57,59,58,0.12805103,0.18934134,0.21642488,0.2997447,0.41006494,-2.5761456,3.4018652,4.925042,5.3206873,-4.2601967,6.087582,2.2026582,10.351397,0.2126472,21.515818,-1.6168455,6.908614,2.0864868,10.793522,-4.9439964,12.312395,14.326526,20.955736,95.179955,43.733288
3496090734560289989,150.41757836733103,2.8357501340978253,68,67,185,208,192,0.1013099,0.12011066,0.140619,0.13903582,0.32574418,-0.40763298,2.3165896,-0.80664563,3.095068,2.2522397,3.4190407,2.7793784,5.5588217,3.460914,12.285322,-2.9929793,4.7280126,5.4438987,6.2799067,7.2749333,6.9317217,-2.6589787,11.314743,31.360912,24.915495
3496090734560290020,150.4530920628163,2.878019084178886,53,56,153,161,148,0.1046419,0.12721296,0.20165186,0.16587356,0.25635967,-1.8599229,2.782141,1.3672734,3.3205428,-8.139135,3.78074,6.769727,6.3794894,31.718306,14.105842,2.4894764,5.650593,1.2682657,6.7478085,-17.02478,7.6826124,-3.8051724,12.95385,1.6084768,28.672647
3496095132606801026,150.2791440243007,2.8511137030064444,71,75,194,211,198,0.022919593,-0.0059368033,0.0059899627,-0.0043384917,0.16253574,1.9983197,2.3369298,0.8491643,2.8949542,-0.042134892,3.4391887,4.5852222,5.722619,-13.909712,12.370442,7.6924458,4.751121,7.4333324,5.884651,-8.181953,6.971298,-3.2486696,11.627469,-43.103912,25.158863
3496095132606801032,150.16393201128028,2.784431462603538,88,86,218,256,234,0.06724561,0.06199469,0.101225615,0.100459814,0.20579062,-0.31570774,1.980784,-5.984477,2.7809713,2.7600288,3.127428,-7.1785145,5.164246,2.9742355,10.942147,3.459686,4.0237374,-10.867278,5.645908,8.294606,6.343717,-16.036814,10.490386,23.617819,22.203081
3496095132606801046,150.22078930349767,2.8096316793599256,84,83,225,252,227,0.059103843,0.08505526,0.12495363,0.13099937,0.25250554,1.0112821,1.998064,7.430549,2.734175,2.179647,3.0379932,-9.552518,5.147632,8.092461,11.174002,8.300607,4.0626087,5.5073514,5.5477858,0.80502343,6.17888,-11.985597,10.433242,32.727757,22.666477
3496099530653311425,150.06161483810163,2.7980917070985183,89,88,209,254,228,0.11267651,0.17852832,0.19787273,0.27991897,0.46915343,2.827995,1.9386281,1.6969552,2.715707,-1.5910703,3.181684,1.7875941,5.126275,-3.8783023,11.085944,6.660709,3.9425433,-1.8295118,5.513692,-6.439305,6.4686966,5.4825234,10.418141,-17.031729,22.4818
3496099530653311426,150.08603966713068,2.884791802432752,79,76,189,198,170,0.3058785,0.638181,0.88362366,1.2250408,1.2880707,8.876525,2.166974,15.297252,3.071223,26.556591,3.480426,40.60953,5.932173,46.63069,13.111753,34.128838,4.394896,64.72711,6.230948,109.638435,7.059279,148.5335,12.037538,171.7883,26.621016
3496099530653311436,150.0105015576736,2.811754337489709,90,88,218,250,218,0.058663797,0.078006774,0.07240154,0.12089778,0.22189824,-2.6809728,1.9521734,-1.7051438,2.7608616,0.4880887,3.1213033,1.332993,5.1809335,-17.252678,11.531978,-5.0275807,3.965816,-1.0240562,5.6128755,-5.240357,6.3431454,-1.4568084,10.52767,4.2639728,23.393316
3496103928699823662,149.85792337911772,2.787682990494338,86,81,208,248,212,0.084966004,0.10246154,0.099589005,0.16881736,0.16113403,2.9626088,2.1139288,-0.29121944,2.8879097,3.3060675,3.3612154,-5.3038554,5.4777904,-2.928446,12.094293,0.46086672,4.29952,6.0032277,5.877667,1.8278941,6.830976,-11.420076,11.114843,12.108667,24.559933
3496103928699823669,149.95753540793484,2.7419362789253823,86,80,210,238,231,0.08182601,0.10643075,0.1285201,0.17508815,0.13121182,0.47119004,1.969296,1.450525,2.7494898,-2.9701946,3.0923584,-5.136338,5.1562557,0.09237388,10.912035,-5.3892794,4.0040402,-9.2987585,5.572997,-8.870805,6.2798853,-22.161045,10.465776,10.699604,22.105597
3496103928699823676,149.81557101059335,2.877582422007334,65,64,156,177,160,0.106511205,0.0955429,0.11508193,0.17290953,0.2952557,1.5095435,2.4999003,7.6656733,3.4278138,-1.1754122,3.994417,-3.3967888,6.475727,-8.082523,14.054399,11.060557,5.070753,9.79342,6.9538865,-12.60932,8.10473,-25.185543,13.179418,-12.704803,28.548422
3496108326746335450,149.7334376870552,2.879228112524318,55,55,124,150,121,0.077951364,0.09996835,0.087539665,0.08461511,0.31436116,-2.4768863,2.693572,0.6805623,3.5457084,-0.6954823,4.2335014,-9.266281,6.836735,-23.510096,15.793304,-9.241757,5.441303,-4.4822893,7.215169,-8.13084,8.607771,-24.797039,13.884926,-9.007903,32.093254
3496108326746335476,149.66663335449306,2.86020998894937,46,45,112,131,113,0.08834741,0.09790179,0.155846,0.16651958,0.36994883,-0.93289465,2.909301,-1.857713,4.0230274,-0.6419022,4.543902,-11.068827,7.4509535,11.675269,16.21015,-9.707715,5.867171,3.0853536,8.144357,7.215419,9.194982,-5.149328,15.041984,42.66825,32.83445
3496108326746335486,149.59496888428225,2.7678297992541268,67,67,165,175,160,0.078022905,0.13585888,0.14486212,0.13704324,0.4153133,0.52793187,2.6401484,-2.1523511,3.4687245,0.52571,4.1284075,0.4026664,6.7432747,19.991732,15.326496,-6.156695,5.320255,-9.314244,7.0980554,-11.67633,8.388008,7.988603,13.727639,31.894579,31.08345
3496108326746335492,149.69185566755448,2.7622798555105486,70,71,191,220,206,0.05049195,0.036805976,0.04744478,0.06875594,0.28200048,-2.7174087,2.2712083,-3.759455,3.1876051,7.361081,3.4972754,18.906635,5.8640347,19.64039,12.303439,3.7747934,4.6066713,4.0965395,6.4867325,16.380268,7.1049547,14.207016,11.882282,37.437054,25.012993
3496108326746335493,149.6796492316557,2.7983890038993215,64,68,163,187,164,0.07184814,0.11804575,0.13839234,0.23305619,0.44392717,2.2620368,2.484204,3.573279,3.21023,7.0307326,3.7530625,9.885012,6.372159,8.982668,14.043297,4.9326005,5.038173,9.672172,6.4943943,2.5508735,7.6488495,10.407501,12.93971,51.793385,28.50944
3496112724792847028,149.45475177312323,2.8333450359036676,33,33,61,71,58,0.119064756,0.10990075,0.14782266,0.17634623,0.5594676,4.3367786,3.4289076,4.0309587,4.7933784,3.7336934,6.2672367,-12.105038,9.986061,-3.7147682,23.215178,18.315233,6.9636297,9.06761,9.746292,2.4262953,12.715772,-26.433485,20.293913,-55.276787,47.217194
3496112724792847029,149.49047579964386,2.8550178755589393,34,36,72,74,62,0.066641256,0.12242833,0.041059885,0.19420113,-0.0029796183,0.4796633,3.3934855,-4.338912,5.2191815,1.0867666,6.0982428,-6.4027033,10.067145,-4.6880326,22.082392,8.318618,6.8872967,1.5103999,10.667112,24.320417,12.394611,15.258833,20.415966,2.750807,44.868095
3496112724792847042,149.4696734453051,2.794816002358033,41,44,90,105,81,0.039616354,-0.0051796264,-0.0014877483,-0.010189779,-0.14589606,-5.485914,3.7310941,-7.992744,4.840156,-2.7250297,5.8229446,-3.2286367,9.572103,17.362268,21.178452,-13.460237,7.5665493,-0.9609434,9.840278,-36.095875,11.830903,-5.6755934,19.492485,-2.585511,42.965157
3496112724792847044,149.43392888257046,2.814061280124594,32,33,57,75,57,0.07200131,0.12337775,0.13184364,0.12928544,0.6320259,-1.4880694,3.4100943,-0.4457652,4.7765474,7.350973,6.208435,3.113965,9.942625,17.818672,22.76874,-0.33287376,6.912443,15.191347,9.72589,20.795612,12.614082,5.608815,20.183382,75.604805,46.41474
3496112724792847048,149.47425703979434,2.776396525266128,43,43,102,115,98,0.05697222,0.06387811,0.10655641,0.0224709,-0.08594919,-4.131238,3.372342,-5.181336,4.5896792,9.048954,5.711857,-18.87556,9.171171,26.930109,20.06895,-5.24933,6.8096843,-16.737366,9.266596,-14.432421,11.517807,-4.888931,18.527428,13.957058,40.56651
3496112724792847055,149.40867163869487,2.708877016375495,37,42,89,105,87,0.042610064,0.021637764,0.039181866,-0.039277248,-0.049684945,0.34698805,3.2660472,0.50839376,4.783504,-2.035113,5.6038322,-20.731209,9.338562,1.3230405,22.167408,-8.486962,6.6238155,-16.94203,9.702257,-13.637191,11.415736,-29.03471,18.946005,-69.074684,45.12348
3496112724792847057,149.48977143914772,2.7715466508563,47,48,110,125,108,0.08964714,0.16244254,0.1717877,0.22492547,0.330669,-2.7638695,3.003317,10.882832,4.2758174,4.522738,5.1079535,15.895146,8.451928,7.0779676,18.764791,2.9527514,6.1156697,25.203262,8.636031,18.361078,10.378417,59.915535,17.150944,-63.93086,38.147457
3496112724792847062,149.47190881769626,2.8076483705495754,35,36,74,88,71,0.034555722,0.06288806,0.034221627,0.11703447,0.006207868,4.126867,3.7369995,4.155149,4.7836537,-5.591613,5.8903093,24.062027,9.381412,22.96923,20.643564,19.752232,7.5780625,18.633783,9.695971,39.916477,11.927575,51.12172,19.039011,75.31863,41.83742
3496112724792847068,149.5523511202749,2.7025287877711155,68,71,168,195,172,0.08899013,0.101655595,0.11826526,0.08797986,0.2543016,-1.145468,2.4738827,-2.7971954,3.274538,-1.9640018,3.7042878,2.6853874,6.2563076,4.516934,13.63656,-1.2623811,5.0272846,-3.6364472,6.6245413,3.127633,7.5248146,0.39236325,12.685347,-30.806953,27.677795
3496112724792847075,149.56275297279737,2.833927070678948,45,41,92,113,84,0.07805221,0.045119204,0.05217891,0.040637415,0.26341218,0.5001679,3.0995543,5.04397,4.281243,6.790229,5.20049,-6.5185146,8.324724,12.613025,19.817968,3.5384438,6.298579,-1.1623087,8.750969,24.900301,10.585737,33.654144,16.932377,61.10151,40.24751
3496112724792847081,149.43654024115912,2.7375443283002694,40,42,95,114,98,0.03475213,-0.0003298987,-0.036709126,0.024314554,-0.013230982,2.6744306,3.216002,3.9423993,5.009112,-7.7872,5.5645537,11.889974,9.244809,35.806557,19.87692,4.2846003,6.543111,1.1707003,10.1269,-2.6405869,11.31944,13.905845,18.747515,49.359535,40.42268
3496112724792847084,149.57053076632647,2.882201781050619,32,32,71,82,60,0.079887204,0.046852823,0.07518111,-0.023708591,-0.17101312,-3.531119,3.840724,-5.551706,4.724129,3.100174,5.5574045,-12.872137,9.198341,4.0386,20.65352,-2.8324187,7.622297,5.0880013,9.524956,-11.380506,11.215156,-34.368683,18.51925,61.867,41.85031
3496112724792847086,149.43353487278574,2.85073327810373,28,28,50,59,47,0.03521137,0.047418382,0.03574472,0.036180455,0.1580495,-2.4715939,3.5477161,-6.740601,4.9332094,1.1905335,6.155191,7.0505295,10.047003,-18.936949,22.813774,-8.5125265,7.167369,-10.423011,10.00961,2.6759522,12.46962,33.535126,20.381725,-29.933975,46.246487
3496112724792847089,149.4097652889142,2.756795656735315,36,40,73,91,67,0.15253516,0.18018624,0.070224516,0.018427633,0.20742193,1.4727899,3.404418,6.3828096,5.3169765,7.366885,6.034323,6.990425,10.184056,15.629484,24.410633,11.331645,6.944536,16.877428,10.734832,3.3043296,12.271755,25.471155,20.730494,75.097305,49.136623
3496112724792847095,149.47971570646533,2.796175684064002,39,42,89,111,83,0.08345158,0.049575664,0.0741437,0.07832095,-0.054327663,4.454606,3.8570855,-0.19271487,4.886099,-2.9492733,6.0300584,-2.649724,9.689483,36.37537,21.503044,-12.1191025,7.823984,-10.4193535,9.925753,-13.759045,12.207296,18.909954,19.769232,-2.927264,43.723362
3496112724792847100,149.45963195113828,2.792149823196564,40,43,81,100,78,0.079433836,0.10330732,0.033348117,0.06917661,0.11884031,1.0685899,3.3966408,-8.072,4.8670607,2.246347,5.8395066,-11.124146,9.681273,-52.23869,21.366451,3.6352937,6.9516087,5.153832,9.881369,-11.452897,11.844503,-13.2832575,19.679373,-149.43599,43.440144
3496112724792847101,149.41199393170592,2.698194501497184,31,42,86,99,86,0.06118293,0.09484165,0.09231278,0.28706583,0.07954761,-2.9655168,3.3128908,2.3165438,4.693232,0.8007477,5.555682,7.175198,9.305818,20.835098,20.01277,1.4423784,6.731286,12.431835,9.500707,12.486928,11.286358,46.569607,18.919226,12.931661,40.693886
3496112724792847102,149.4447088143804,2.83305818625159,31,32,59,70,56,0.02774195,0.043933827,0.09630435,-0.0022514886,0.03212709,2.4663363,3.4426973,5.8055096,4.8448615,-1.8061512,6.1816664,-4.9504604,10.143513,27.751875,23.47729,15.213699,7.001649,21.31331,9.850026,9.878136,12.528783,-37.531216,20.61127,46.225494,47.46049
3496112724792847103,149.56380760028603,2.876479624722606,32,32,66,80,58,0.10927963,0.14575566,0.112088956,0.13554648,0.3037877,7.1578317,3.6356971,9.7099695,4.955376,13.215453,5.8781934,34.597374,9.439563,2.6809099,21.446209,7.693801,7.373437,1.1753069,10.034938,16.994612,11.939889,76.860405,19.152958,-52.9905,43.53403
3496112724792847108,149.58335995740612,2.7970230130381433,53,56,130,153,126,0.03546808,-0.0117012,-0.0014562947,-0.012578045,-0.030478839,-6.5329514,3.1352825,-8.49613,3.7241743,6.0844517,4.618981,-10.597392,7.294295,7.004589,16.585089,-7.6134024,6.262517,-10.959184,7.475405,11.027125,9.279429,-10.714846,14.717319,16.175005,33.424114
3496112724792847110,149.4819511791541,2.809008058030652,38,38,81,98,76,0.04294776,0.09308225,0.07945093,0.18135384,0.066549495,-4.628116,3.562117,5.1618185,4.662476,16.608133,5.9111137,17.072289,9.357086,-20.719345,20.848864,1.531658,7.244579,14.486712,9.469544,39.928555,11.985774,49.700706,19.003635,-10.683693,42.31996
3496117122839359093,150.98681578487455,2.9796950296842377,26,22,34,44,23,0.06610341,0.12824461,0.05716581,0.21274875,0.13577004,-3.5049067,3.2556534,-4.979289,4.9924955,17.681005,6.282478,10.860157,10.070035,-10.195802,25.990181,-2.1367426,6.574067,-6.0594354,10.176223,26.859076,12.745545,54.70177,20.374466,-28.974375,52.576313
3496117122839359095,150.98976777426836,2.9044842459509432,25,21,32,44,25,0.062293876,0.13726282,0.07502826,0.11626181,-0.028990436,-1.0861089,3.334852,-0.44537604,5.505606,-4.968675,6.7494884,8.478628,10.391861,-35.441364,27.628582,-4.111929,6.7658334,2.4852424,11.225609,6.7553234,13.719157,5.793292,21.097485,-42.14644,55.813126
3496117122839359098,150.97788113139728,3.0031981507065337,27,22,33,42,25,0.06675782,0.08600299,0.09316272,0.10879266,0.015800085,0.8196807,3.1770387,0.13619344,5.3056126,2.1318612,6.3793297,-3.3131008,10.075525,41.976604,25.558762,0.8515197,6.3963695,-5.286987,10.64591,4.9392633,12.810926,34.054276,20.228968,71.326225,51.283566
3496117122839359100,150.98386584935645,3.0596152925093207,26,21,34,44,24,0.09186866,0.06118633,0.0056967465,0.14597526,0.23349108,-1.433347,3.380265,7.533047,5.2831717,3.0839489,6.4838996,-2.087409,10.357126,-56.90658,24.911346,-3.5432444,6.883352,-8.482292,10.7721615,25.306482,13.236511,26.981306,21.033428,-89.189476,50.60268
3496117122839359103,150.99129238648462,2.96322281908577,25,20,33,42,22,0.103707366,0.09816967,0.12075116,0.23287645,0.26680684,7.55576,3.3026745,-8.473398,5.5118713,-9.620268,6.6237535,7.3082795,10.188934,-21.377754,26.429678,15.226846,6.699627,3.2592974,11.19676,1.1726481,13.400258,23.687223,20.68873,23.919907,53.48055
3496117122839359104,150.9079082724661,3.040871270239884,27,24,34,44,25,0.12354742,0.15801017,0.22574735,0.4303023,0.5820371,-3.1155336,3.4099672,6.2596784,4.96201,0.45519766,6.3210955,-2.379599,10.253089,-3.9699922,24.142273,-12.073207,6.8679557,-4.015586,9.970393,-6.8949513,12.703797,21.952282,20.580328,37.996048,48.53064
3496117122839359108,150.93247104473437,3.0565234568102286,23,22,32,39,23,0.051435135,-0.04934633,0.0037343816,-0.021907108,-0.010880623,-3.4269755,3.731768,-0.48074567,5.327551,-2.5261426,6.6383038,-6.8197856,10.702086,-25.856033,26.033808,-1.3619479,7.5746317,-4.838492,10.857014,-5.272442,13.483021,-16.24872,21.716103,-35.49221,52.898087
3496117122839359112,151.01300857917036,3.050964039731478,26,24,34,43,26,0.0679755,0.07552646,0.06672583,0.09607222,0.21099848,5.8652644,3.5641334,-2.7253468,5.12588,5.5824327,6.430042,2.68038,10.213337,-51.609074,24.204943,9.835971,7.194872,14.361815,10.376507,14.280778,12.964512,29.985636,20.706953,-78.23703,48.98047
3496117122839359114,150.98304696601423,2.9169925132111816,25,21,35,43,25,0.089584574,0.068719104,0.08818449,0.11325124,-0.021799797,-6.1983924,3.2878482,3.8465397,5.4277115,0.8939325,6.5233407,0.41842735,10.243378,-8.616967,25.852274,-7.5690384,6.7235394,24.164478,11.024579,12.023297,13.320863,20.582256,20.823946,-47.090965,52.352814
3496117122839359116,150.94286515660926,2.90530717322864,26,22,32,42,23,0.06123213,-0.00050629216,-0.10647449,-0.0736407,-0.12518652,-6.995977,3.2691371,-6.841594,5.353842,-11.498566,7.05277,-13.972008,10.219301,6.6956263,26.153904,-29.264793,6.629916,-39.415966,10.869498,-33.998863,14.320718,-15.747142,20.769524,-65.82626,53.106014
3496117122839359118,150.97862061597488,2.9405100020219463,27,22,35,44,25,0.08192296,0.10758843,0.14357483,0.19719313,0.2076896,3.4744925,3.2913086,-5.6815495,5.2374425,-4.426458,6.253418,-13.555677,10.035276,31.256605,25.425915,-7.2577057,6.6822968,-13.720679,10.638778,-0.52818644,12.698616,-22.18611,20.385832,1.2811126,51.538097
3496117122839359122,150.91309167143,2.975822852984871,27,23,34,43,23,0.041578613,-0.01981791,0.015980752,0.12096883,0.07617769,3.2410796,3.1483347,-1.4874519,5.2216687,-6.0344057,6.3678117,33.090706,10.442016,6.9456263,26.340483,10.163359,6.3813686,2.7810535,10.562663,0.5413973,13.008487,92.30791,21.225506,-79.119865,53.681015
3496117122839359126,151.04078684737095,2.9159269601119298,24,22,34,42,24,0.081495196,0.16985238,0.14889324,0.24892405,0.3698036,10.486212,3.5608432,10.284935,5.4782,-5.54177,6.5406566,13.67704,10.337193,20.238222,25.21005,18.766685,7.222629,21.632074,11.122428,-8.328807,13.271831,14.802398,21.051514,47.036777,51.207626
3496117122839359127,150.95742637358163,2.9723894444104335,27,22,34,42,23,0.08662197,0.097667046,0.13795978,0.18482411,0.30656442,5.4392595,3.1494842,-1.097728,5.2254276,-0.51553845,6.2072644,20.373484,10.012522,10.298987,24.76219,-3.4089317,6.4132175,-6.297913,10.55913,6.254944,12.639334,33.69774,20.33194,-58.077774,50.46642
3496117122839359128,151.08252017463542,2.9464557236606943,22,20,33,40,24,0.035286307,-0.04725711,-0.10184113,0.010584743,-0.1047273,4.152913,3.651036,-14.490586,5.7826867,-11.7601795,6.5902815,-11.583576,10.769751,-26.294075,25.395224,-10.857736,7.406116,-43.07104,11.668094,-61.202644,13.390824,-63.99877,21.825047,-91.06006,51.47295
3496117122839359137,151.0094738297305,2.8893078755700863,25,22,32,40,23,0.05506096,0.05824879,0.02852484,0.10766927,0.06798567,-3.0887284,3.6531353,-7.469228,5.2724485,2.93984,6.6675916,-1.7534993,10.267066,-43.333897,25.452934,6.5862875,7.4082985,-11.205982,10.710831,-0.42158422,13.543197,-25.620657,20.851603,-16.173008,51.699875
3496117122839359138,151.0214751500198,3.058562526801603,24,20,33,43,23,0.08912001,0.10442055,0.15875645,0.26518494,0.110321745,1.7921007,3.5105648,-2.6742516,5.7936,6.5607533,6.754842,-8.242065,10.399696,-47.47854,26.936317,-1.0386826,7.150504,-16.538288,11.765577,-3.8342607,13.709572,-17.140125,21.134886,-35.794323,54.53165
3496117122839359143,151.06392609978445,3.027973707639934,26,23,34,44,23,0.061466314,0.029598314,0.04739428,0.00783481,-0.07124608,-2.8087668,3.3790848,-2.7497911,5.33055,-7.8200746,6.719779,4.9833813,10.390582,-3.334675,27.589321,-8.527573,6.8670096,-5.9373517,10.78915,-13.668533,13.660684,-34.179565,21.099257,-82.8275,56.327473
3496117122839359144,150.98048017927422,2.9222196713056734,27,21,35,43,25,0.051377084,0.044044733,0.10697145,0.036573183,0.08471408,1.191642,3.1682096,-5.3949003,5.364188,6.4858537,6.4661803,20.227924,10.01165,-29.901638,25.605398,11.749031,6.430087,-0.5300409,10.897853,17.569153,13.18117,4.878046,20.375992,8.202993,52.016083
3496117122839359145,151.02819779477628,3.0491338155091263,25,23,34,43,24,0.08220925,0.07142812,0.08826441,0.04776217,0.11316222,0.7187158,3.929724,5.9890804,5.481099,5.9752197,6.4644485,-7.5434833,10.312459,-17.488848,25.277073,-1.043433,7.955216,19.664722,11.038176,30.262617,13.142813,16.781992,20.904564,8.647475,51.341812
3496117122839359149,150.986452145878,2.999803419204248,27,22,35,45,25,0.11355109,0.13216262,0.1698262,0.13427827,0.24211057,-4.104951,3.3038383,-6.247167,5.1700244,1.7684364,6.1887283,-2.6110868,10.297778,18.197634,25.979147,-7.416443,6.664434,-2.332531,10.574842,25.847391,12.623456,16.173243,20.932087,-83.305305,52.677444
3496117122839359151,150.9149464502229,2.944982143948562,28,24,36,43,24,0.058699366,0.06512534,0.026818033,0.014291223,-0.05299758,-0.30444208,3.2985053,3.4231074,5.315004,-4.479994,6.2798104,0.12980025,10.082288,-13.355691,25.208376,-5.095654,6.6960964,-0.98031133,10.83637,-15.786789,12.745452,-16.790134,20.478323,-4.7603593,51.250217
3496117122839359153,150.9983121703303,2.895567256672672,20,20,31,39,22,0.03887661,0.072315596,0.094616935,0.08287753,0.10672006,-4.2079167,3.9587936,5.639793,5.727376,-0.85229445,6.9920845,10.028192,10.907938,-24.13475,27.751842,1.0561129,8.047485,8.227101,11.710435,23.810951,14.17018,30.019022,22.153723,-5.074852,55.954124
3496117122839359159,150.9491661491368,2.893265820899003,25,20,31,41,21,0.062137756,0.006191154,0.037729494,0.016049748,-0.17771657,0.75580996,3.8519819,2.1465704,5.7026553,1.8810418,7.050929,17.08248,10.60594,-25.640844,26.46126,-3.5088987,7.8198767,-3.5272388,11.597778,1.2045958,14.4081745,-2.7309062,21.501009,-135.9115,53.679543
3496117122839359160,151.05944851684765,3.0412731204530217,25,23,34,43,24,0.06591429,0.06417693,0.053919554,0.06347475,0.2530742,1.6391083,3.6089232,5.6968985,5.268049,-9.708605,6.51427,7.800918,10.456123,11.574517,25.343546,2.2069528,7.3256416,-9.793567,10.69169,-3.8790321,13.228476,27.931911,21.202986,52.3199,51.472515
3496117122839359162,150.97590650864223,2.922854652125968,28,23,36,43,25,0.050086703,0.045885127,0.0038054066,0.2899004,0.04440478,-7.778367,3.1181216,0.6295454,5.4502215,-0.18165082,6.4418902,-1.066744,10.411778,-24.45484,24.928938,-15.848877,6.2969136,17.467047,10.975421,4.414204,12.947029,26.004835,20.96313,25.269894,50.251347
3496117122839359163,151.04745924854728,2.9015523181954466,25,24,35,43,26,0.056265112,0.13298556,0.10724899,0.022376204,0.18571734,4.9147916,3.406805,-5.5214667,5.7117743,4.9014406,6.370912,-16.205515,10.369649,-2.91488,24.89747,-8.836087,6.935225,-32.090626,11.66002,-6.8299804,12.900372,-37.357365,21.033998,-65.36071,50.395588
3496121520885870977,150.7845732449135,3.0030001384053646,27,23,34,43,25,0.065952435,0.06793494,0.11630586,0.12470173,0.051225793,-3.6318142,3.0959396,-3.8712234,4.9624963,9.063676,6.1677184,-9.901295,9.88114,-22.259556,25.35721,-6.5689464,6.2877736,6.665862,10.082286,6.2283983,12.523681,-7.5694785,20.04501,-37.496742,51.504555
3496121520885870980,150.87003442304237,3.0194242419440362,25,23,35,43,23,0.09359539,0.085156985,0.1056261,0.10500048,0.24969725,1.8291488,3.2355042,-6.750443,5.0683928,2.2369165,6.213627,-0.23765236,9.908058,15.737655,24.984976,-4.939912,6.5747156,-9.079027,10.297014,5.708635,12.626487,-4.0904512,20.126148,107.57905,50.74202
3496121520885870989,150.8287875365508,2.9230547172202117,26,23,36,45,26,0.056966312,0.047319572,-0.0050605526,0.052084688,0.018145433,-1.4289399,3.1099918,0.9653537,5.6060586,5.6750374,6.353184,-6.5187187,10.40973,-8.511818,25.600965,-1.5144975,6.30914,-5.2622333,11.371157,-2.3392544,12.941916,-25.42468,21.16006,-49.67843,52.074112
3496121520885870991,150.76169200333348,3.039822636737936,27,24,35,42,24,0.0932398,0.14046364,0.1253135,0.21961527,0.3008923,2.1384816,3.256779,15.505555,4.9916596,9.493087,6.1947765,4.586049,9.976803,17.674286,24.809057,2.9899576,6.5920095,13.219429,10.132168,21.311438,12.639017,11.002743,20.287695,19.984556,50.497124
3496121520885870992,150.81962384895903,2.9058427122891635,24,20,38,46,34,0.046707146,0.07043266,0.03391997,0.06415087,0.13175043,-4.7973757,3.365088,-4.7818184,5.6084304,6.222989,6.6003075,-12.506697,10.130283,0.80333394,26.924316,-12.2146,6.8363833,-2.7155476,11.371971,6.0035872,13.393234,-15.36365,20.591421,52.59175,54.688328
3496121520885870995,150.88681730964802,3.0421353632432133,28,25,36,42,26,0.053520318,0.07866728,0.097497806,0.179308,0.43739495,0.8245612,3.3511145,8.420136,5.00098,-2.7263665,6.064467,3.6889536,9.9080105,2.2934482,24.403847,-4.449608,6.8120155,14.20064,10.1534815,6.942677,12.319224,9.348821,20.081755,-13.77694,49.560722
3496121520885870997,150.80136399189433,3.0492274015315677,25,24,32,40,24,0.050139092,0.06757844,0.12718582,0.16176897,0.04667601,1.0957434,3.773096,1.7666276,5.180652,-1.7475247,6.54587,-12.3633585,10.716302,-0.30977154,24.927269,-6.6591086,7.6438513,9.36994,10.520536,1.7835783,13.253292,-51.62561,21.765182,46.561638,50.62398
3496121520885870999,150.74255887761296,2.9716665431466986,27,23,37,42,29,0.062020123,0.09622929,0.12811251,0.17637563,0.44263017,-0.53018653,3.1059809,-0.84610486,4.986736,0.13831547,6.467436,-6.932871,9.995579,-34.82875,25.24816,6.879866,6.3113256,-13.0365095,10.126738,-9.941033,13.142655,-42.642326,20.284916,-0.9695636,51.27157
3496121520885871001,150.77919735839595,2.9317354937134694,25,23,40,47,33,0.10938413,0.1753205,0.16930278,0.20529936,0.5216485,-7.0672755,3.198584,1.8257296,5.3066053,8.422749,6.5511303,3.7120135,10.496399,-36.290882,25.030846,3.231478,6.425304,-11.894442,10.644673,10.192805,13.173939,24.654728,21.059122,-1.6810585,50.255573
3496121520885871002,150.83412821155568,2.95986437219403,24,21,33,44,23,0.00882474,-0.0074217934,0.058904596,0.09248045,-0.14620893,-5.934274,3.4415104,-7.179114,5.284526,-4.2297573,6.8477106,-7.748807,10.366135,20.949799,25.485777,-10.263915,6.992493,6.571483,10.788309,-12.316314,13.891149,-39.016582,21.078026,-95.95355,51.560894
3496121520885871003,150.8220257952917,2.9670055073001267,29,25,36,45,25,0.08935564,0.111827694,0.15039165,0.30304834,0.8762443,1.3893803,3.156331,-0.102507465,5.2171397,15.003977,6.507969,3.6339312,10.277475,26.625862,26.502842,3.9914129,6.357689,-5.297646,10.527469,18.629803,13.170373,36.709843,20.7859,-39.920967,53.54981
3496121520885871004,150.78226874166717,2.961476864250446,27,24,35,44,25,0.021563234,-0.010856625,0.0696065,-0.11427369,0.067508414,-0.84843916,3.1735396,-1.4046388,5.2673974,-2.218453,6.3562317,6.5268555,9.968081,2.8223448,25.082191,-18.151188,6.4351997,-19.318106,10.653661,-1.3013748,12.910826,-18.876478,20.28358,20.605656,50.835434
3496121520885871005,150.7395326925002,3.0038144430246523,28,23,32,43,23,0.09968037,0.11206912,0.13257293,0.09403603,0.20666993,-2.8557274,3.1818311,2.303962,5.3779464,1.2352054,6.611591,-13.822142,10.576154,13.570562,26.6632,14.177702,6.468522,1.6550689,10.916906,12.372537,13.411859,-1.2315954,21.481483,15.8602915,54.059242
3496121520885871007,150.7441261353993,2.9355873785765967,25,20,39,43,34,0.036176372,0.024262808,0.0923032,0.09729944,0.06907747,-5.5779505,3.3645644,0.99586695,5.7235327,-3.8487406,6.7493005,-4.5671372,10.645459,5.3100896,27.113468,-6.439735,6.769305,1.0986875,11.50814,7.7702556,13.559791,17.353838,21.39377,-88.33247,54.51949
3496121520885871008,150.8662213867628,3.062535302970618,24,23,33,41,24,0.06804428,0.10102677,0.100073665,0.1859457,0.24107777,-1.227975,3.3529525,7.1149735,5.0325994,-4.616423,6.4885135,-17.412088,10.070762,21.61348,25.097715,9.443175,6.8299,15.302906,10.21823,-4.677207,13.177949,-13.903963,20.460918,34.004047,50.968067
3496121520885871009,150.7562997701094,2.9850041916847925,26,23,34,42,23,0.048578534,0.043913566,0.009208765,-0.025306169,-0.21426308,4.0277376,3.1510375,-1.724719,5.3387547,6.6691055,6.543099,-7.7053037,10.5941515,29.329025,27.77357,5.7856874,6.398806,-0.74634033,10.907545,-7.991641,13.330426,-27.77537,21.510939,152.23203,56.406193
3496121520885871014,150.82346460559086,2.930895903657675,27,23,36,45,26,0.053776316,0.09478418,0.05163185,0.030873861,0.06501616,0.5861573,3.1099567,3.1325684,5.1071873,3.9560857,6.3476806,-11.676308,10.042043,-12.077954,23.73397,0.28397876,6.2916465,4.088333,10.361816,-1.5763705,12.873729,2.925007,20.34088,-29.577654,48.201054
3496121520885871016,150.75934345210766,3.0084162962255663,27,24,34,41,24,0.07363225,0.1025425,0.102707274,0.15156958,0.3082844,2.5774233,3.1176674,-7.256965,5.150265,6.1638007,6.318848,-11.187026,10.480268,-35.642162,26.73757,-4.39576,6.301656,-14.765047,10.405892,10.165842,12.766062,-34.796413,21.159395,-92.4181,53.41182
3496121520885871020,150.85094150545652,3.059138226343086,26,23,35,43,25,0.085685074,0.11868908,0.13511501,0.18469296,0.2267959,2.6290305,3.4945793,3.5175269,5.0768,2.644145,6.6832137,-8.547387,10.238181,2.28676,24.424477,8.586709,7.1398635,14.552811,10.329607,38.24129,13.606399,-12.5563965,20.849302,-0.017980514,49.700096
3496121520885871021,150.7532003356342,2.99577178574821,25,23,32,38,22,0.07950401,0.09125927,0.15033002,0.06418804,0.079261616,2.317518,3.4230926,9.065383,5.475133,7.51836,6.8618646,-16.350475,11.007991,12.34467,28.278757,4.235552,6.9399166,23.247856,10.996357,6.245217,13.842416,-50.77941,22.10506,-6.7481546,56.78783
3496121520885871023,150.88876764721763,3.0450707037980185,25,24,34,41,26,0.07965256,0.08835483,0.05654205,0.10243785,0.087137066,4.2522044,3.576477,0.33420745,5.236424,3.9958313,6.4345737,-12.292932,10.422688,-1.7080854,25.002764,-1.3645638,7.2073207,-0.03078177,10.557214,1.4448991,12.985684,-17.15418,21.023403,60.89555,50.25106
3496121520885871024,150.80327275137589,3.0309375867567194,27,24,34,41,24,0.024820046,0.10454717,0.09145118,0.1679751,0.30515882,-4.3095174,3.2939253,-5.9977775,5.069723,10.126717,6.4533563,10.853322,10.195946,20.73687,24.665836,-5.000047,6.693282,-14.497173,10.2971115,-12.2688675,13.145306,38.928753,20.795776,-30.748419,50.245422
3496121520885871025,150.8459323896557,2.920432922113984,26,21,36,43,24,0.051355485,0.069322124,-0.02469137,0.06868598,0.06855445,-0.04703921,3.1612484,-2.4945588,5.3773627,-14.355274,6.2742476,-11.707675,10.237752,35.858707,24.766348,-11.452631,6.4160285,-8.095261,10.9234085,-16.531672,12.744398,-39.127796,20.75613,37.81731,50.272118
3496121520885871027,150.79410802009824,3.0121399991584243,26,21,34,43,21,0.10209364,0.10034861,0.23907521,0.33780962,0.42808372,0.07430748,3.1655216,-6.4267325,5.221784,-2.904396,6.8757324,-1.2607266,10.555332,30.885477,26.561384,10.522943,6.426072,-15.47485,10.672185,13.9883795,13.863955,-10.608519,21.451736,18.844803,53.882767
3496121520885871033,150.79253307569795,2.9228395631393624,25,21,39,44,30,0.045180283,0.072344184,0.11849608,0.22115478,0.28798828,-3.1481652,3.1728814,-7.614764,5.87612,1.1765356,6.516382,-1.3081563,10.542703,-27.430569,27.691896,2.5901756,6.445041,-13.803608,11.935956,-6.510935,13.274651,-29.40565,21.404146,25.023827,56.187325
3496121520885871034,150.8414061464297,3.049719314011833,25,23,34,42,25,0.16531251,0.27349672,0.3748043,0.51953626,0.8224284,5.747361,3.5396373,12.614078,5.334315,20.461504,6.1961937,19.62768,10.039107,59.124344,24.630627,20.656622,7.174998,55.449364,10.832672,66.885704,12.604554,71.79504,20.371593,75.66187,50.001537
3496121520885871036,150.7681619648251,3.018395620660213,26,22,34,39,23,0.063169196,0.101535626,0.122328036,0.10164714,-0.10483937,-1.0098817,3.3621306,-6.73732,5.1794133,9.034494,6.442559,5.4579973,10.270015,-12.347192,25.626595,-1.9588096,6.756184,0.24045844,10.414433,7.316586,12.929001,-30.494518,20.634508,-2.8087184,51.51538
3496121520885871040,150.84751983783923,3.0325003099943584,27,22,34,41,24,0.022343943,-0.013553554,0.07034872,-0.056027647,-0.30165792,-4.8882136,3.307656,-3.2612407,5.4044914,-7.397465,6.493857,-13.213164,10.2783,-3.7508261,25.447277,0.3570174,6.7242947,-10.790686,10.924767,-34.724266,13.143435,-42.333736,20.875748,-136.7939,51.67255
3496121520885871041,150.75887696839092,2.9220580336835007,24,23,39,44,32,0.058679774,0.10434905,0.09018859,0.12621208,-0.040329974,-1.8846014,3.2143598,6.9295173,5.4987497,6.344177,6.5778503,3.4038215,10.468915,-15.793754,27.39757,-15.813078,6.4663553,4.032967,11.055805,-21.51282,13.271836,12.379114,21.08065,-23.000084,54.935226
3496121520885871045,150.81393858084706,2.9713899519814095,28,23,34,42,25,0.01527437,0.04232103,0.02554478,-0.06434474,-0.14369443,-6.5994205,3.232407,-5.8185387,5.051312,1.3752173,6.3935122,-0.13037843,9.861257,11.628255,24.339525,-5.904291,6.502466,-8.9308405,10.161794,-4.0605416,12.8963175,-3.313111,19.837912,59.53713,48.963085
3496121520885871047,150.80171641724257,2.992540626737375,26,23,33,41,23,0.08101222,0.134646,0.14749928,0.13136318,0.41786316,3.492982,3.3701074,4.715385,4.9651365,5.1094975,6.41071,-8.240197,10.352615,-3.1373882,25.104393,-2.928499,6.8442516,13.023473,10.083325,-18.868025,13.01609,-11.824422,21.038336,-24.036777,50.970512
3496121520885871048,150.75289971465708,3.0160789522502665,24,22,33,41,22,0.09571194,0.05419858,0.0611629,0.12056839,0.06915401,-0.10000741,3.5606132,0.7107461,5.295635,-0.8427148,6.6553516,2.350237,10.350368,-2.302208,27.383097,0.44366762,7.1329026,0.10786904,10.753564,9.601482,13.516468,-27.008762,20.985193,14.086144,55.67428
3496121520885871049,150.85285973043554,3.0653888201779367,27,25,37,43,25,0.066940956,0.04116412,0.103838585,0.17120169,0.28728554,4.8625174,3.3835795,10.923151,5.564661,-13.450931,6.275116,-7.1018834,10.323575,-22.881582,25.613333,3.892391,6.8824077,22.231564,11.249008,-3.5211535,12.776085,-11.541992,21.029623,-55.738754,52.049362
3496121520885871053,150.81922149691746,3.0034988421267426,26,22,34,44,24,0.08140661,0.10926552,0.11771525,0.032398995,0.22190699,-0.6899898,3.1986003,7.7513022,5.2621746,0.78213495,6.1345572,9.771933,9.757909,13.330763,25.503977,-1.3682609,6.4444704,3.1175303,10.601716,-0.5145741,12.357668,-2.8950489,19.687681,31.54686,51.51148
3496121520885871056,150.76433343064187,2.977675340234655,25,23,33,41,21,0.09782718,0.13390656,0.20660491,0.28663653,0.2844791,4.2628026,3.366668,-5.27328,5.3144765,2.3243165,6.754446,16.891489,10.413883,23.782146,27.454338,10.546997,6.8400455,2.7633097,10.796452,14.373571,13.716166,30.351479,21.206886,140.93797,55.754227
3496121520885871059,150.79331141453545,3.0058884978698366,25,21,34,44,22,0.09008384,0.12754367,0.2565485,0.37728393,0.22934133,1.3828381,3.2827713,1.925861,5.8654046,-0.3513361,6.649224,10.363861,10.522995,-34.475243,28.424467,-1.7080848,6.661975,5.8594646,11.928891,4.1549807,13.494219,42.10638,21.399332,7.0327044,57.723824
3496121520885871060,150.73836138916428,2.99415705433548,27,24,34,41,27,0.093437985,0.17345513,0.1077558,0.15885226,0.28093332,-0.71038115,3.2837248,3.343024,5.1511426,3.9963145,6.603867,-4.3885355,10.62275,-10.01863,26.579916,2.312259,6.6772165,0.5605261,10.458029,6.7044005,13.411447,-3.8716521,21.590616,28.9537,54.3699
3496121520885871062,150.72615062562784,2.9447990135051376,28,26,45,46,39,0.07355772,0.09390311,0.0020265495,0.23518264,0.09887566,0.23982672,3.150142,5.828624,5.401412,4.251132,6.1998024,-22.186432,10.294951,8.593407,24.873062,-2.3419123,6.4027457,15.536632,10.96759,28.026203,12.54956,-28.916138,20.910854,-32.552853,50.423107
3496121520885871064,150.74749508181807,2.9236069921819596,25,23,42,47,39,0.14031796,0.1901821,0.24607591,0.32724428,0.5711106,0.68474436,3.1679983,-4.555873,5.04106,-4.654782,6.3473907,-8.144105,10.12754,-30.184305,26.138298,-3.6299672,6.433441,-2.3940797,10.238537,8.748946,12.899237,-32.821278,20.584547,23.020325,52.7787
3496121520885871065,150.72313720374828,3.017398705331704,26,23,34,40,22,0.075277455,0.09913141,0.17347448,0.22707237,0.6082983,-3.7258883,3.1648996,-5.394659,5.137931,-7.544076,6.216878,3.3413985,10.247246,-30.366102,26.11823,-1.1857839,6.430524,-4.9965363,10.437592,-1.7578768,12.627629,6.224872,20.808084,8.003919,53.047226
3496125918932380559,150.59195142597744,2.886270449305041,49,37,93,101,86,0.009612544,0.037267715,0.060623303,0.040971443,0.11979989,-4.729784,2.7873871,-3.3951864,4.504185,7.224748,4.78133,-8.399004,8.123937,-0.7061353,17.920115,-12.702427,5.618617,1.8673813,9.132311,-3.642103,9.664337,-36.92623,16.408365,6.755112,36.104237
3496125918932380560,150.64695816625456,2.949775893384774,32,28,51,55,49,0.10465347,0.16043276,0.1627853,0.20222196,0.4068575,-5.751926,3.054196,10.49679,5.101133,-8.631842,5.7783318,1.1940163,9.683178,-9.309156,20.236494,-10.825956,6.1968613,-1.1513993,10.330153,2.9608486,11.692792,-37.081642,19.709446,-38.719616,41.22037
3496125918932380565,150.7048990327048,2.952108884870527,28,26,39,46,37,0.062035494,0.039379284,-0.014949297,0.13644154,0.30995798,-0.07485215,3.3244746,-5.211149,5.0632315,18.800919,6.536207,17.924753,10.271225,41.86708,25.296846,14.0966425,6.691327,-3.0375624,10.192946,31.245325,13.155915,50.59332,20.673958,120.69742,50.933968
3496125918932380567,150.668315056482,2.9661916296458193,27,25,45,47,40,-0.022846946,-0.1577124,-0.21649346,-0.40024287,-0.35818452,-4.044148,3.2638416,-0.8773208,5.0364037,-21.95533,6.2850986,-34.32234,10.1995535,16.502098,24.43985,-21.41616,6.6296353,-42.26031,10.215042,-38.418495,12.767443,-84.038734,20.696697,-29.62094,49.454647
3496125918932380570,150.59507620926254,3.0649899778702143,26,21,38,41,25,0.13321075,0.15193927,0.23057704,0.30697095,0.3901206,-2.5991824,3.3739724,5.3530936,5.5859838,20.558716,6.536352,0.658275,10.895548,-11.852995,29.03176,3.6700373,6.8347626,34.358387,11.347563,36.811874,13.269072,2.2270083,22.096634,88.79609,58.83423
3496125918932380574,150.7034315962287,2.905102248196106,27,25,52,55,52,0.077985644,0.064981475,0.12387768,0.20125556,0.09532885,-2.546033,3.8974051,-10.6438675,5.2520714,-2.054118,6.2588134,-9.196426,10.105838,31.685307,21.58636,-18.37621,7.9017043,-20.759686,10.662848,7.1366725,12.715861,-26.40662,20.513285,94.80732,43.85584
3496125918932380576,150.66681255468433,2.9403436569815136,29,27,50,54,50,0.07109126,0.0474804,-0.018437937,0.16903995,0.15067963,0.74921113,3.2728567,1.9742488,5.307621,1.6651154,5.911776,2.919917,9.920991,37.316257,20.439672,-2.901198,6.648653,3.4464293,10.762171,3.6135325,12.009088,-18.433455,20.136415,28.022964,41.51659
3496125918932380577,150.56912937265736,3.0038776947862083,26,23,44,47,38,0.059084825,0.056244325,0.03855288,0.04502457,0.25673857,-1.8964554,3.4700239,8.647424,5.4411707,8.240434,6.301216,6.7880526,10.2748,-3.99136,24.639328,9.390079,7.04964,18.488615,11.037352,23.091038,12.801921,-0.6227615,20.889587,-0.91710544,49.982758
3496125918932380578,150.61793560953544,2.9192244747945897,34,27,66,67,57,0.07837943,0.06977027,0.07186032,0.10900341,-0.11228875,1.7096747,3.0670729,-2.9163926,5.3356767,5.166525,5.5887356,6.3923593,9.337316,-13.445213,20.92528,1.448695,6.2379675,-3.7348652,10.830555,7.0003867,11.361737,-18.052877,18.967926,67.938965,42.43078
3496125918932380586,150.5782982376541,3.051651608449452,24,22,37,41,30,0.04728505,0.056864347,0.13474278,0.17244385,0.4822193,3.260647,3.7460213,4.7783694,5.5591564,-9.183884,6.704859,2.5519779,11.026142,17.534588,26.886242,-6.3740854,7.6028223,-2.848883,11.259462,-22.22397,13.586486,31.672926,22.38709,37.491364,54.61445
3496125918932380590,150.59128052780727,3.0187546145554163,25,22,41,42,31,0.032993022,0.05468397,0.09804961,0.117541924,-0.2882162,2.8178432,3.2423353,-2.3489676,5.626836,6.283065,6.289005,7.4891624,10.636274,19.641909,26.047092,2.2504013,6.5961776,-3.2951748,11.433792,7.3787365,12.749168,7.990036,21.62519,76.996864,53.027054
3496125918932380595,150.69807216471108,2.948963242697589,30,24,41,48,37,0.0842621,0.106894165,0.14790402,0.10422666,0.26304153,-0.12779874,3.154974,-1.1476619,5.6573243,-17.833252,6.446047,17.593203,10.181832,14.782439,25.87816,12.332026,6.4636126,-22.229534,11.551839,-6.619054,13.090598,-12.657007,20.655859,53.691853,52.57741
3496125918932380598,150.63707329120442,3.026577545451872,25,23,38,41,27,0.10849946,0.13728935,0.12651317,0.10817856,0.4533099,5.0415235,3.3599858,0.061091654,5.330304,-2.2868624,6.6373396,-11.076549,10.948101,-13.921359,28.586977,14.136255,6.8244085,9.971038,10.887945,2.5618815,13.475005,-17.7864,22.250566,-39.141586,58.126072
3496125918932380603,150.67825441392088,2.923122369498967,31,27,56,55,55,0.027088288,-0.0033881608,0.04094596,-0.01735809,-0.1960292,-5.7568984,3.005629,1.430121,4.8798137,-13.413202,5.6835895,4.6803126,9.735619,22.911915,20.119677,-10.062529,6.092519,1.1881843,9.919622,-19.126017,11.547132,1.5482085,19.723663,-4.514054,40.85327
3496125918932380604,150.64771957721356,3.00067913615214,26,25,41,46,32,0.07320283,0.07812184,-0.02828125,-0.046625093,0.2731071,1.8781871,3.2564058,5.0640054,5.237915,6.2522507,6.33226,-4.7424126,10.07473,23.391891,25.543943,-0.48233703,6.610427,4.9208145,10.662885,-6.3995204,12.855711,-23.875856,20.462938,13.1179085,51.989407
3496125918932380606,150.65994220034932,2.9325075979112034,27,27,50,54,47,0.053829968,0.023078538,0.12918173,0.17694052,0.18935445,0.8873505,3.2012527,0.10159055,5.1173716,-2.5510488,5.9919634,-10.553123,9.896095,16.623966,22.785484,9.375278,6.471753,12.051416,10.479938,-5.130662,12.172634,23.991636,20.118135,21.671312,46.2739
3496125918932380609,150.57142028143235,3.0101291085815296,28,24,45,45,40,0.09977144,0.13597481,0.07686746,0.18930152,0.503964,1.2533889,3.2970374,6.545117,5.4060335,-4.64783,6.399172,-1.5890121,10.50132,-14.445092,24.310337,-0.13361213,6.6455684,11.630936,10.980943,13.23777,13.0131035,-13.71055,21.312353,-16.062925,49.25413
3496125918932380612,150.5409050018126,2.9923611585498326,33,25,52,58,45,0.06321268,0.12585777,0.18471207,0.15999283,0.25328445,7.2122145,3.184937,6.2893353,5.1909027,2.9225411,6.0618443,-9.712625,9.960407,-11.3273,23.078657,15.308205,6.4215646,30.78116,10.556853,-3.6989524,12.334541,6.6967077,20.266277,47.84669,46.883312
3496125918932380616,150.62292712059235,2.8888943192146077,42,36,83,87,77,0.07398639,0.07578704,0.13254689,0.1862331,0.36679193,-1.7128842,2.8909903,9.074145,4.733843,-5.5653405,5.1328096,-4.113111,8.814139,-39.85613,18.594624,-6.8695245,5.8674736,2.7882762,9.592681,-16.991978,10.416494,-3.3040633,17.948381,-39.98621,37.740875
3496125918932380627,150.54054618809053,3.067618977125965,27,21,36,41,26,-0.014119778,0.010026756,-0.034503408,-0.20421776,-0.43995243,0.19754802,3.341249,-4.9481063,5.6049256,-9.59708,6.9665937,-27.996174,11.18189,11.912297,29.374886,-19.846571,6.783725,-29.169672,inf,-59.231007,14.140552,-121.663246,22.673254,-114.16439,59.558517
3496125918932380629,150.56951162857206,3.0425095963784408,25,22,39,42,33,0.010733918,0.0005936321,0.073000066,0.07914344,0.12870426,6.866702,3.7197459,-2.456438,5.5182605,5.795843,6.602924,15.596185,10.733917,11.948815,25.886454,8.099672,7.5352325,-0.8777808,11.226628,25.246975,13.393149,4.2281966,21.908978,6.579053,52.499268
3496125918932380630,150.68242150273815,2.9531686675192246,31,27,48,46,44,0.03851774,0.03955027,-0.04144139,0.06987569,-0.22845973,2.3580093,3.0972114,2.431178,5.2103615,-1.8870511,6.291349,11.191609,10.476355,33.637974,22.97005,4.6282096,6.2839813,0.83425325,10.564932,4.468136,12.853356,52.318844,21.312271,24.320786,47.081944
3496125918932380632,150.64579483717432,2.967273070605176,29,26,46,49,43,0.05280799,0.03231614,-0.019232912,0.05532912,0.11369783,-3.070072,3.116259,-3.8160982,5.0717196,8.341611,5.985684,-16.657583,9.902404,-16.74841,22.476185,6.836024,6.335048,-21.300919,10.275655,7.3290157,12.198092,9.473232,20.083652,-73.093475,45.449383
3496125918932380636,150.54890621672845,3.047227848295305,21,20,36,39,29,0.011020713,-0.006820706,-0.028685115,-0.08764805,-0.120064795,-4.872812,3.7016,-21.59582,6.0721006,-3.8653057,6.685752,-23.481213,11.39912,-42.488644,26.988642,-19.862669,7.5185704,-36.10843,12.340168,-15.447522,13.562584,-24.56191,23.176104,-103.431496,54.71995
3496125918932380637,150.63443090071016,2.9564901192850974,28,24,47,50,45,0.033463106,0.04296084,0.029951759,0.034696825,0.02789467,1.2620946,3.3393834,-3.4738004,5.271355,-8.418483,6.0431366,-17.891487,10.301209,-6.154239,21.536598,-5.554218,6.7211795,-7.1874495,10.618968,-0.25015727,12.121182,-32.458076,20.72469,-50.768993,43.336613
3496125918932380638,150.5855270475959,2.9915551780849072,28,22,46,49,38,-0.032787807,-0.026934773,0.08292386,0.048311453,-0.36343125,-1.9335562,3.1707232,2.9003963,5.517623,2.0144215,6.2598734,17.882524,10.267242,6.8974304,25.987871,0.97349274,6.443414,7.2842264,11.19353,33.112095,12.72245,66.51137,20.834473,-13.057086,52.721817
3496125918932380648,150.6969523477204,2.9539094283773406,28,25,41,44,38,0.092965126,0.13273656,0.11484907,0.19786493,0.15619718,-7.3677444,3.071168,-7.32938,5.4144053,-8.088816,6.644808,1.0529147,10.489883,-32.637344,25.653584,-3.1096501,6.2527018,-24.585974,10.99799,-6.376102,13.488438,22.619652,21.316786,-111.509186,52.240505
3496125918932380653,150.71831193403216,2.977695899712477,27,23,36,41,27,0.059140094,0.07453594,0.09370856,0.14434843,-0.1266538,-0.84922343,3.090592,-3.5202177,5.089006,-6.210507,6.450021,11.626666,10.58085,-30.998596,27.131248,-4.3503785,6.292813,-0.023518419,10.337775,0.561986,13.137372,24.568687,21.48313,28.246483,55.10714
3496130316978890972,150.36189951357605,2.9978533172995894,41,31,73,80,62,0.096628,0.14824003,0.085948095,0.14659683,0.15557599,-3.0104005,3.0848646,9.279897,4.911174,2.1427703,5.483046,-0.9044527,9.298254,-25.397268,21.07344,-6.481811,6.303309,13.091463,9.9836855,-24.889172,11.0897455,-6.75515,18.882404,-28.851614,42.67203
3496130316978890977,150.49618512879343,2.9696496055048094,37,31,72,75,69,0.05901842,0.078855515,0.09716355,0.010933148,0.06671791,-1.4018049,2.893685,2.1760602,4.8613954,-2.8269498,5.299247,4.415991,8.952986,-16.945557,19.369791,-1.8428798,5.885808,16.62681,9.856596,10.1851425,10.735777,12.426403,18.17223,-31.470795,39.40398
3496130316978890978,150.34358740414152,3.06840114551269,27,26,47,51,40,0.07038264,0.10547088,0.14570443,0.09160274,0.05723539,-2.1785533,3.9127848,-8.407404,5.6448593,-0.24714565,6.4422765,-8.254723,10.918548,20.75043,24.304754,11.417612,7.9107275,-15.563269,11.47761,22.719082,13.061205,-10.967446,22.22087,14.795601,49.344128
3496130316978890981,150.47483881896778,3.0143059647443593,31,26,56,54,51,-0.7207054,-1.2932024,-1.9345526,-2.4067721,-3.0788705,-1.7098782,3.255627,-28.73312,5.165833,-49.231014,5.865417,-52.094498,9.830919,-72.17842,22.256578,-22.48867,6.596638,-56.460857,10.522395,-126.18361,11.933879,-159.92937,20.000202,-303.75018,45.095146
3496130316978890984,150.41989023217764,3.0284065996109044,28,26,53,54,50,0.061174963,0.11048911,0.14198817,0.1513953,0.12399885,-5.388399,3.709191,-7.076109,5.46328,12.809187,6.024612,-8.335525,10.438835,-72.22353,23.331602,0.28882274,7.5314283,-2.1699646,11.092969,23.658743,12.276717,-26.646788,21.22008,-131.84494,47.308834
3496130316978890985,150.38325902296904,3.0589722197476203,25,23,44,49,39,0.045072127,0.08200851,0.16156189,0.19022726,-0.014016544,1.5743254,3.6113098,-6.194357,5.952239,-2.943599,6.626427,-12.069807,11.043593,-67.47065,24.384573,-9.493496,7.326162,-3.6886225,12.091966,8.3187895,13.431814,-51.18507,22.367083,-128.67159,49.653145
3496130316978890991,150.47945729181052,3.0394105980656034,29,27,50,50,44,0.1048313,0.11302663,0.09896345,0.17264526,0.22712067,6.4135804,3.375969,7.012231,5.460649,12.096944,6.0652404,27.780334,10.416183,32.95859,23.527075,22.412033,6.7891254,2.1220393,11.022069,8.944271,12.2002325,9.735563,20.956465,-25.504574,47.285526
3496130316978890997,150.39698388666312,2.92888727518017,49,43,118,125,117,0.13728116,0.21981695,0.29936665,0.36244163,0.6054,0.7591699,2.632411,-0.06628823,3.8960965,-1.4855015,4.1576767,1.489321,6.991955,34.364025,15.502229,7.428867,5.351892,-4.4968634,7.9073596,10.660625,8.448668,18.194567,14.237196,-17.68741,31.455744
3496130316978891004,150.51529106502895,2.9453359927303224,39,35,83,80,80,0.07749142,0.10133176,0.10763937,0.2779806,0.24222033,0.42872897,2.7952526,4.219187,4.510895,-7.9622297,4.9769945,-4.0742164,8.781418,-30.041412,17.682705,1.2257957,5.684255,1.9249799,9.129366,-9.313689,10.067846,-4.125321,17.830044,-45.495903,35.865456
3496130316978891010,150.46950505479376,2.968068872958313,40,32,77,77,74,0.013818761,0.009260354,0.03636554,0.014347938,0.054763116,-3.1875687,2.885606,-0.619986,4.8175344,-0.6580977,5.052091,-0.22089542,8.7411995,-34.401554,18.993204,-16.982342,5.860976,-14.7986555,9.7459,-7.0645432,10.258004,-10.658435,17.777708,-71.0442,38.450607
3496130316978891019,150.428297718638,3.0009704997748057,34,30,62,66,55,0.17828055,0.32033125,0.3708344,0.3508049,0.8056875,4.0306025,3.057443,11.768834,5.124952,-6.561374,5.5737267,12.953897,9.345929,20.26233,20.459702,16.101295,6.2298136,21.697407,10.336342,5.193909,11.332554,-8.827873,18.99782,205.8629,41.575436
3496130316978891021,150.5198796098834,2.9973122951240123,34,26,55,58,51,-0.0051621655,-0.018607795,-0.059886232,0.08579621,-0.06275539,2.7738795,3.0711951,-2.5141516,5.1465735,-17.827047,5.6454754,-0.78149563,9.877644,2.6678214,22.043278,3.9415958,6.2237515,-4.927103,10.53041,5.066463,11.5007925,6.472665,19.992493,-59.63725,44.842594
3496130316978891029,150.42637351278145,2.9314959210843727,50,43,122,126,119,0.04699495,0.077673994,0.06222463,0.11736157,0.24453813,-4.194655,2.5470273,-1.4968505,3.8106134,-1.764539,4.123536,-0.6585789,7.1764264,-5.3003683,16.035725,-10.301719,5.180951,-17.618172,7.7910414,-11.7929125,8.403025,9.602767,14.599086,-0.43991908,32.479156
3496130316978891036,150.47371791277592,3.0177121988133933,29,25,53,51,44,-0.50155264,-0.87168944,-1.1741021,-1.6927868,-2.5442936,-18.203497,3.3034377,-28.970127,5.29457,-36.24552,6.0741053,-50.096256,10.299289,-105.59876,23.313843,-63.516384,6.6900334,-101.13854,10.740454,-126.32119,12.349998,-225.11206,20.929447,-348.8656,47.49229
3496130316978891039,150.36686904437366,2.9354661999744587,51,44,122,134,116,0.06709224,0.074773766,0.09173032,0.114826284,0.2652002,-0.009803973,2.6946464,1.3659707,3.860548,0.9732629,4.1680403,-0.79287994,6.9766216,7.924927,15.077247,-2.1532483,5.4204645,-14.312436,7.768583,-3.8216689,8.395085,-28.495625,14.082059,4.8109884,30.356516
3496130316978891041,150.4706321914754,3.005955103938173,31,27,56,55,49,-1.0317017,-2.129095,-3.145433,-3.8919888,-3.4037175,-46.238297,3.4101896,-90.86959,5.521121,-107.5238,6.074788,-147.34404,10.046292,-158.89145,22.59371,-181.8755,6.9305153,-353.276,11.234041,-447.86862,12.361265,-531.0705,20.479586,-713.88605,45.712177
3496130316978891049,150.5126394345181,3.0098649855862956,31,27,53,52,48,0.033610877,0.04146787,0.0531844,0.056037117,0.07856064,3.4653301,3.217315,7.131256,5.2976604,0.6588601,6.026137,20.137766,10.183456,-22.210882,23.019613,11.770922,6.518814,-6.666674,10.730305,16.806826,12.257084,32.200195,20.666039,-59.502167,46.735596
3496130316978891050,150.47601504247552,3.066281611629139,27,22,43,42,35,0.057461496,0.08379102,0.06109871,0.12843052,0.07896375,-1.8969519,3.3799033,2.8877723,5.6321383,2.6879532,6.28563,5.2816057,11.241891,14.705433,24.550154,-5.607081,6.879305,-16.01468,11.430552,14.053069,12.772856,4.057814,22.692749,126.75719,49.933643
3496130316978891052,150.40881415711107,3.012218097051931,34,28,60,66,56,0.036874264,0.07859975,0.030862171,-0.029505474,-0.08719685,1.208616,3.292962,-2.3149996,5.1604033,0.4315017,5.7528706,-3.697535,9.273822,11.208365,20.404697,-8.506574,6.676994,2.6901739,10.484824,-4.189982,11.698618,-3.1330976,18.894812,-18.99634,41.510395
3496130316978891053,150.52328982634052,2.9933921865519855,35,28,57,60,50,0.06621724,0.11434988,0.14047904,0.20124142,0.23950529,1.9761122,2.8955536,5.650385,4.928568,-2.9874756,5.6647854,20.797607,9.560169,-22.714333,21.386372,-1.5408001,5.8787823,15.315402,9.991142,-16.47708,11.513994,21.902212,19.574373,-54.896336,43.57006
3496130316978891055,150.51722330050413,3.0357119821596577,25,22,45,44,40,0.03969058,0.0867281,0.05701873,0.17341515,0.19838409,-6.6281433,3.4565525,0.025615185,5.583918,-6.832441,6.41334,3.996272,10.825614,19.943087,25.30861,-6.031198,7.0278325,-2.8211336,11.365527,-4.4914384,13.031234,-35.071575,21.982244,62.127594,51.365993
3496130316978891058,150.4164783854347,3.021641795116261,32,28,54,57,54,0.07403875,0.08569543,0.097387224,0.07748391,0.31059867,-9.2955885,3.254397,-2.0291855,5.3557544,-1.1060628,6.063073,-14.026819,10.222707,-36.767624,22.206354,-7.8995957,6.630153,-11.280711,10.970391,-13.99828,12.322945,-26.465958,20.7183,-36.471207,45.137394
3496134715025401980,150.330827609013,3.011076013603669,41,36,67,79,55,0.068882555,0.023194104,0.1351206,0.050051004,0.57806593,4.165949,3.190291,5.7136183,5.0908523,1.8815587,5.837941,6.0252805,9.4524555,6.2319684,23.553654,-2.2724133,6.4839787,-15.180426,10.309944,-8.277815,11.777128,-10.248281,19.07275,132.17093,47.163673
3496134715025401983,150.3124149599869,2.966409428783731,53,42,109,108,101,0.072044365,0.12833627,0.14005026,0.16950592,0.27582023,4.323053,2.6688254,5.9593344,4.396472,14.084163,4.4757705,11.539009,7.853107,-14.530762,16.078249,12.14895,5.395837,25.115242,8.8935175,35.597126,9.088161,30.261656,15.945046,-2.8912327,32.707783
3496134715025401990,150.27428729578088,2.9812951562212002,51,38,92,97,83,0.1133419,0.13997172,0.19026744,0.19006519,0.2995697,1.647156,2.6209393,-4.166786,4.4801044,0.85139894,4.722637,-8.458902,8.461749,-32.423397,17.663523,7.714521,5.318454,-3.2760162,9.094847,4.1407647,9.589669,-6.92722,17.139914,-86.567276,35.970192
3496134715025401995,150.34069012481044,3.066675103414882,26,26,46,49,39,0.04093589,0.030873286,-0.117243886,-0.0013007055,-0.44216013,-5.552105,3.7893283,1.2113334,5.599935,-7.3622413,6.468889,0.99367636,10.942697,14.864331,25.92193,-9.791051,7.6853127,-2.6051612,11.356486,-22.674585,13.164154,-2.8689837,22.27,30.523182,52.478165
3496134715025401996,150.2002720700453,3.0243599501651257,43,32,77,75,67,0.12612899,0.19196002,0.17053568,0.15688455,0.49167976,0.17257853,2.8943481,-1.6554545,5.3440895,1.867601,5.6166463,5.202425,9.364582,18.167303,22.66522,-4.788279,5.8575883,-14.9741955,10.795497,-12.207279,11.375056,-8.012099,19.0386,-25.520594,45.812954
3496134715025402000,150.17125433998896,3.026737831909008,44,35,78,76,65,0.07795492,0.16575189,0.065760545,0.14507496,0.6217005,-0.25764602,2.9393454,-4.057252,5.333376,-6.6972775,5.5311127,-4.34701,9.744556,24.020535,21.58142,-1.1049051,5.9769325,-1.020762,10.785959,-12.071155,11.265622,-29.019796,19.81603,15.305524,44.03848
3496134715025402015,150.2677932491466,3.0444701947082358,34,30,59,61,55,0.03126465,0.028007183,-0.018219357,-0.024876118,0.10850463,-0.8764891,3.5018604,-2.0805542,5.347143,5.3575726,6.058412,-10.797416,10.799816,-6.140294,23.110699,3.9179008,7.0810094,-0.530714,10.859344,30.835926,12.32137,-24.22519,21.953953,-12.830209,46.87343
3496134715025402016,150.31656781302166,3.002129135797919,39,34,72,80,58,0.07354103,0.075584255,0.110885076,0.10553428,0.12168886,1.1785045,3.139685,-3.358699,4.703789,-3.9551885,5.5596104,2.4272723,9.215317,-8.423647,21.060997,5.6583357,6.3284016,-11.943083,9.471677,-30.748005,11.1803665,-17.491985,18.525848,-17.013863,42.29124
3496134715025402024,150.26399274283827,3.052280860976013,35,33,60,63,58,0.092117906,0.15855421,0.21579343,0.16305381,0.49607056,2.6206505,3.5714672,5.7281494,5.5540366,-2.088951,6.1894546,12.349384,10.639543,8.643903,23.585632,-4.350619,7.179498,12.998533,11.18754,-21.195374,12.4509325,12.931422,21.340721,-51.143993,47.360294
3496134715025402027,150.15710649869644,2.9181965166402506,66,59,151,168,142,0.050211698,0.07534362,0.14472154,0.15414049,0.13073426,1.0847055,2.2867715,3.762047,3.3385825,8.538189,3.789608,2.0194178,6.5177703,4.256285,13.955052,-1.0079956,4.6115603,4.8025255,6.757028,7.6038623,7.617888,-4.008124,13.12206,21.981344,28.147657
3496134715025402029,150.2838196783048,2.9935660813925025,46,36,77,89,67,0.066582896,0.109618194,0.15005746,0.19864373,0.27644947,1.8127453,2.7161257,-0.80188614,4.847125,-3.6484003,5.138224,0.93785083,8.709215,-21.2387,19.97638,4.125785,5.5254707,-9.28176,9.850503,-23.551168,10.476026,7.1665735,17.675816,-82.429245,40.58389
3496134715025402034,150.29301907484688,3.011299128422994,43,35,68,81,60,0.12627366,0.20590678,0.23399572,0.1730487,0.48268244,2.5264864,2.82019,-3.8264072,4.805918,3.5873694,5.47683,-8.525856,9.096752,-23.947985,21.250603,6.611044,5.6886597,-21.620207,9.798732,2.7538328,11.084729,2.6644967,18.384415,-44.766914,43.016315
3496139113071912391,149.9692011333979,3.0597844218024193,29,25,50,55,46,0.09221596,0.19524421,0.24514587,0.31037048,0.59863794,2.3997421,3.4052424,6.8602757,6.074894,-0.40617648,6.443935,17.048841,11.349278,0.0057988795,24.635855,11.857294,6.9211874,34.725697,12.289889,10.200678,13.102302,26.264874,22.927969,83.3087,50.06081
3496139113071912399,150.00050929901107,3.0550797742483216,36,32,59,58,52,0.09710851,0.1919534,0.14582454,0.12734857,0.27453268,7.9433203,3.618004,9.27106,5.3448386,-0.7760409,5.9544854,21.110205,10.895672,29.150732,22.003633,17.033913,7.365676,21.855747,10.880094,12.625232,12.079742,22.26082,22.16114,9.010914,44.746536
3496139113071912403,150.0401974823998,2.9242895793342916,70,64,153,158,145,0.082457945,0.12036041,0.12610129,0.204017,0.28186545,6.0099697,2.1609795,0.603422,3.322717,12.613408,3.6882362,-3.9988227,6.4613123,-0.35927567,13.968286,9.4505005,4.360259,11.350008,6.691367,7.7931905,7.4462333,-5.3276424,13.074333,24.674004,28.162203
3496139113071912418,150.12453325811927,2.953759844213138,62,50,119,127,113,0.08134907,0.15345797,0.1004829,0.1570501,0.32475287,0.06026093,2.352111,1.5964715,3.8261778,-5.2470303,4.241101,9.180037,7.289109,-9.757255,15.3691025,6.3423185,4.7831416,-0.02997952,7.74785,6.924521,8.63532,24.066444,14.803761,3.1075938,31.223602
3496139113071912429,150.0642477224842,3.0391825097779477,39,36,64,62,58,0.10350215,0.06110226,0.11596975,0.15839474,0.22006084,-1.5440273,3.556645,-5.331806,5.5342073,-2.1946175,6.160681,-1.0015402,10.729202,7.3113313,22.604704,-2.0943575,7.2293973,-16.841026,11.181217,-17.320255,12.423574,1.3440496,21.826561,-49.571716,45.9697
3496139113071912433,150.08714848895767,2.9992005398619606,53,41,87,93,76,0.11051263,0.120505564,0.17267437,0.27272862,0.3430871,-2.417325,2.680985,0.406902,4.8110957,1.2361206,5.026368,-2.989041,8.755861,-5.273607,18.99058,6.495423,5.4322824,-5.724821,9.766314,22.035498,10.209889,-7.9836197,17.778,49.64854,38.710846
3496139113071912436,149.9741760311968,2.9427682012913663,59,48,126,136,123,0.11776676,0.04049861,-0.069376186,-0.038589466,-0.10493054,-0.74691576,2.4267035,-2.3954384,3.8056023,-11.309523,4.1525564,-7.5309935,7.168784,-24.426203,15.07009,1.9632638,4.910499,-24.78843,7.7404757,-25.877954,8.441321,-27.778826,14.538217,-130.85631,30.629475
3496143511118423758,149.9304659769696,3.0521687045976775,27,27,47,49,42,-0.344888,-0.6428243,-0.9532707,-1.0228348,-1.938924,0.90617526,3.7665634,-16.982382,5.521877,-25.148409,6.583716,-39.065002,11.494226,-68.44721,24.59102,-5.5293703,7.628499,-63.95021,11.237518,-86.86682,13.370652,-146.85368,23.312115,-184.95143,49.815193
3496143511118423763,149.89844564480993,2.908779369823872,66,57,147,163,142,0.059078015,0.022434806,0.07222254,-0.040417466,-0.01149432,4.3899107,2.3133793,2.938726,3.4803386,4.1839757,3.8161428,9.927734,6.3766594,10.057367,14.153513,12.554918,4.699715,-2.2757728,7.0669055,13.321153,7.7592387,-2.523616,12.976155,-53.375275,28.69235
3496143511118423766,149.9289277430314,3.034905319117174,32,24,56,58,42,0.49631307,1.0568184,1.1199018,1.0785326,1.1113819,4.83183,3.3298597,9.108659,6.1026998,11.475243,6.2165303,17.903915,10.744121,-11.273923,24.526491,15.125236,6.7610545,35.455242,12.297058,49.026485,12.65285,29.361341,21.91182,-36.912746,49.81026
3496143511118423775,149.90205649819762,3.0232367697725895,35,29,62,61,49,0.015982332,0.026129926,-0.011068653,-0.013779949,0.05388665,-1.210368,3.3706613,-6.6612015,5.446387,9.647542,5.869693,-14.31016,10.270824,-9.601042,23.142557,-2.948233,6.796451,-11.460687,10.9776945,-5.049069,11.836387,-48.829956,20.75586,-71.09861,46.387794
3496143511118423776,149.89001987494126,2.973818810115036,47,34,91,94,82,0.05741633,0.09057845,0.13708764,0.07892254,0.28706282,-0.5475518,2.7742066,-2.829766,4.6148987,-0.0902196,4.731924,-6.473956,8.455417,-9.175046,17.955542,6.9975896,5.6231127,-3.4895473,9.352533,0.51791906,9.623848,14.956871,17.124592,32.97424,36.494144
3496143511118423780,149.91747684375295,3.0482456650294734,30,28,51,54,42,0.05956786,0.091399506,0.11003987,0.007961115,0.116825745,-5.7889504,3.6410835,-1.4811354,5.571811,2.9130323,6.2049365,-3.920273,10.95223,-66.23133,23.786833,-22.288698,7.407303,-22.927084,11.289804,-30.298813,12.570523,-50.256336,22.191929,-131.58087,48.38129
3496143511118423784,149.7969580587952,2.9377183209568734,43,40,104,111,102,0.0737357,0.032249153,0.14910582,0.12935603,0.09901113,-0.60523874,2.9218721,-3.8684702,4.1504245,-1.6712686,4.61095,1.4506145,7.8819704,0.32499236,16.709019,-4.821751,5.9330716,-9.515389,8.457477,1.8971121,9.384449,-9.348486,15.985855,16.988314,33.95168
3496143511118423792,149.7957525608241,3.0594455193176895,24,23,48,45,44,0.019580252,0.06898697,0.023471445,0.043831725,0.11921062,-4.397209,3.9713547,-2.322624,5.7966175,-3.2543068,6.6056504,11.023947,11.219616,-31.146362,24.492273,-5.6047444,8.058666,-1.6324914,11.748187,-11.914416,13.370679,18.774044,22.678907,-3.2640247,49.846973
3496143511118423794,149.94836851877486,3.021893563868731,37,31,62,66,50,0.094932035,0.14098418,0.1893091,0.24077815,0.29168025,1.5124902,2.928326,-1.4568367,5.0899825,1.9708283,5.714618,0.7114768,10.168923,-13.313953,23.51621,-0.009467507,5.9513316,2.8228512,10.327546,-13.774849,11.603723,-0.2096576,20.626413,28.76388,48.098557
3496143511118423799,149.82784828190918,2.9129079791447485,56,56,135,145,133,0.060731646,0.07940361,0.063873954,0.13551532,0.10384044,-1.6297289,2.5165713,-2.7575839,3.389275,-3.1390536,4.033396,-1.6690103,6.836533,-2.2932904,14.931133,-4.187201,5.12446,7.7028565,6.8627143,-6.1613297,8.174504,-9.153641,13.894082,13.723658,30.32945
3496143511118423802,149.9079454918232,3.0446035040506265,29,27,50,50,42,-0.00026154786,0.020554347,0.12177947,0.13636838,0.16999055,1.2913167,3.7360473,-10.367724,5.4485183,-14.715593,6.193944,-8.338231,10.853801,-7.40574,23.49696,-4.7130737,7.58861,-33.90131,11.106571,-37.60589,12.571905,-2.3755627,22.096743,-75.3562,47.793636
3496143511118423805,149.87134002708797,3.037498822473561,31,27,55,53,46,0.107866056,0.1201285,0.18703109,0.11881138,0.37575784,0.4262781,3.4292226,1.4959191,5.5554657,3.4387434,6.069912,16.414457,10.889016,-27.108015,23.722267,-7.213379,6.90095,6.095833,11.239078,6.4055967,12.282254,8.686272,21.910816,-39.614063,47.85975
3496143511118423809,149.78276636967507,3.048475931904209,24,25,49,47,44,0.08702389,0.1216495,0.14848891,0.12874684,0.37176389,4.459804,4.3040714,0.40891123,5.8106585,-0.8420356,6.632645,8.217407,11.008978,47.531643,24.29337,8.702904,8.761219,23.08819,11.815684,2.1693304,13.461627,19.465492,22.37676,65.96254,49.1549
3496143511118423810,149.90493207153295,2.942702434551763,60,48,126,130,114,0.1873475,0.49877492,0.39817864,0.6870271,1.0470715,-3.8682554,2.3761392,-2.750703,3.7309582,-4.2460856,4.13152,-13.6905575,7.38834,-24.834,15.605451,-15.325615,4.8599906,-20.450306,7.6005273,-11.714237,8.385149,-53.78832,15.021118,-122.65144,31.710754
3496143511118423816,149.84844992416635,3.060314591193579,25,22,48,47,43,0.13510402,0.1586263,0.18122636,0.33112445,0.32696435,-0.049206343,3.828778,3.2396057,5.930272,2.2321665,6.4953856,-0.95543456,11.643653,-4.5713778,25.194715,-2.0047607,7.7035184,-12.010722,12.009243,-3.2752502,13.103165,4.6090827,23.416653,61.720116,50.85275
3496143511118423818,149.8911761226065,3.022622829094287,35,30,63,62,52,0.05329337,0.07849294,0.067683324,0.04133643,0.027338522,-0.92324066,3.157719,1.863491,5.1354833,4.2814345,5.641529,-15.154868,10.232179,46.49166,22.237663,-9.506125,6.4243646,7.395157,10.435372,11.921741,11.500721,-34.61175,20.79845,60.86632,45.01019
3496143511118423819,149.96439266207238,3.0367814545165497,32,27,59,58,54,0.039899863,0.11200825,0.106714465,0.15737425,0.12445064,-0.4173965,3.5205905,-7.2123513,5.6710253,2.6659596,6.0504055,-2.7928424,10.51879,38.00926,22.572067,-10.719692,7.1469827,7.23327,11.503644,20.40641,12.304444,-31.49182,21.42652,19.787642,45.943325
3496147909164935363,149.7003139027107,3.0052808494518506,28,26,52,56,44,0.043506704,0.029323973,0.10405393,-0.019540552,-0.063449614,-1.9192368,3.5835395,2.1628113,5.10283,-7.4313293,5.902837,29.26575,9.802424,1.654328,23.101103,-6.0786753,7.1911883,5.8485465,10.365265,-5.001129,11.954529,60.865833,19.89412,-12.114265,46.884773
3496147909164935365,149.59357008411658,2.936958693609212,28,27,57,59,50,0.061322954,0.07205744,0.10408849,0.07606651,0.03130241,-0.5827083,3.4351377,-3.1483696,5.333628,-1.3246593,5.836175,8.860846,9.856858,-25.230658,21.262445,7.6006804,6.9093556,-1.68093,10.723564,-3.574071,11.7475,2.6741006,19.85388,-17.564985,42.821163
3496147909164935368,149.70334216318858,3.0287502250575677,26,25,48,48,38,0.07471547,0.06068247,0.07268942,0.14317797,0.05227864,0.6293648,3.9341495,7.5088587,5.3396053,-3.341903,6.5684943,-10.686533,11.197659,-52.793194,26.699352,11.905709,7.938424,26.099476,10.878738,-2.7155056,13.333045,-10.700662,22.733595,-153.6848,54.321976
3496147909164935370,149.72628108661857,2.9676619734383323,33,31,67,74,60,0.05703768,0.13300528,0.14598294,0.22901425,0.2568838,11.719003,3.3934855,6.667757,4.6981893,14.0979,5.5131464,23.21809,9.356555,-14.720483,21.919378,10.467758,6.7905025,3.6800573,9.453927,26.129803,11.052213,58.332497,18.828459,-30.221022,43.724693
3496147909164935373,149.59498129614312,3.055330082930918,21,23,34,39,24,0.05193634,0.039825313,0.0654861,0.02886706,0.062789045,1.960885,4.095353,-3.70673,5.3893604,8.355058,6.637873,-0.884404,11.640209,12.354615,27.802439,7.1250715,8.312356,-10.056143,10.916583,6.3595905,13.517281,0.15916649,23.524794,27.653103,56.622395
3496147909164935376,149.62550799382453,3.015411713785988,26,24,46,45,35,0.053038806,0.057889674,0.042309858,-0.029030634,-0.115642,0.061903667,3.400468,0.28684205,5.1577864,-9.550702,6.3747377,-19.689034,10.209296,21.69538,27.302525,5.4655485,6.9143558,8.48366,10.493045,-22.459547,12.952452,-26.068218,20.70392,-64.36777,55.418125
3496147909164935381,149.72705618990324,2.957470737979226,31,33,75,80,69,0.039036557,0.049150337,0.081130385,0.05744471,0.20426396,-0.86930853,3.284388,-10.38751,4.626536,-8.675779,5.403692,-14.788704,8.724642,17.849976,20.322,-8.699124,6.682896,-13.23992,9.397676,-22.396864,10.976589,-29.748966,17.63537,3.0145836,41.205864
3496147909164935382,149.64764606520126,3.0350192898770136,24,21,43,44,32,0.08800137,0.082525305,0.14080282,0.17829214,0.15067425,-5.5841146,3.6028504,4.4835176,5.8161645,-7.669939,7.005028,4.1105456,10.906686,6.4845095,30.469645,-18.419903,7.3209443,13.186278,11.759908,-9.889961,14.213021,38.529408,22.181309,27.117392,61.605476
3496147909164935385,149.75598889481435,3.0609210245149088,25,23,45,45,40,0.05490579,0.12295499,0.09066187,0.06005522,0.14732818,-2.2777503,3.7271552,-4.4072714,5.4437504,13.850452,6.2210383,-16.549927,10.730983,28.33032,25.188152,-8.546676,7.5652785,-11.49478,11.049977,21.398935,12.629463,-14.542952,21.725935,17.209726,51.056408
3496147909164935389,149.76173338862534,3.069041629502159,27,24,47,47,41,0.08389408,0.17770134,0.21294513,0.46212175,0.23195279,4.749265,3.6087155,3.4298291,5.493835,5.219246,6.2973657,20.410463,10.94953,46.30394,25.54322,8.539211,7.341586,-1.7166982,11.128861,-4.4084635,12.803331,11.043523,22.205837,48.28782,51.87402
3496147909164935398,149.653392088225,2.9216478451255097,33,32,66,77,65,0.060059167,0.061425794,0.02649923,0.014718869,-0.15288565,-4.593374,3.342575,-0.6030072,4.6704416,-4.8024387,5.3824453,20.238918,9.006048,6.8151135,20.201067,-0.020600962,6.76829,2.031802,9.485948,-21.968042,10.9564905,-5.6170816,18.336761,-55.15013,40.92551
3496147909164935403,149.59846327024738,3.0345525794515114,25,22,36,43,23,0.09583364,0.14947554,0.22390993,0.25870013,0.24018458,-0.2624827,3.5353835,9.781135,5.5164094,-6.315305,6.4809046,27.42619,10.622033,40.40446,28.87035,-12.747911,7.1041675,22.992393,11.062073,-2.5306098,13.173573,60.579117,21.381721,127.35611,57.65761
3496147909164935404,149.66864884250708,2.9733984122477697,28,27,57,57,55,0.08261563,0.101659715,0.12449299,0.23026231,0.15105017,0.9523865,3.5230367,12.547813,4.9057865,2.223884,5.6134925,6.1098022,9.689814,17.006575,19.890879,18.097015,7.1519666,25.13146,9.97363,17.462952,11.443763,45.926727,19.632046,-8.720686,40.405827
3496147909164935408,149.60153737433072,2.8816743670905325,36,36,75,90,69,0.06327309,0.06331473,0.06025585,0.045257017,0.17201447,-3.604769,3.3594246,-0.55106646,4.533334,0.8429879,5.327288,29.746548,8.788231,-11.920065,19.50764,-6.84719,6.7738624,7.98843,9.12587,-6.3071218,10.70307,49.41213,17.66311,-46.15409,39.19933
3496147909164935412,149.62055741329547,3.0109766339288053,26,26,43,43,36,0.091915615,0.09853937,0.1739284,0.07234001,0.095422775,-2.9930153,3.6760015,-4.0816493,4.8502564,-11.927295,6.642426,-13.796127,10.598639,-39.521164,27.374218,-17.588083,7.4592247,-8.730231,9.837597,-26.644081,13.488141,-38.878822,21.522072,-178.15826,55.596237
3496147909164935413,149.64507922451168,2.9154291668089787,35,33,72,85,72,0.08574647,0.055154726,-0.025855025,0.07532436,0.29662675,0.1894639,3.107909,-3.57071,4.532492,-6.569644,5.4419594,1.4955306,8.80712,-3.3281288,19.2526,9.423101,6.2894,-6.6014104,9.152366,-25.075756,10.968195,-7.239668,17.774471,-25.670706,39.064266
3496147909164935422,149.59769496352712,2.941212863245203,32,30,54,59,48,0.05779394,0.036438182,0.09306907,0.018426655,-0.065647684,2.3890228,3.2043478,8.466673,4.831563,-6.3401356,5.792844,6.8463426,9.648152,11.259381,20.79957,4.67398,6.509278,6.683481,9.769722,22.45588,11.7619915,-2.0400972,19.604277,-22.13147,42.183193
3496147909164935423,149.66786646098458,3.0542724320468593,22,23,41,38,35,0.13003711,0.1250956,0.12691359,0.057043273,-0.089189544,-0.5663111,4.3943286,-7.597691,5.6651845,1.2404739,7.135539,-5.123205,11.482744,9.352271,28.316935,21.781525,8.840828,-3.6203818,11.390702,-24.394537,14.373462,14.6562395,23.133524,-5.9376698,57.078606
3496152307211447577,149.50298100461563,2.975025465630321,25,24,36,42,23,0.113169074,0.119110085,0.16956463,0.14527394,0.2067853,-2.9130805,3.664772,4.155336,5.1482315,-5.097838,6.545785,4.3160443,10.578808,46.3335,27.337584,4.644511,7.446545,3.0414324,10.444844,-17.857536,13.387924,14.509627,21.538221,125.45664,55.43946
3496152307211447581,149.52084581845426,2.9562153958560815,23,22,41,43,34,0.092730686,0.09660861,0.15154757,0.19501773,0.3494449,-0.80319524,3.8065503,-5.5350785,5.3488035,4.196435,6.9224916,2.2667966,10.987731,-56.165382,28.761894,-4.2424254,7.6523027,6.003999,10.72246,5.8969913,13.872323,-4.6484656,22.09438,-5.7819767,57.80693
3496152307211447590,149.4716806502829,3.062759308948926,24,24,35,41,24,0.08770694,0.1035149,0.13021968,0.07557253,0.088984676,-1.1072568,3.5295095,1.0458603,4.967388,0.7080305,6.5929823,-14.010769,10.611385,-37.56931,27.219324,7.0074,7.1711497,18.580437,10.08736,9.27118,13.394754,32.42352,21.531034,13.21906,55.29016
3496152307211447592,149.44185330064875,3.0416356439312935,25,25,37,44,24,0.06922704,0.13610917,0.16599579,0.098143436,-0.078822814,4.5981255,3.57542,-0.78951025,4.9632297,9.333781,6.2044563,-12.48618,10.46149,-4.12483,26.964453,-2.5389411,7.176169,-9.422506,9.965741,7.141568,12.4723,31.139235,21.014294,-43.573822,53.841595
3496152307211447593,149.5134689065328,2.9288435725508153,28,27,48,52,37,0.09327734,0.12749514,0.12713908,0.13841186,0.2970768,6.086614,3.480665,7.4263597,5.160146,12.256768,6.288539,-7.5470314,10.326933,63.425602,24.550234,15.599579,7.078424,36.47279,10.463504,8.704774,12.792003,-6.9843974,20.985256,60.804665,49.81398
3496152307211447594,149.50151324911278,3.013421088146938,26,23,36,43,22,0.06025291,0.10548491,0.11757653,0.18078595,0.044783678,0.87849116,3.3544493,0.7005414,5.054847,4.7394886,6.59676,-3.6748755,10.50083,-71.13526,27.411604,2.1123846,6.8335032,-2.6723702,10.266515,-0.39638066,13.336572,6.732623,21.291384,-181.50174,55.75638
3496152307211447598,149.4918053913681,2.9946127889728245,23,22,36,41,21,0.04180173,0.113694474,0.21261594,0.14300796,0.251832,-1.1395843,3.737318,-3.3454928,5.2457547,8.747396,6.6925797,2.329414,10.888611,-18.512882,27.573357,-3.200653,7.5244412,4.4753733,10.680018,29.006687,13.575396,-26.944273,22.234026,10.170172,56.05808
3496152307211447599,149.51569278394837,2.909992379054947,30,30,53,58,45,0.08590779,0.10762797,0.09566291,0.09683235,-0.012017809,-4.5629053,3.320748,-2.0440886,4.9261184,1.2637494,6.2199073,-13.410522,9.851111,35.431927,23.62564,-0.21932708,6.736676,-8.453242,9.92514,4.5733376,12.4965105,-27.662922,19.873192,18.72182,47.55504
3496152307211447600,149.46207155846605,2.9452671588756165,27,26,41,44,30,0.085771136,0.10632056,0.14071451,0.11722126,0.38676128,3.7273846,3.311156,-2.569186,5.0510597,8.351656,6.358504,3.805004,10.667646,-5.0856524,27.859991,6.1668096,6.6989093,-4.586665,10.172441,2.0813944,12.8295145,-17.432943,21.564686,0.59175473,56.3376
3496152307211447602,149.50676031958855,2.8919807479305346,30,29,60,56,52,0.029623508,0.048751894,-0.017365044,0.13205692,-0.2375193,2.3373454,3.4299378,-6.173443,4.9303336,3.2174222,6.0174875,-2.1310396,10.181081,-33.52085,22.390593,0.30793577,6.9689274,-11.472748,10.005856,13.54647,12.198034,27.725418,20.65112,-68.03138,45.611572
3496152307211447607,149.45756965293572,2.97891289351987,26,24,36,42,22,0.07226764,0.06543847,0.10635035,0.08939116,0.09672371,-0.12857482,3.4343715,-3.3765879,4.912071,-1.5838226,6.350097,4.9128904,10.270539,6.8222537,27.255014,5.4223375,6.9785724,-12.660036,9.977932,-20.588154,12.897139,-5.2647157,20.910055,68.79078,55.349747
3496152307211447609,149.4218711239158,2.9083916270626875,27,27,41,47,33,0.028544405,0.054382976,0.035100896,-0.06059823,-0.11680396,1.1383431,3.720666,2.5870807,5.412179,-3.4206517,6.7385035,3.5008495,10.926848,-16.80664,27.875559,18.666853,7.6383815,11.515929,10.904037,9.458818,13.756051,-3.1235654,22.188719,1.0886635,56.680813
3496152307211447615,149.43672879508756,2.9883218769280115,26,25,37,43,24,0.07513674,0.10881089,0.14202109,0.093932964,0.17306393,-3.212383,3.5433018,1.5122235,4.7205544,-9.803035,6.1606245,-2.7739956,10.375032,30.936771,25.830643,-9.52803,7.214434,0.24627106,9.586373,-10.931094,12.530623,-18.701895,21.053831,-63.5158,52.457336
3496152307211447617,149.4485994047638,3.0659147310846966,27,25,36,45,22,0.08760183,0.040934157,0.08240472,0.018568106,-0.012205724,4.2507772,3.566165,1.7039409,5.2049575,2.9440026,6.4597945,-15.287519,10.642017,-3.1102989,28.627672,20.206585,7.2382574,3.067755,10.49307,-11.937137,13.148446,-67.09468,21.580866,-113.98874,58.137947
3496152307211447622,149.5033728783904,2.93924114929949,24,24,42,46,31,0.07663583,0.13446198,0.15986234,0.083171666,0.100646675,-2.5705695,3.5540392,5.870965,4.9163423,-7.667405,6.2765403,-6.2067733,10.138924,16.404556,26.199587,-8.613154,7.209253,4.513688,9.999555,-20.236855,12.75272,7.0800824,20.568935,46.0484,53.166622
3496152307211447623,149.44383305236818,2.8969301616868814,25,25,45,48,36,0.072945245,0.06345031,0.13928227,0.12082879,-0.41480815,-1.5047544,3.6718252,2.8886602,5.4920764,2.2454214,7.00545,-10.916551,11.034714,18.92098,28.932142,-2.702396,7.45982,8.118912,11.152377,4.3823023,14.198084,-50.94274,22.435612,-21.14198,58.773163
3496152307211447626,149.59274886830104,2.9275862476634287,31,31,59,63,53,0.10670375,0.12504967,0.24931467,0.3123385,0.6057258,3.8888218,3.244808,0.53333,4.8210115,12.23905,5.7499347,-6.1508737,9.509071,8.247301,20.511745,9.959043,6.581336,13.29497,9.846898,41.759365,11.69198,20.208736,19.319624,68.40766,41.753815
3496152307211447627,149.44976716102687,3.012099831962,26,24,37,43,22,0.07121918,0.07321192,0.09812634,0.02078958,0.33366618,0.30114034,3.403264,6.1451755,4.931086,-1.4402446,6.9018846,10.415425,10.71121,54.39919,27.56168,-7.4820623,6.841317,0.96506697,9.893733,5.468235,13.860011,16.535103,21.483662,109.88634,55.303123
3496152307211447628,149.41100111982047,3.047318548017659,23,24,36,40,23,0.07436369,0.07110162,0.06085745,0.062154166,0.104538724,2.3589242,3.8076632,-7.416343,4.8737173,-3.9294732,6.5080194,-14.147616,10.737958,-40.91041,27.318684,-0.8246751,7.7401977,-1.2936988,9.914912,-17.768957,13.226649,13.221369,21.753716,-9.002538,55.4124
3496152307211447629,149.50634019316522,2.9839387948867877,25,25,37,42,23,0.06535861,0.07921715,0.10524608,0.028447611,0.12675323,9.157724,3.6620405,12.1206875,4.9014287,-3.4433596,6.514106,3.7256868,10.50994,3.9670863,27.967148,20.53845,7.455071,29.558735,9.964926,14.31921,13.22892,1.0732654,21.409124,-67.87784,56.460888
3496152307211447632,149.5361454566959,2.9862911980634252,26,25,39,42,27,0.050072514,0.022380948,-0.049340997,0.013785729,0.046163503,1.2537814,3.5052516,-5.737828,5.27689,4.7194524,6.3705254,5.805235,10.552816,9.660701,27.091059,1.8791678,7.0966473,9.46477,10.7184725,-8.019077,12.936712,-2.4364493,21.428629,-76.95898,55.017414
3496152307211447633,149.46465384111394,2.922792022595026,29,28,46,48,32,0.018805707,0.033269983,0.051006738,0.044606082,0.17840113,-0.41811,3.3818367,5.8909445,5.1469235,-18.214659,6.5636096,-15.108253,10.925062,27.819412,27.092129,-4.5190287,6.875735,-0.0661675,10.452587,-26.29161,13.347829,-28.30551,22.242977,-47.06273,55.526257
3496152307211447635,149.50482817790692,3.017622212041676,24,25,35,41,22,0.05410144,0.041448176,0.065733455,0.18164366,-0.01363632,-4.247865,3.6713796,-2.7142766,5.3411803,-0.648691,6.6563344,2.3596942,10.682781,11.637848,27.663033,-8.23682,7.4576006,-15.314207,10.766899,10.366602,13.482798,-1.0668433,21.689701,4.9076424,56.175716
3496152307211447636,149.44525046040752,3.0387138070104927,24,24,36,44,24,0.08126526,0.14149903,0.1361302,0.21253528,0.11320335,1.6223711,3.550434,2.192486,5.137073,-9.655161,6.324172,3.1177335,10.33126,-25.644903,27.106396,11.602417,7.222573,12.313961,10.378223,-34.004845,12.848686,2.9164152,20.901707,12.53078,55.06402
3496152307211447638,149.51081531321486,3.0035367122250993,26,25,38,44,25,0.0853416,0.06601919,0.14889517,0.16607246,0.2296148,-6.808597,3.355234,3.9937623,4.9255476,1.9456189,6.408447,-2.868594,10.506449,34.246082,26.609463,-13.082589,6.8176346,10.458339,10.012643,-16.940716,13.011022,-15.884963,21.264265,-11.002462,54.037968
3496152307211447639,149.52269967254534,3.06228179359117,24,23,34,42,22,0.06273411,0.14638016,0.11767745,0.11265215,0.05443677,-2.6753721,3.619251,-3.7485242,5.12037,-0.3306423,6.6015415,-0.48372984,10.543355,-43.54912,27.745754,-4.2428846,7.376263,-12.43254,10.402968,-17.576303,13.407284,4.1634316,21.332401,-20.891056,56.170433
3496152307211447640,149.43633761659015,3.019906019161674,26,24,36,42,22,0.07479312,0.092034474,0.08262807,-0.052316193,0.188732,-1.605635,3.404956,-0.8844556,4.947445,-4.716226,6.315756,0.9888329,10.263943,21.598583,26.412762,-5.110579,6.941105,7.7652855,10.049129,-0.10086884,12.828106,-6.483076,20.881588,-51.889885,53.641537
3496152307211447641,149.56744703788624,2.8859999037350375,29,29,63,67,52,0.10673901,0.12203354,0.077040784,0.21157369,0.28347635,6.0212264,3.5822136,-0.9844158,4.9426994,13.485583,5.8115892,10.176597,9.869616,-16.430922,20.797375,16.390472,7.2626576,22.618896,10.059555,16.323101,11.813102,20.510666,19.926512,-46.01109,42.334774
3496152307211447647,149.47434260438254,2.976078849130677,25,24,37,42,25,0.056905136,0.08011855,0.112735905,0.08434496,0.20413938,-0.6245455,3.5877657,8.455725,5.0309706,0.6137268,6.474962,14.347708,10.944175,13.362831,26.971998,0.5340396,7.2924085,17.388338,10.26326,3.8814561,13.147419,58.242985,22.204521,-30.148443,54.90274
3496152307211447648,149.57855513493743,3.0114182491454695,24,25,38,41,24,0.074734904,0.043156832,0.1018313,0.021202952,0.1264202,-1.0850422,3.6760292,5.487478,4.9782743,0.39812908,6.7831163,4.042468,10.755313,48.58494,27.020693,11.879087,7.423794,12.314651,10.120306,5.335876,13.762484,33.679577,21.844986,-16.74944,54.865616
3496152307211447649,149.43562997806555,2.9478251509154236,26,25,40,45,30,0.049169548,0.07238487,0.105526894,0.1716442,-0.34239998,2.9733722,3.386637,13.215138,4.989296,8.962192,6.4466844,18.899908,10.615718,-32.40667,27.107313,8.810713,6.88913,47.200367,10.133272,22.34266,13.056835,72.83405,21.572979,-35.905067,55.125515
3496152307211447651,149.4460616569385,2.9219857842496673,28,26,44,48,32,0.024586203,0.0143123325,0.10232964,-0.036459442,-0.0901342,3.9270208,3.333457,-4.4457784,5.0599785,6.1374846,6.6364546,9.225556,10.514872,-18.224329,27.137375,9.499515,6.7693624,21.771568,10.28172,6.3310165,13.413893,2.1643326,21.368694,-47.875538,55.109814
3496152307211447655,149.59196139225477,3.017164937879228,25,25,39,43,26,0.07346943,0.022787854,0.012831267,-0.0025997767,0.18660791,0.043103833,3.4258611,-0.46925575,5.0892677,1.6253957,6.369194,-18.561361,10.458835,-16.197546,27.059052,-2.8823614,6.9563932,7.7182016,10.335017,2.9442897,12.948834,-34.44031,21.206585,-91.79289,54.957264
