name,p4_url,http_status,n_outgal,complexity_rank,best_outgal,all_outgals,error
ESO012-010,https://irsa.ipac.caltech.edu/data/SPITZER/S4G/galaxies/ESO012-010/P4/,200,3,3,ESO012-010_dbar.outgal,"[""ESO012-010_dbar.outgal"", ""ESO012-010_onecomp.outgal"", ""ESO012-010_twocomp.outgal""]",
ESO013-009,https://irsa.ipac.caltech.edu/data/SPITZER/S4G/galaxies/ESO013-009/P4/,404,0,0,,[],
ESO013-016,https://irsa.ipac.caltech.edu/data/SPITZER/S4G/galaxies/ESO013-016/P4/,200,3,3,ESO013-016_dbarf.outgal,"[""ESO013-016_dbarf.outgal"", ""ESO013-016_onecomp.outgal"", ""ESO013-016_twocomp.outgal""]",
ESO013-021,https://irsa.ipac.caltech.edu/data/SPITZER/S4G/galaxies/ESO013-021/P4/,404,0,0,,[],
ESO026-001,https://irsa.ipac.caltech.edu/data/SPITZER/S4G/galaxies/ESO026-001/P4/,200,3,3,ESO026-001_ndbar.outgal,"[""ESO026-001_ndbar.outgal"", ""ESO026-001_onecomp.outgal"", ""ESO026-001_twocomp.outgal""]",
ESO027-001,https://irsa.ipac.caltech.edu/data/SPITZER/S4G/galaxies/ESO027-001/P4/,200,3,3,ESO027-001_bdbar.outgal,"[""ESO027-001_bdbar.outgal"", ""ESO027-001_onecomp.outgal"", ""ESO027-001_twocomp.outgal""]",
ESO027-021,https://irsa.ipac.caltech.edu/data/SPITZER/S4G/galaxies/ESO027-021/P4/,404,0,0,,[],
ESO028-007,https://irsa.ipac.caltech.edu/data/SPITZER/S4G/galaxies/ESO028-007/P4/,404,0,0,,[],
ESO048-017,https://irsa.ipac.caltech.edu/data/SPITZER/S4G/galaxies/ESO048-017/P4/,200,3,3,ESO048-017_ndbar.outgal,"[""ESO048-017_ndbar.outgal"", ""ESO048-017_onecomp.outgal"", ""ESO048-017_twocomp.outgal""]",
ESO054-021,https://irsa.ipac.caltech.edu/data/SPITZER/S4G/galaxies/ESO054-021/P4/,200,3,3,ESO054-021_dbar.outgal,"[""ESO054-021_dbar.outgal"", ""ESO054-021_onecomp.outgal"", ""ESO054-021_twocomp.outgal""]",
ESO079-005,https://irsa.ipac.caltech.edu/data/SPITZER/S4G/galaxies/ESO079-005/P4/,200,3,3,ESO079-005_dbar.outgal,"[""ESO079-005_dbar.outgal"", ""ESO079-005_onecomp.outgal"", ""ESO079-005_twocomp.outgal""]",
ESO079-007,https://irsa.ipac.caltech.edu/data/SPITZER/S4G/galaxies/ESO079-007/P4/,200,3,3,ESO079-007_dbar.outgal,"[""ESO079-007_dbar.outgal"", ""ESO079-007_onecomp.outgal"", ""ESO079-007_twocomp.outgal""]",
ESO080-006,https://irsa.ipac.caltech.edu/data/SPITZER/S4G/galaxies/ESO080-006/P4/,404,0,0,,[],
ESO084-015,https://irsa.ipac.caltech.edu/data/SPITZER/S4G/galaxies/ESO084-015/P4/,404,0,0,,[],
ESO108-023,https://irsa.ipac.caltech.edu/data/SPITZER/S4G/galaxies/ESO108-023/P4/,404,0,0,,[],
ESO114-007,https://irsa.ipac.caltech.edu/data/SPITZER/S4G/galaxies/ESO114-007/P4/,200,3,3,ESO114-007_d.outgal,"[""ESO114-007_d.outgal"", ""ESO114-007_onecomp.outgal"", ""ESO114-007_twocomp.outgal""]",
ESO118-034,https://irsa.ipac.caltech.edu/data/SPITZER/S4G/galaxies/ESO118-034/P4/,404,0,0,,[],
ESO119-005,https://irsa.ipac.caltech.edu/data/SPITZER/S4G/galaxies/ESO119-005/P4/,404,0,0,,[],
ESO120-012,https://irsa.ipac.caltech.edu/data/SPITZER/S4G/galaxies/ESO120-012/P4/,200,3,3,ESO120-012_dd.outgal,"[""ESO120-012_dd.outgal"", ""ESO120-012_onecomp.outgal"", ""ESO120-012_twocomp.outgal""]",
ESO149-013,https://irsa.ipac.caltech.edu/data/SPITZER/S4G/galaxies/ESO149-013/P4/,404,0,0,,[],
ESO150-005,https://irsa.ipac.caltech.edu/data/SPITZER/S4G/galaxies/ESO150-005/P4/,200,3,3,ESO150-005_dd.outgal,"[""ESO150-005_dd.outgal"", ""ESO150-005_onecomp.outgal"", ""ESO150-005_twocomp.outgal""]",
ESO151-002,https://irsa.ipac.caltech.edu/data/SPITZER/S4G/galaxies/ESO151-002/P4/,404,0,0,,[],
ESO151-019,https://irsa.ipac.caltech.edu/data/SPITZER/S4G/galaxies/ESO151-019/P4/,404,0,0,,[],
ESO157-044,https://irsa.ipac.caltech.edu/data/SPITZER/S4G/galaxies/ESO157-044/P4/,404,0,0,,[],
ESO158-003,https://irsa.ipac.caltech.edu/data/SPITZER/S4G/galaxies/ESO158-003/P4/,404,0,0,,[],
ESO158-015,https://irsa.ipac.caltech.edu/data/SPITZER/S4G/galaxies/ESO158-015/P4/,404,0,0,,[],
ESO159-025,https://irsa.ipac.caltech.edu/data/SPITZER/S4G/galaxies/ESO159-025/P4/,200,3,3,ESO159-025_d.outgal,"[""ESO159-025_d.outgal"", ""ESO159-025_onecomp.outgal"", ""ESO159-025_twocomp.outgal""]",
ESO185-027,https://irsa.ipac.caltech.edu/data/SPITZER/S4G/galaxies/ESO185-027/P4/,404,0,0,,[],
ESO186-062,https://irsa.ipac.caltech.edu/data/SPITZER/S4G/galaxies/ESO186-062/P4/,404,0,0,,[],
ESO187-051,https://irsa.ipac.caltech.edu/data/SPITZER/S4G/galaxies/ESO187-051/P4/,200,3,3,ESO187-051_d.outgal,"[""ESO187-051_d.outgal"", ""ESO187-051_onecomp.outgal"", ""ESO187-051_twocomp.outgal""]",
ESO190-011,https://irsa.ipac.caltech.edu/data/SPITZER/S4G/galaxies/ESO190-011/P4/,404,0,0,,[],
ESO200-053,https://irsa.ipac.caltech.edu/data/SPITZER/S4G/galaxies/ESO200-053/P4/,404,0,0,,[],
ESO200-054,https://irsa.ipac.caltech.edu/data/SPITZER/S4G/galaxies/ESO200-054/P4/,404,0,0,,[],
ESO233-044,https://irsa.ipac.caltech.edu/data/SPITZER/S4G/galaxies/ESO233-044/P4/,404,0,0,,[],
ESO233-053,https://irsa.ipac.caltech.edu/data/SPITZER/S4G/galaxies/ESO233-053/P4/,404,0,0,,[],
ESO234-036,https://irsa.ipac.caltech.edu/data/SPITZER/S4G/galaxies/ESO234-036/P4/,404,0,0,,[],
ESO234-043,https://irsa.ipac.caltech.edu/data/SPITZER/S4G/galaxies/ESO234-043/P4/,200,3,3,ESO234-043_dbarn.outgal,"[""ESO234-043_dbarn.outgal"", ""ESO234-043_onecomp.outgal"", ""ESO234-043_twocomp.outgal""]",
ESO234-049,https://irsa.ipac.caltech.edu/data/SPITZER/S4G/galaxies/ESO234-049/P4/,200,3,3,ESO234-049_dd.outgal,"[""ESO234-049_dd.outgal"", ""ESO234-049_onecomp.outgal"", ""ESO234-049_twocomp.outgal""]",
ESO236-006,https://irsa.ipac.caltech.edu/data/SPITZER/S4G/galaxies/ESO236-006/P4/,404,0,0,,[],
ESO236-034,https://irsa.ipac.caltech.edu/data/SPITZER/S4G/galaxies/ESO236-034/P4/,404,0,0,,[],
ESO236-035,https://irsa.ipac.caltech.edu/data/SPITZER/S4G/galaxies/ESO236-035/P4/,404,0,0,,[],
ESO236-036,https://irsa.ipac.caltech.edu/data/SPITZER/S4G/galaxies/ESO236-036/P4/,404,0,0,,[],
ESO236-041,https://irsa.ipac.caltech.edu/data/SPITZER/S4G/galaxies/ESO236-041/P4/,404,0,0,,[],
ESO237-019,https://irsa.ipac.caltech.edu/data/SPITZER/S4G/galaxies/ESO237-019/P4/,404,0,0,,[],
ESO237-052,https://irsa.ipac.caltech.edu/data/SPITZER/S4G/galaxies/ESO237-052/P4/,200,3,3,ESO237-052_bdbarf.outgal,"[""ESO237-052_bdbarf.outgal"", ""ESO237-052_onecomp.outgal"", ""ESO237-052_twocomp.outgal""]",
ESO238-005,https://irsa.ipac.caltech.edu/data/SPITZER/S4G/galaxies/ESO238-005/P4/,404,0,0,,[],
ESO238-018,https://irsa.ipac.caltech.edu/data/SPITZER/S4G/galaxies/ESO238-018/P4/,200,3,3,ESO238-018_dbar.outgal,"[""ESO238-018_dbar.outgal"", ""ESO238-018_onecomp.outgal"", ""ESO238-018_twocomp.outgal""]",
ESO240-012,https://irsa.ipac.caltech.edu/data/SPITZER/S4G/galaxies/ESO240-012/P4/,404,0,0,,[],
ESO241-006,https://irsa.ipac.caltech.edu/data/SPITZER/S4G/galaxies/ESO241-006/P4/,404,0,0,,[],
ESO245-005,https://irsa.ipac.caltech.edu/data/SPITZER/S4G/galaxies/ESO245-005/P4/,200,3,3,ESO245-005_dd.outgal,"[""ESO245-005_dd.outgal"", ""ESO245-005_onecomp.outgal"", ""ESO245-005_twocomp.outgal""]",
ESO245-007,https://irsa.ipac.caltech.edu/data/SPITZER/S4G/galaxies/ESO245-007/P4/,200,3,3,ESO245-007_d.outgal,"[""ESO245-007_d.outgal"", ""ESO245-007_onecomp.outgal"", ""ESO245-007_twocomp.outgal""]",
ESO247-010,https://irsa.ipac.caltech.edu/data/SPITZER/S4G/galaxies/ESO247-010/P4/,404,0,0,,[],
ESO249-008,https://irsa.ipac.caltech.edu/data/SPITZER/S4G/galaxies/ESO249-008/P4/,200,3,3,ESO249-008_dd.outgal,"[""ESO249-008_dd.outgal"", ""ESO249-008_onecomp.outgal"", ""ESO249-008_twocomp.outgal""]",
ESO249-036,https://irsa.ipac.caltech.edu/data/SPITZER/S4G/galaxies/ESO249-036/P4/,200,2,2,ESO249-036_twocomp.outgal,"[""ESO249-036_onecomp.outgal"", ""ESO249-036_twocomp.outgal""]",
ESO250-005,https://irsa.ipac.caltech.edu/data/SPITZER/S4G/galaxies/ESO250-005/P4/,404,0,0,,[],
ESO251-012,https://irsa.ipac.caltech.edu/data/SPITZER/S4G/galaxies/ESO251-012/P4/,404,0,0,,[],
ESO252-007,https://irsa.ipac.caltech.edu/data/SPITZER/S4G/galaxies/ESO252-007/P4/,404,0,0,,[],
ESO284-047,https://irsa.ipac.caltech.edu/data/SPITZER/S4G/galaxies/ESO284-047/P4/,404,0,0,,[],
ESO284-049,https://irsa.ipac.caltech.edu/data/SPITZER/S4G/galaxies/ESO284-049/P4/,404,0,0,,[],
ESO286-063,https://irsa.ipac.caltech.edu/data/SPITZER/S4G/galaxies/ESO286-063/P4/,404,0,0,,[],
ESO287-037,https://irsa.ipac.caltech.edu/data/SPITZER/S4G/galaxies/ESO287-037/P4/,200,3,3,ESO287-037_dbar.outgal,"[""ESO287-037_dbar.outgal"", ""ESO287-037_onecomp.outgal"", ""ESO287-037_twocomp.outgal""]",
ESO287-055,https://irsa.ipac.caltech.edu/data/SPITZER/S4G/galaxies/ESO287-055/P4/,404,0,0,,[],
ESO288-005,https://irsa.ipac.caltech.edu/data/SPITZER/S4G/galaxies/ESO288-005/P4/,404,0,0,,[],
ESO288-013,https://irsa.ipac.caltech.edu/data/SPITZER/S4G/galaxies/ESO288-013/P4/,200,3,3,ESO288-013_d.outgal,"[""ESO288-013_d.outgal"", ""ESO288-013_onecomp.outgal"", ""ESO288-013_twocomp.outgal""]",
ESO288-045,https://irsa.ipac.caltech.edu/data/SPITZER/S4G/galaxies/ESO288-045/P4/,404,0,0,,[],
ESO288-049,https://irsa.ipac.caltech.edu/data/SPITZER/S4G/galaxies/ESO288-049/P4/,404,0,0,,[],
ESO289-005,https://irsa.ipac.caltech.edu/data/SPITZER/S4G/galaxies/ESO289-005/P4/,404,0,0,,[],
ESO289-011,https://irsa.ipac.caltech.edu/data/SPITZER/S4G/galaxies/ESO289-011/P4/,404,0,0,,[],
ESO290-006,https://irsa.ipac.caltech.edu/data/SPITZER/S4G/galaxies/ESO290-006/P4/,404,0,0,,[],
ESO290-039,https://irsa.ipac.caltech.edu/data/SPITZER/S4G/galaxies/ESO290-039/P4/,404,0,0,,[],
ESO294-020,https://irsa.ipac.caltech.edu/data/SPITZER/S4G/galaxies/ESO294-020/P4/,404,0,0,,[],
ESO297-015,https://irsa.ipac.caltech.edu/data/SPITZER/S4G/galaxies/ESO297-015/P4/,404,0,0,,[],
ESO297-020,https://irsa.ipac.caltech.edu/data/SPITZER/S4G/galaxies/ESO297-020/P4/,404,0,0,,[],
ESO298-023,https://irsa.ipac.caltech.edu/data/SPITZER/S4G/galaxies/ESO298-023/P4/,200,3,3,ESO298-023_d.outgal,"[""ESO298-023_d.outgal"", ""ESO298-023_onecomp.outgal"", ""ESO298-023_twocomp.outgal""]",
ESO299-011,https://irsa.ipac.caltech.edu/data/SPITZER/S4G/galaxies/ESO299-011/P4/,404,0,0,,[],
ESO301-011,https://irsa.ipac.caltech.edu/data/SPITZER/S4G/galaxies/ESO301-011/P4/,404,0,0,,[],
ESO302-006,https://irsa.ipac.caltech.edu/data/SPITZER/S4G/galaxies/ESO302-006/P4/,404,0,0,,[],
ESO305-009,https://irsa.ipac.caltech.edu/data/SPITZER/S4G/galaxies/ESO305-009/P4/,200,3,3,ESO305-009_dbar.outgal,"[""ESO305-009_dbar.outgal"", ""ESO305-009_onecomp.outgal"", ""ESO305-009_twocomp.outgal""]",
ESO306-013,https://irsa.ipac.caltech.edu/data/SPITZER/S4G/galaxies/ESO306-013/P4/,404,0,0,,[],
ESO340-012,https://irsa.ipac.caltech.edu/data/SPITZER/S4G/galaxies/ESO340-012/P4/,404,0,0,,[],
ESO340-017,https://irsa.ipac.caltech.edu/data/SPITZER/S4G/galaxies/ESO340-017/P4/,200,3,3,ESO340-017_dbar.outgal,"[""ESO340-017_dbar.outgal"", ""ESO340-017_onecomp.outgal"", ""ESO340-017_twocomp.outgal""]",
ESO340-021,https://irsa.ipac.caltech.edu/data/SPITZER/S4G/galaxies/ESO340-021/P4/,404,0,0,,[],
ESO340-042,https://irsa.ipac.caltech.edu/data/SPITZER/S4G/galaxies/ESO340-042/P4/,200,3,3,ESO340-042_dbarn.outgal,"[""ESO340-042_dbarn.outgal"", ""ESO340-042_onecomp.outgal"", ""ESO340-042_twocomp.outgal""]",
ESO341-032,https://irsa.ipac.caltech.edu/data/SPITZER/S4G/galaxies/ESO341-032/P4/,200,3,3,ESO341-032_dbar.outgal,"[""ESO341-032_dbar.outgal"", ""ESO341-032_onecomp.outgal"", ""ESO341-032_twocomp.outgal""]",
ESO342-050,https://irsa.ipac.caltech.edu/data/SPITZER/S4G/galaxies/ESO342-050/P4/,200,3,3,ESO342-050_bd.outgal,"[""ESO342-050_bd.outgal"", ""ESO342-050_onecomp.outgal"", ""ESO342-050_twocomp.outgal""]",
ESO345-002,https://irsa.ipac.caltech.edu/data/SPITZER/S4G/galaxies/ESO345-002/P4/,404,0,0,,[],
ESO345-046,https://irsa.ipac.caltech.edu/data/SPITZER/S4G/galaxies/ESO345-046/P4/,200,3,3,ESO345-046_dbar.outgal,"[""ESO345-046_dbar.outgal"", ""ESO345-046_onecomp.outgal"", ""ESO345-046_twocomp.outgal""]",
ESO346-018,https://irsa.ipac.caltech.edu/data/SPITZER/S4G/galaxies/ESO346-018/P4/,404,0,0,,[],
ESO347-008,https://irsa.ipac.caltech.edu/data/SPITZER/S4G/galaxies/ESO347-008/P4/,200,3,3,ESO347-008_d.outgal,"[""ESO347-008_d.outgal"", ""ESO347-008_onecomp.outgal"", ""ESO347-008_twocomp.outgal""]",
ESO347-020,https://irsa.ipac.caltech.edu/data/SPITZER/S4G/galaxies/ESO347-020/P4/,404,0,0,,[],
ESO352-036,https://irsa.ipac.caltech.edu/data/SPITZER/S4G/galaxies/ESO352-036/P4/,404,0,0,,[],
ESO355-026,https://irsa.ipac.caltech.edu/data/SPITZER/S4G/galaxies/ESO355-026/P4/,200,3,3,ESO355-026_dn.outgal,"[""ESO355-026_dn.outgal"", ""ESO355-026_onecomp.outgal"", ""ESO355-026_twocomp.outgal""]",
ESO356-026,https://irsa.ipac.caltech.edu/data/SPITZER/S4G/galaxies/ESO356-026/P4/,404,0,0,,[],
ESO357-012,https://irsa.ipac.caltech.edu/data/SPITZER/S4G/galaxies/ESO357-012/P4/,200,4,3,ESO357-012_dbarn.outgal,"[""ESO357-012_dbar.outgal"", ""ESO357-012_dbarn.outgal"", ""ESO357-012_onecomp.outgal"", ""ESO357-012_twocomp.outgal""]",
ESO358-005,https://irsa.ipac.caltech.edu/data/SPITZER/S4G/galaxies/ESO358-005/P4/,200,3,3,ESO358-005_d.outgal,"[""ESO358-005_d.outgal"", ""ESO358-005_onecomp.outgal"", ""ESO358-005_twocomp.outgal""]",
ESO358-015,https://irsa.ipac.caltech.edu/data/SPITZER/S4G/galaxies/ESO358-015/P4/,200,3,3,ESO358-015_dd.outgal,"[""ESO358-015_dd.outgal"", ""ESO358-015_onecomp.outgal"", ""ESO358-015_twocomp.outgal""]",
ESO358-020,https://irsa.ipac.caltech.edu/data/SPITZER/S4G/galaxies/ESO358-020/P4/,200,3,3,ESO358-020_dd.outgal,"[""ESO358-020_dd.outgal"", ""ESO358-020_onecomp.outgal"", ""ESO358-020_twocomp.outgal""]",
ESO358-022,https://irsa.ipac.caltech.edu/data/SPITZER/S4G/galaxies/ESO358-022/P4/,404,0,0,,[],
ESO358-054,https://irsa.ipac.caltech.edu/data/SPITZER/S4G/galaxies/ESO358-054/P4/,200,3,3,ESO358-054_d.outgal,"[""ESO358-054_d.outgal"", ""ESO358-054_onecomp.outgal"", ""ESO358-054_twocomp.outgal""]",
ESO358-059,https://irsa.ipac.caltech.edu/data/SPITZER/S4G/galaxies/ESO358-059/P4/,404,0,0,,[],
ESO359-029,https://irsa.ipac.caltech.edu/data/SPITZER/S4G/galaxies/ESO359-029/P4/,200,3,3,ESO359-029_d.outgal,"[""ESO359-029_d.outgal"", ""ESO359-029_onecomp.outgal"", ""ESO359-029_twocomp.outgal""]",
ESO359-031,https://irsa.ipac.caltech.edu/data/SPITZER/S4G/galaxies/ESO359-031/P4/,200,3,3,ESO359-031_d.outgal,"[""ESO359-031_d.outgal"", ""ESO359-031_onecomp.outgal"", ""ESO359-031_twocomp.outgal""]",
ESO362-009,https://irsa.ipac.caltech.edu/data/SPITZER/S4G/galaxies/ESO362-009/P4/,200,3,3,ESO362-009_d.outgal,"[""ESO362-009_d.outgal"", ""ESO362-009_onecomp.outgal"", ""ESO362-009_twocomp.outgal""]",
ESO400-027,https://irsa.ipac.caltech.edu/data/SPITZER/S4G/galaxies/ESO400-027/P4/,404,0,0,,[],
ESO402-030,https://irsa.ipac.caltech.edu/data/SPITZER/S4G/galaxies/ESO402-030/P4/,200,3,3,ESO402-030_dd.outgal,"[""ESO402-030_dd.outgal"", ""ESO402-030_onecomp.outgal"", ""ESO402-030_twocomp.outgal""]",
ESO403-031,https://irsa.ipac.caltech.edu/data/SPITZER/S4G/galaxies/ESO403-031/P4/,200,3,3,ESO403-031_dbar.outgal,"[""ESO403-031_dbar.outgal"", ""ESO403-031_onecomp.outgal"", ""ESO403-031_twocomp.outgal""]",
ESO404-003,https://irsa.ipac.caltech.edu/data/SPITZER/S4G/galaxies/ESO404-003/P4/,200,3,3,ESO404-003_dbarf.outgal,"[""ESO404-003_dbarf.outgal"", ""ESO404-003_onecomp.outgal"", ""ESO404-003_twocomp.outgal""]",
ESO404-012,https://irsa.ipac.caltech.edu/data/SPITZER/S4G/galaxies/ESO404-012/P4/,200,3,3,ESO404-012_dbarn.outgal,"[""ESO404-012_dbarn.outgal"", ""ESO404-012_onecomp.outgal"", ""ESO404-012_twocomp.outgal""]",
ESO404-028,https://irsa.ipac.caltech.edu/data/SPITZER/S4G/galaxies/ESO404-028/P4/,404,0,0,,[],
ESO404-039,https://irsa.ipac.caltech.edu/data/SPITZER/S4G/galaxies/ESO404-039/P4/,404,0,0,,[],
ESO406-031,https://irsa.ipac.caltech.edu/data/SPITZER/S4G/galaxies/ESO406-031/P4/,404,0,0,,[],
ESO407-002,https://irsa.ipac.caltech.edu/data/SPITZER/S4G/galaxies/ESO407-002/P4/,404,0,0,,[],
ESO407-004,https://irsa.ipac.caltech.edu/data/SPITZER/S4G/galaxies/ESO407-004/P4/,404,0,0,,[],
ESO407-009,https://irsa.ipac.caltech.edu/data/SPITZER/S4G/galaxies/ESO407-009/P4/,200,3,3,ESO407-009_dn.outgal,"[""ESO407-009_dn.outgal"", ""ESO407-009_onecomp.outgal"", ""ESO407-009_twocomp.outgal""]",
ESO407-014,https://irsa.ipac.caltech.edu/data/SPITZER/S4G/galaxies/ESO407-014/P4/,200,3,3,ESO407-014_dn.outgal,"[""ESO407-014_dn.outgal"", ""ESO407-014_onecomp.outgal"", ""ESO407-014_twocomp.outgal""]",
ESO407-018,https://irsa.ipac.caltech.edu/data/SPITZER/S4G/galaxies/ESO407-018/P4/,200,3,3,ESO407-018_d.outgal,"[""ESO407-018_d.outgal"", ""ESO407-018_onecomp.outgal"", ""ESO407-018_twocomp.outgal""]",
ESO408-012,https://irsa.ipac.caltech.edu/data/SPITZER/S4G/galaxies/ESO408-012/P4/,200,3,3,ESO408-012_dbarn.outgal,"[""ESO408-012_dbarn.outgal"", ""ESO408-012_onecomp.outgal"", ""ESO408-012_twocomp.outgal""]",
ESO409-015,https://irsa.ipac.caltech.edu/data/SPITZER/S4G/galaxies/ESO409-015/P4/,200,3,3,ESO409-015_d.outgal,"[""ESO409-015_d.outgal"", ""ESO409-015_onecomp.outgal"", ""ESO409-015_twocomp.outgal""]",
ESO410-005,https://irsa.ipac.caltech.edu/data/SPITZER/S4G/galaxies/ESO410-005/P4/,404,0,0,,[],
ESO410-018,https://irsa.ipac.caltech.edu/data/SPITZER/S4G/galaxies/ESO410-018/P4/,200,3,3,ESO410-018_d.outgal,"[""ESO410-018_d.outgal"", ""ESO410-018_onecomp.outgal"", ""ESO410-018_twocomp.outgal""]",
ESO411-016,https://irsa.ipac.caltech.edu/data/SPITZER/S4G/galaxies/ESO411-016/P4/,404,0,0,,[],
ESO411-027,https://irsa.ipac.caltech.edu/data/SPITZER/S4G/galaxies/ESO411-027/P4/,404,0,0,,[],
ESO418-008,https://irsa.ipac.caltech.edu/data/SPITZER/S4G/galaxies/ESO418-008/P4/,200,3,3,ESO418-008_d.outgal,"[""ESO418-008_d.outgal"", ""ESO418-008_onecomp.outgal"", ""ESO418-008_twocomp.outgal""]",
ESO418-009,https://irsa.ipac.caltech.edu/data/SPITZER/S4G/galaxies/ESO418-009/P4/,200,3,3,ESO418-009_dbarf.outgal,"[""ESO418-009_dbarf.outgal"", ""ESO418-009_onecomp.outgal"", ""ESO418-009_twocomp.outgal""]",
ESO419-013,https://irsa.ipac.caltech.edu/data/SPITZER/S4G/galaxies/ESO419-013/P4/,200,3,3,ESO419-013_dbar.outgal,"[""ESO419-013_dbar.outgal"", ""ESO419-013_onecomp.outgal"", ""ESO419-013_twocomp.outgal""]",
ESO420-005,https://irsa.ipac.caltech.edu/data/SPITZER/S4G/galaxies/ESO420-005/P4/,404,0,0,,[],
ESO420-009,https://irsa.ipac.caltech.edu/data/SPITZER/S4G/galaxies/ESO420-009/P4/,200,3,3,ESO420-009_dbarf.outgal,"[""ESO420-009_dbarf.outgal"", ""ESO420-009_onecomp.outgal"", ""ESO420-009_twocomp.outgal""]",
ESO421-019,https://irsa.ipac.caltech.edu/data/SPITZER/S4G/galaxies/ESO421-019/P4/,200,3,3,ESO421-019_dd.outgal,"[""ESO421-019_dd.outgal"", ""ESO421-019_onecomp.outgal"", ""ESO421-019_twocomp.outgal""]",
ESO422-005,https://irsa.ipac.caltech.edu/data/SPITZER/S4G/galaxies/ESO422-005/P4/,200,3,3,ESO422-005_d.outgal,"[""ESO422-005_d.outgal"", ""ESO422-005_onecomp.outgal"", ""ESO422-005_twocomp.outgal""]",
ESO422-041,https://irsa.ipac.caltech.edu/data/SPITZER/S4G/galaxies/ESO422-041/P4/,200,3,3,ESO422-041_dbar.outgal,"[""ESO422-041_dbar.outgal"", ""ESO422-041_onecomp.outgal"", ""ESO422-041_twocomp.outgal""]",
ESO438-017,https://irsa.ipac.caltech.edu/data/SPITZER/S4G/galaxies/ESO438-017/P4/,200,3,3,ESO438-017_dbarf.outgal,"[""ESO438-017_dbarf.outgal"", ""ESO438-017_onecomp.outgal"", ""ESO438-017_twocomp.outgal""]",
ESO440-011,https://irsa.ipac.caltech.edu/data/SPITZER/S4G/galaxies/ESO440-011/P4/,200,3,3,ESO440-011_dbarf.outgal,"[""ESO440-011_dbarf.outgal"", ""ESO440-011_onecomp.outgal"", ""ESO440-011_twocomp.outgal""]",
ESO440-012,https://irsa.ipac.caltech.edu/data/SPITZER/S4G/galaxies/ESO440-012/P4/,404,0,0,,[],
ESO440-016,https://irsa.ipac.caltech.edu/data/SPITZER/S4G/galaxies/ESO440-016/P4/,404,0,0,,[],
ESO440-018,https://irsa.ipac.caltech.edu/data/SPITZER/S4G/galaxies/ESO440-018/P4/,404,0,0,,[],
ESO440-046,https://irsa.ipac.caltech.edu/data/SPITZER/S4G/galaxies/ESO440-046/P4/,200,3,3,ESO440-046_d.outgal,"[""ESO440-046_d.outgal"", ""ESO440-046_onecomp.outgal"", ""ESO440-046_twocomp.outgal""]",
ESO440-049,https://irsa.ipac.caltech.edu/data/SPITZER/S4G/galaxies/ESO440-049/P4/,200,3,3,ESO440-049_bdd.outgal,"[""ESO440-049_bdd.outgal"", ""ESO440-049_onecomp.outgal"", ""ESO440-049_twocomp.outgal""]",
ESO442-013,https://irsa.ipac.caltech.edu/data/SPITZER/S4G/galaxies/ESO442-013/P4/,200,3,3,ESO442-013_dbar.outgal,"[""ESO442-013_dbar.outgal"", ""ESO442-013_onecomp.outgal"", ""ESO442-013_twocomp.outgal""]",
ESO443-008,https://irsa.ipac.caltech.edu/data/SPITZER/S4G/galaxies/ESO443-008/P4/,404,0,0,,[],
ESO443-033,https://irsa.ipac.caltech.edu/data/SPITZER/S4G/galaxies/ESO443-033/P4/,404,0,0,,[],
ESO443-069,https://irsa.ipac.caltech.edu/data/SPITZER/S4G/galaxies/ESO443-069/P4/,200,3,3,ESO443-069_dbar.outgal,"[""ESO443-069_dbar.outgal"", ""ESO443-069_onecomp.outgal"", ""ESO443-069_twocomp.outgal""]",
ESO443-085,https://irsa.ipac.caltech.edu/data/SPITZER/S4G/galaxies/ESO443-085/P4/,200,3,3,ESO443-085_dbarf.outgal,"[""ESO443-085_dbarf.outgal"", ""ESO443-085_onecomp.outgal"", ""ESO443-085_twocomp.outgal""]",
ESO444-037,https://irsa.ipac.caltech.edu/data/SPITZER/S4G/galaxies/ESO444-037/P4/,200,3,3,ESO444-037_dn.outgal,"[""ESO444-037_dn.outgal"", ""ESO444-037_onecomp.outgal"", ""ESO444-037_twocomp.outgal""]",
ESO444-084,https://irsa.ipac.caltech.edu/data/SPITZER/S4G/galaxies/ESO444-084/P4/,404,0,0,,[],
ESO445-076,https://irsa.ipac.caltech.edu/data/SPITZER/S4G/galaxies/ESO445-076/P4/,404,0,0,,[],
ESO445-089,https://irsa.ipac.caltech.edu/data/SPITZER/S4G/galaxies/ESO445-089/P4/,200,3,3,ESO445-089_dbarn.outgal,"[""ESO445-089_dbarn.outgal"", ""ESO445-089_onecomp.outgal"", ""ESO445-089_twocomp.outgal""]",
ESO462-028,https://irsa.ipac.caltech.edu/data/SPITZER/S4G/galaxies/ESO462-028/P4/,404,0,0,,[],
ESO466-025,https://irsa.ipac.caltech.edu/data/SPITZER/S4G/galaxies/ESO466-025/P4/,404,0,0,,[],
ESO466-043,https://irsa.ipac.caltech.edu/data/SPITZER/S4G/galaxies/ESO466-043/P4/,404,0,0,,[],
ESO468-006,https://irsa.ipac.caltech.edu/data/SPITZER/S4G/galaxies/ESO468-006/P4/,404,0,0,,[],
ESO468-008,https://irsa.ipac.caltech.edu/data/SPITZER/S4G/galaxies/ESO468-008/P4/,404,0,0,,[],
ESO477-005,https://irsa.ipac.caltech.edu/data/SPITZER/S4G/galaxies/ESO477-005/P4/,404,0,0,,[],
ESO480-017,https://irsa.ipac.caltech.edu/data/SPITZER/S4G/galaxies/ESO480-017/P4/,404,0,0,,[],
ESO480-020,https://irsa.ipac.caltech.edu/data/SPITZER/S4G/galaxies/ESO480-020/P4/,200,3,3,ESO480-020_d.outgal,"[""ESO480-020_d.outgal"", ""ESO480-020_onecomp.outgal"", ""ESO480-020_twocomp.outgal""]",
ESO480-025,https://irsa.ipac.caltech.edu/data/SPITZER/S4G/galaxies/ESO480-025/P4/,200,3,3,ESO480-025_d.outgal,"[""ESO480-025_d.outgal"", ""ESO480-025_onecomp.outgal"", ""ESO480-025_twocomp.outgal""]",
ESO482-017,https://irsa.ipac.caltech.edu/data/SPITZER/S4G/galaxies/ESO482-017/P4/,404,0,0,,[],
ESO482-035,https://irsa.ipac.caltech.edu/data/SPITZER/S4G/galaxies/ESO482-035/P4/,200,3,3,ESO482-035_dbarf.outgal,"[""ESO482-035_dbarf.outgal"", ""ESO482-035_onecomp.outgal"", ""ESO482-035_twocomp.outgal""]",
ESO482-036,https://irsa.ipac.caltech.edu/data/SPITZER/S4G/galaxies/ESO482-036/P4/,404,0,0,,[],
ESO482-049,https://irsa.ipac.caltech.edu/data/SPITZER/S4G/galaxies/ESO482-049/P4/,404,0,0,,[],
ESO485-021,https://irsa.ipac.caltech.edu/data/SPITZER/S4G/galaxies/ESO485-021/P4/,200,3,3,ESO485-021_dnbar.outgal,"[""ESO485-021_dnbar.outgal"", ""ESO485-021_onecomp.outgal"", ""ESO485-021_twocomp.outgal""]",
ESO486-021,https://irsa.ipac.caltech.edu/data/SPITZER/S4G/galaxies/ESO486-021/P4/,200,3,3,ESO486-021_d.outgal,"[""ESO486-021_d.outgal"", ""ESO486-021_onecomp.outgal"", ""ESO486-021_twocomp.outgal""]",
ESO501-079,https://irsa.ipac.caltech.edu/data/SPITZER/S4G/galaxies/ESO501-079/P4/,200,3,3,ESO501-079_d.outgal,"[""ESO501-079_d.outgal"", ""ESO501-079_onecomp.outgal"", ""ESO501-079_twocomp.outgal""]",
ESO502-020,https://irsa.ipac.caltech.edu/data/SPITZER/S4G/galaxies/ESO502-020/P4/,200,3,3,ESO502-020_dd.outgal,"[""ESO502-020_dd.outgal"", ""ESO502-020_onecomp.outgal"", ""ESO502-020_twocomp.outgal""]",
ESO504-024,https://irsa.ipac.caltech.edu/data/SPITZER/S4G/galaxies/ESO504-024/P4/,200,3,3,ESO504-024_d.outgal,"[""ESO504-024_d.outgal"", ""ESO504-024_onecomp.outgal"", ""ESO504-024_twocomp.outgal""]",
ESO504-028,https://irsa.ipac.caltech.edu/data/SPITZER/S4G/galaxies/ESO504-028/P4/,200,3,3,ESO504-028_dn.outgal,"[""ESO504-028_dn.outgal"", ""ESO504-028_onecomp.outgal"", ""ESO504-028_twocomp.outgal""]",
ESO504-030,https://irsa.ipac.caltech.edu/data/SPITZER/S4G/galaxies/ESO504-030/P4/,404,0,0,,[],
ESO505-002,https://irsa.ipac.caltech.edu/data/SPITZER/S4G/galaxies/ESO505-002/P4/,200,3,3,ESO505-002_d.outgal,"[""ESO505-002_d.outgal"", ""ESO505-002_onecomp.outgal"", ""ESO505-002_twocomp.outgal""]",
ESO505-005,https://irsa.ipac.caltech.edu/data/SPITZER/S4G/galaxies/ESO505-005/P4/,404,0,0,,[],
ESO505-013,https://irsa.ipac.caltech.edu/data/SPITZER/S4G/galaxies/ESO505-013/P4/,200,3,3,ESO505-013_dbarn.outgal,"[""ESO505-013_dbarn.outgal"", ""ESO505-013_onecomp.outgal"", ""ESO505-013_twocomp.outgal""]",
ESO506-029,https://irsa.ipac.caltech.edu/data/SPITZER/S4G/galaxies/ESO506-029/P4/,200,3,3,ESO506-029_dbar.outgal,"[""ESO506-029_dbar.outgal"", ""ESO506-029_onecomp.outgal"", ""ESO506-029_twocomp.outgal""]",
ESO508-003,https://irsa.ipac.caltech.edu/data/SPITZER/S4G/galaxies/ESO508-003/P4/,404,0,0,,[],
ESO508-007,https://irsa.ipac.caltech.edu/data/SPITZER/S4G/galaxies/ESO508-007/P4/,200,3,3,ESO508-007_dbar.outgal,"[""ESO508-007_dbar.outgal"", ""ESO508-007_onecomp.outgal"", ""ESO508-007_twocomp.outgal""]",
ESO508-015,https://irsa.ipac.caltech.edu/data/SPITZER/S4G/galaxies/ESO508-015/P4/,200,3,3,ESO508-015_d.outgal,"[""ESO508-015_d.outgal"", ""ESO508-015_onecomp.outgal"", ""ESO508-015_twocomp.outgal""]",
ESO508-024,https://irsa.ipac.caltech.edu/data/SPITZER/S4G/galaxies/ESO508-024/P4/,200,3,3,ESO508-024_dbar.outgal,"[""ESO508-024_dbar.outgal"", ""ESO508-024_onecomp.outgal"", ""ESO508-024_twocomp.outgal""]",
ESO508-066,https://irsa.ipac.caltech.edu/data/SPITZER/S4G/galaxies/ESO508-066/P4/,404,0,0,,[],
ESO509-026,https://irsa.ipac.caltech.edu/data/SPITZER/S4G/galaxies/ESO509-026/P4/,200,3,3,ESO509-026_bdbar.outgal,"[""ESO509-026_bdbar.outgal"", ""ESO509-026_onecomp.outgal"", ""ESO509-026_twocomp.outgal""]",
ESO509-064,https://irsa.ipac.caltech.edu/data/SPITZER/S4G/galaxies/ESO509-064/P4/,404,0,0,,[],
ESO510-026,https://irsa.ipac.caltech.edu/data/SPITZER/S4G/galaxies/ESO510-026/P4/,200,3,3,ESO510-026_d.outgal,"[""ESO510-026_d.outgal"", ""ESO510-026_onecomp.outgal"", ""ESO510-026_twocomp.outgal""]",
ESO510-043,https://irsa.ipac.caltech.edu/data/SPITZER/S4G/galaxies/ESO510-043/P4/,404,0,0,,[],
ESO510-058,https://irsa.ipac.caltech.edu/data/SPITZER/S4G/galaxies/ESO510-058/P4/,200,3,3,ESO510-058_dbar.outgal,"[""ESO510-058_dbar.outgal"", ""ESO510-058_onecomp.outgal"", ""ESO510-058_twocomp.outgal""]",
ESO510-059,https://irsa.ipac.caltech.edu/data/SPITZER/S4G/galaxies/ESO510-059/P4/,200,3,3,ESO510-059_dbar.outgal,"[""ESO510-059_dbar.outgal"", ""ESO510-059_onecomp.outgal"", ""ESO510-059_twocomp.outgal""]",
ESO532-015,https://irsa.ipac.caltech.edu/data/SPITZER/S4G/galaxies/ESO532-015/P4/,404,0,0,,[],
ESO532-022,https://irsa.ipac.caltech.edu/data/SPITZER/S4G/galaxies/ESO532-022/P4/,200,3,3,ESO532-022_dbarf.outgal,"[""ESO532-022_dbarf.outgal"", ""ESO532-022_onecomp.outgal"", ""ESO532-022_twocomp.outgal""]",
ESO533-005,https://irsa.ipac.caltech.edu/data/SPITZER/S4G/galaxies/ESO533-005/P4/,404,0,0,,[],
ESO533-028,https://irsa.ipac.caltech.edu/data/SPITZER/S4G/galaxies/ESO533-028/P4/,200,3,3,ESO533-028_dd.outgal,"[""ESO533-028_dd.outgal"", ""ESO533-028_onecomp.outgal"", ""ESO533-028_twocomp.outgal""]",
ESO539-007,https://irsa.ipac.caltech.edu/data/SPITZER/S4G/galaxies/ESO539-007/P4/,200,3,3,ESO539-007_dd.outgal,"[""ESO539-007_dd.outgal"", ""ESO539-007_onecomp.outgal"", ""ESO539-007_twocomp.outgal""]",
ESO541-004,https://irsa.ipac.caltech.edu/data/SPITZER/S4G/galaxies/ESO541-004/P4/,200,3,3,ESO541-004_bd.outgal,"[""ESO541-004_bd.outgal"", ""ESO541-004_onecomp.outgal"", ""ESO541-004_twocomp.outgal""]",
ESO544-030,https://irsa.ipac.caltech.edu/data/SPITZER/S4G/galaxies/ESO544-030/P4/,200,3,3,ESO544-030_dd.outgal,"[""ESO544-030_dd.outgal"", ""ESO544-030_onecomp.outgal"", ""ESO544-030_twocomp.outgal""]",
ESO545-016,https://irsa.ipac.caltech.edu/data/SPITZER/S4G/galaxies/ESO545-016/P4/,200,3,3,ESO545-016_d.outgal,"[""ESO545-016_d.outgal"", ""ESO545-016_onecomp.outgal"", ""ESO545-016_twocomp.outgal""]",
ESO546-033,https://irsa.ipac.caltech.edu/data/SPITZER/S4G/galaxies/ESO546-033/P4/,404,0,0,,[],
ESO547-005,https://irsa.ipac.caltech.edu/data/SPITZER/S4G/galaxies/ESO547-005/P4/,200,3,3,ESO547-005_d.outgal,"[""ESO547-005_d.outgal"", ""ESO547-005_onecomp.outgal"", ""ESO547-005_twocomp.outgal""]",
ESO547-020,https://irsa.ipac.caltech.edu/data/SPITZER/S4G/galaxies/ESO547-020/P4/,200,3,3,ESO547-020_d.outgal,"[""ESO547-020_d.outgal"", ""ESO547-020_onecomp.outgal"", ""ESO547-020_twocomp.outgal""]",
ESO548-005,https://irsa.ipac.caltech.edu/data/SPITZER/S4G/galaxies/ESO548-005/P4/,200,3,3,ESO548-005_d.outgal,"[""ESO548-005_d.outgal"", ""ESO548-005_onecomp.outgal"", ""ESO548-005_twocomp.outgal""]",
ESO548-025,https://irsa.ipac.caltech.edu/data/SPITZER/S4G/galaxies/ESO548-025/P4/,200,3,3,ESO548-025_dbar.outgal,"[""ESO548-025_dbar.outgal"", ""ESO548-025_onecomp.outgal"", ""ESO548-025_twocomp.outgal""]",
ESO548-028,https://irsa.ipac.caltech.edu/data/SPITZER/S4G/galaxies/ESO548-028/P4/,404,0,0,,[],
ESO548-029,https://irsa.ipac.caltech.edu/data/SPITZER/S4G/galaxies/ESO548-029/P4/,404,0,0,,[],
ESO548-034,https://irsa.ipac.caltech.edu/data/SPITZER/S4G/galaxies/ESO548-034/P4/,404,0,0,,[],
ESO548-049,https://irsa.ipac.caltech.edu/data/SPITZER/S4G/galaxies/ESO548-049/P4/,404,0,0,,[],
ESO548-073,https://irsa.ipac.caltech.edu/data/SPITZER/S4G/galaxies/ESO548-073/P4/,404,0,0,,[],
ESO548-076,https://irsa.ipac.caltech.edu/data/SPITZER/S4G/galaxies/ESO548-076/P4/,404,0,0,,[],
ESO548-082,https://irsa.ipac.caltech.edu/data/SPITZER/S4G/galaxies/ESO548-082/P4/,200,3,3,ESO548-082_d.outgal,"[""ESO548-082_d.outgal"", ""ESO548-082_onecomp.outgal"", ""ESO548-082_twocomp.outgal""]",
ESO549-002,https://irsa.ipac.caltech.edu/data/SPITZER/S4G/galaxies/ESO549-002/P4/,200,3,3,ESO549-002_d.outgal,"[""ESO549-002_d.outgal"", ""ESO549-002_onecomp.outgal"", ""ESO549-002_twocomp.outgal""]",
ESO549-018,https://irsa.ipac.caltech.edu/data/SPITZER/S4G/galaxies/ESO549-018/P4/,200,3,3,ESO549-018_bd.outgal,"[""ESO549-018_bd.outgal"", ""ESO549-018_onecomp.outgal"", ""ESO549-018_twocomp.outgal""]",
ESO549-035,https://irsa.ipac.caltech.edu/data/SPITZER/S4G/galaxies/ESO549-035/P4/,200,3,3,ESO549-035_dd.outgal,"[""ESO549-035_dd.outgal"", ""ESO549-035_onecomp.outgal"", ""ESO549-035_twocomp.outgal""]",
ESO550-024,https://irsa.ipac.caltech.edu/data/SPITZER/S4G/galaxies/ESO550-024/P4/,200,3,3,ESO550-024_dd.outgal,"[""ESO550-024_dd.outgal"", ""ESO550-024_onecomp.outgal"", ""ESO550-024_twocomp.outgal""]",
ESO570-019,https://irsa.ipac.caltech.edu/data/SPITZER/S4G/galaxies/ESO570-019/P4/,200,3,3,ESO570-019_dbarn.outgal,"[""ESO570-019_dbarn.outgal"", ""ESO570-019_onecomp.outgal"", ""ESO570-019_twocomp.outgal""]",
ESO572-018,https://irsa.ipac.caltech.edu/data/SPITZER/S4G/galaxies/ESO572-018/P4/,200,3,3,ESO572-018_dbar.outgal,"[""ESO572-018_dbar.outgal"", ""ESO572-018_onecomp.outgal"", ""ESO572-018_twocomp.outgal""]",
ESO572-030,https://irsa.ipac.caltech.edu/data/SPITZER/S4G/galaxies/ESO572-030/P4/,200,3,3,ESO572-030_dn.outgal,"[""ESO572-030_dn.outgal"", ""ESO572-030_onecomp.outgal"", ""ESO572-030_twocomp.outgal""]",
ESO575-023,https://irsa.ipac.caltech.edu/data/SPITZER/S4G/galaxies/ESO575-023/P4/,404,0,0,,[],
ESO576-001,https://irsa.ipac.caltech.edu/data/SPITZER/S4G/galaxies/ESO576-001/P4/,200,3,3,ESO576-001_dbarfn.outgal,"[""ESO576-001_dbarfn.outgal"", ""ESO576-001_onecomp.outgal"", ""ESO576-001_twocomp.outgal""]",
ESO576-017,https://irsa.ipac.caltech.edu/data/SPITZER/S4G/galaxies/ESO576-017/P4/,200,3,3,ESO576-017_dbarn.outgal,"[""ESO576-017_dbarn.outgal"", ""ESO576-017_onecomp.outgal"", ""ESO576-017_twocomp.outgal""]",
ESO576-032,https://irsa.ipac.caltech.edu/data/SPITZER/S4G/galaxies/ESO576-032/P4/,200,3,3,ESO576-032_dbarn.outgal,"[""ESO576-032_dbarn.outgal"", ""ESO576-032_onecomp.outgal"", ""ESO576-032_twocomp.outgal""]",
ESO580-005,https://irsa.ipac.caltech.edu/data/SPITZER/S4G/galaxies/ESO580-005/P4/,404,0,0,,[],
ESO580-022,https://irsa.ipac.caltech.edu/data/SPITZER/S4G/galaxies/ESO580-022/P4/,200,3,3,ESO580-022_dbar.outgal,"[""ESO580-022_dbar.outgal"", ""ESO580-022_onecomp.outgal"", ""ESO580-022_twocomp.outgal""]",
ESO580-030,https://irsa.ipac.caltech.edu/data/SPITZER/S4G/galaxies/ESO580-030/P4/,200,3,3,ESO580-030_dn.outgal,"[""ESO580-030_dn.outgal"", ""ESO580-030_onecomp.outgal"", ""ESO580-030_twocomp.outgal""]",
ESO601-001,https://irsa.ipac.caltech.edu/data/SPITZER/S4G/galaxies/ESO601-001/P4/,404,0,0,,[],
ESO601-031,https://irsa.ipac.caltech.edu/data/SPITZER/S4G/galaxies/ESO601-031/P4/,200,3,3,ESO601-031_d.outgal,"[""ESO601-031_d.outgal"", ""ESO601-031_onecomp.outgal"", ""ESO601-031_twocomp.outgal""]",
ESO602-030,https://irsa.ipac.caltech.edu/data/SPITZER/S4G/galaxies/ESO602-030/P4/,200,3,3,ESO602-030_dbarf.outgal,"[""ESO602-030_dbarf.outgal"", ""ESO602-030_onecomp.outgal"", ""ESO602-030_twocomp.outgal""]",
ESO603-005,https://irsa.ipac.caltech.edu/data/SPITZER/S4G/galaxies/ESO603-005/P4/,404,0,0,,[],
ESO603-006,https://irsa.ipac.caltech.edu/data/SPITZER/S4G/galaxies/ESO603-006/P4/,404,0,0,,[],
ESO603-031,https://irsa.ipac.caltech.edu/data/SPITZER/S4G/galaxies/ESO603-031/P4/,200,3,3,ESO603-031_dd.outgal,"[""ESO603-031_dd.outgal"", ""ESO603-031_onecomp.outgal"", ""ESO603-031_twocomp.outgal""]",
IC0051,https://irsa.ipac.caltech.edu/data/SPITZER/S4G/galaxies/IC0051/P4/,200,3,3,IC0051_bdbar.outgal,"[""IC0051_bdbar.outgal"", ""IC0051_onecomp.outgal"", ""IC0051_twocomp.outgal""]",
IC0101,https://irsa.ipac.caltech.edu/data/SPITZER/S4G/galaxies/IC0101/P4/,200,3,3,IC0101_dn.outgal,"[""IC0101_dn.outgal"", ""IC0101_onecomp.outgal"", ""IC0101_twocomp.outgal""]",
IC0127,https://irsa.ipac.caltech.edu/data/SPITZER/S4G/galaxies/IC0127/P4/,404,0,0,,[],
IC0167,https://irsa.ipac.caltech.edu/data/SPITZER/S4G/galaxies/IC0167/P4/,200,3,3,IC0167_ddbar.outgal,"[""IC0167_ddbar.outgal"", ""IC0167_onecomp.outgal"", ""IC0167_twocomp.outgal""]",
IC0271,https://irsa.ipac.caltech.edu/data/SPITZER/S4G/galaxies/IC0271/P4/,404,0,0,,[],
IC0277,https://irsa.ipac.caltech.edu/data/SPITZER/S4G/galaxies/IC0277/P4/,404,0,0,,[],
IC0346,https://irsa.ipac.caltech.edu/data/SPITZER/S4G/galaxies/IC0346/P4/,404,0,0,,[],
IC0529,https://irsa.ipac.caltech.edu/data/SPITZER/S4G/galaxies/IC0529/P4/,200,3,3,IC0529_dbarn.outgal,"[""IC0529_dbarn.outgal"", ""IC0529_onecomp.outgal"", ""IC0529_twocomp.outgal""]",
IC0559,https://irsa.ipac.caltech.edu/data/SPITZER/S4G/galaxies/IC0559/P4/,404,0,0,,[],
IC0600,https://irsa.ipac.caltech.edu/data/SPITZER/S4G/galaxies/IC0600/P4/,200,3,3,IC0600_ddbar.outgal,"[""IC0600_ddbar.outgal"", ""IC0600_onecomp.outgal"", ""IC0600_twocomp.outgal""]",
IC0676,https://irsa.ipac.caltech.edu/data/SPITZER/S4G/galaxies/IC0676/P4/,404,0,0,,[],
IC0749,https://irsa.ipac.caltech.edu/data/SPITZER/S4G/galaxies/IC0749/P4/,200,3,3,IC0749_dbarfn.outgal,"[""IC0749_dbarfn.outgal"", ""IC0749_onecomp.outgal"", ""IC0749_twocomp.outgal""]",
IC0750,https://irsa.ipac.caltech.edu/data/SPITZER/S4G/galaxies/IC0750/P4/,200,3,3,IC0750_dbarn.outgal,"[""IC0750_dbarn.outgal"", ""IC0750_onecomp.outgal"", ""IC0750_twocomp.outgal""]",
IC0758,https://irsa.ipac.caltech.edu/data/SPITZER/S4G/galaxies/IC0758/P4/,200,3,3,IC0758_dbar.outgal,"[""IC0758_dbar.outgal"", ""IC0758_onecomp.outgal"", ""IC0758_twocomp.outgal""]",
IC0769,https://irsa.ipac.caltech.edu/data/SPITZER/S4G/galaxies/IC0769/P4/,200,3,3,IC0769_dbarn.outgal,"[""IC0769_dbarn.outgal"", ""IC0769_onecomp.outgal"", ""IC0769_twocomp.outgal""]",
IC0776,https://irsa.ipac.caltech.edu/data/SPITZER/S4G/galaxies/IC0776/P4/,200,3,3,IC0776_dd.outgal,"[""IC0776_dd.outgal"", ""IC0776_onecomp.outgal"", ""IC0776_twocomp.outgal""]",
IC0781,https://irsa.ipac.caltech.edu/data/SPITZER/S4G/galaxies/IC0781/P4/,404,0,0,,[],
IC0782,https://irsa.ipac.caltech.edu/data/SPITZER/S4G/galaxies/IC0782/P4/,404,0,0,,[],
IC0783,https://irsa.ipac.caltech.edu/data/SPITZER/S4G/galaxies/IC0783/P4/,404,0,0,,[],
IC0797,https://irsa.ipac.caltech.edu/data/SPITZER/S4G/galaxies/IC0797/P4/,200,3,3,IC0797_dbarfn.outgal,"[""IC0797_dbarfn.outgal"", ""IC0797_onecomp.outgal"", ""IC0797_twocomp.outgal""]",
IC0800,https://irsa.ipac.caltech.edu/data/SPITZER/S4G/galaxies/IC0800/P4/,200,3,3,IC0800_dbarf.outgal,"[""IC0800_dbarf.outgal"", ""IC0800_onecomp.outgal"", ""IC0800_twocomp.outgal""]",
IC0863,https://irsa.ipac.caltech.edu/data/SPITZER/S4G/galaxies/IC0863/P4/,200,3,3,IC0863_dbarn.outgal,"[""IC0863_dbarn.outgal"", ""IC0863_onecomp.outgal"", ""IC0863_twocomp.outgal""]",
IC0874,https://irsa.ipac.caltech.edu/data/SPITZER/S4G/galaxies/IC0874/P4/,404,0,0,,[],
IC1014,https://irsa.ipac.caltech.edu/data/SPITZER/S4G/galaxies/IC1014/P4/,200,3,3,IC1014_dbarn.outgal,"[""IC1014_dbarn.outgal"", ""IC1014_onecomp.outgal"", ""IC1014_twocomp.outgal""]",
IC1066,https://irsa.ipac.caltech.edu/data/SPITZER/S4G/galaxies/IC1066/P4/,200,3,3,IC1066_dn.outgal,"[""IC1066_dn.outgal"", ""IC1066_onecomp.outgal"", ""IC1066_twocomp.outgal""]",
IC1067,https://irsa.ipac.caltech.edu/data/SPITZER/S4G/galaxies/IC1067/P4/,200,3,3,IC1067_bdbarfn.outgal,"[""IC1067_bdbarfn.outgal"", ""IC1067_onecomp.outgal"", ""IC1067_twocomp.outgal""]",
IC1125,https://irsa.ipac.caltech.edu/data/SPITZER/S4G/galaxies/IC1125/P4/,200,3,3,IC1125_dbarf.outgal,"[""IC1125_dbarf.outgal"", ""IC1125_onecomp.outgal"", ""IC1125_twocomp.outgal""]",
IC1151,https://irsa.ipac.caltech.edu/data/SPITZER/S4G/galaxies/IC1151/P4/,200,3,3,IC1151_dbar.outgal,"[""IC1151_dbar.outgal"", ""IC1151_onecomp.outgal"", ""IC1151_twocomp.outgal""]",
IC1158,https://irsa.ipac.caltech.edu/data/SPITZER/S4G/galaxies/IC1158/P4/,200,3,3,IC1158_dn.outgal,"[""IC1158_dn.outgal"", ""IC1158_onecomp.outgal"", ""IC1158_twocomp.outgal""]",
IC1251,https://irsa.ipac.caltech.edu/data/SPITZER/S4G/galaxies/IC1251/P4/,200,3,3,IC1251_d.outgal,"[""IC1251_d.outgal"", ""IC1251_onecomp.outgal"", ""IC1251_twocomp.outgal""]",
IC1438,https://irsa.ipac.caltech.edu/data/SPITZER/S4G/galaxies/IC1438/P4/,200,3,3,IC1438_bdbar.outgal,"[""IC1438_bdbar.outgal"", ""IC1438_onecomp.outgal"", ""IC1438_twocomp.outgal""]",
IC1447,https://irsa.ipac.caltech.edu/data/SPITZER/S4G/galaxies/IC1447/P4/,200,3,3,IC1447_bd.outgal,"[""IC1447_bd.outgal"", ""IC1447_onecomp.outgal"", ""IC1447_twocomp.outgal""]",
IC1554,https://irsa.ipac.caltech.edu/data/SPITZER/S4G/galaxies/IC1554/P4/,404,0,0,,[],
IC1555,https://irsa.ipac.caltech.edu/data/SPITZER/S4G/galaxies/IC1555/P4/,200,3,3,IC1555_dd.outgal,"[""IC1555_dd.outgal"", ""IC1555_onecomp.outgal"", ""IC1555_twocomp.outgal""]",
IC1558,https://irsa.ipac.caltech.edu/data/SPITZER/S4G/galaxies/IC1558/P4/,200,3,3,IC1558_dbar.outgal,"[""IC1558_dbar.outgal"", ""IC1558_onecomp.outgal"", ""IC1558_twocomp.outgal""]",
IC1826,https://irsa.ipac.caltech.edu/data/SPITZER/S4G/galaxies/IC1826/P4/,200,3,3,IC1826_dd.outgal,"[""IC1826_dd.outgal"", ""IC1826_onecomp.outgal"", ""IC1826_twocomp.outgal""]",
IC1870,https://irsa.ipac.caltech.edu/data/SPITZER/S4G/galaxies/IC1870/P4/,200,3,3,IC1870_dbar.outgal,"[""IC1870_dbar.outgal"", ""IC1870_onecomp.outgal"", ""IC1870_twocomp.outgal""]",
IC1892,https://irsa.ipac.caltech.edu/data/SPITZER/S4G/galaxies/IC1892/P4/,200,3,3,IC1892_dbar.outgal,"[""IC1892_dbar.outgal"", ""IC1892_onecomp.outgal"", ""IC1892_twocomp.outgal""]",
IC1914,https://irsa.ipac.caltech.edu/data/SPITZER/S4G/galaxies/IC1914/P4/,200,3,3,IC1914_dbarn.outgal,"[""IC1914_dbarn.outgal"", ""IC1914_onecomp.outgal"", ""IC1914_twocomp.outgal""]",
IC1933,https://irsa.ipac.caltech.edu/data/SPITZER/S4G/galaxies/IC1933/P4/,200,3,3,IC1933_dbar.outgal,"[""IC1933_dbar.outgal"", ""IC1933_onecomp.outgal"", ""IC1933_twocomp.outgal""]",
IC1953,https://irsa.ipac.caltech.edu/data/SPITZER/S4G/galaxies/IC1953/P4/,200,3,3,IC1953_bdbarf.outgal,"[""IC1953_bdbarf.outgal"", ""IC1953_onecomp.outgal"", ""IC1953_twocomp.outgal""]",
IC1954,https://irsa.ipac.caltech.edu/data/SPITZER/S4G/galaxies/IC1954/P4/,200,3,3,IC1954_dbar.outgal,"[""IC1954_dbar.outgal"", ""IC1954_onecomp.outgal"", ""IC1954_twocomp.outgal""]",
IC1993,https://irsa.ipac.caltech.edu/data/SPITZER/S4G/galaxies/IC1993/P4/,200,3,3,IC1993_bd.outgal,"[""IC1993_bd.outgal"", ""IC1993_onecomp.outgal"", ""IC1993_twocomp.outgal""]",
IC2007,https://irsa.ipac.caltech.edu/data/SPITZER/S4G/galaxies/IC2007/P4/,200,3,3,IC2007_dbar.outgal,"[""IC2007_dbar.outgal"", ""IC2007_onecomp.outgal"", ""IC2007_twocomp.outgal""]",
IC2009,https://irsa.ipac.caltech.edu/data/SPITZER/S4G/galaxies/IC2009/P4/,404,0,0,,[],
IC2035,https://irsa.ipac.caltech.edu/data/SPITZER/S4G/galaxies/IC2035/P4/,200,3,3,IC2035_dbarn.outgal,"[""IC2035_dbarn.outgal"", ""IC2035_onecomp.outgal"", ""IC2035_twocomp.outgal""]",
IC2038,https://irsa.ipac.caltech.edu/data/SPITZER/S4G/galaxies/IC2038/P4/,404,0,0,,[],
IC2039,https://irsa.ipac.caltech.edu/data/SPITZER/S4G/galaxies/IC2039/P4/,404,0,0,,[],
IC2041,https://irsa.ipac.caltech.edu/data/SPITZER/S4G/galaxies/IC2041/P4/,404,0,0,,[],
IC2049,https://irsa.ipac.caltech.edu/data/SPITZER/S4G/galaxies/IC2049/P4/,404,0,0,,[],
IC2051,https://irsa.ipac.caltech.edu/data/SPITZER/S4G/galaxies/IC2051/P4/,200,3,3,IC2051_bdbarf.outgal,"[""IC2051_bdbarf.outgal"", ""IC2051_onecomp.outgal"", ""IC2051_twocomp.outgal""]",
IC2056,https://irsa.ipac.caltech.edu/data/SPITZER/S4G/galaxies/IC2056/P4/,200,3,3,IC2056_ddn.outgal,"[""IC2056_ddn.outgal"", ""IC2056_onecomp.outgal"", ""IC2056_twocomp.outgal""]",
IC2604,https://irsa.ipac.caltech.edu/data/SPITZER/S4G/galaxies/IC2604/P4/,200,3,3,IC2604_dn.outgal,"[""IC2604_dn.outgal"", ""IC2604_onecomp.outgal"", ""IC2604_twocomp.outgal""]",
IC2627,https://irsa.ipac.caltech.edu/data/SPITZER/S4G/galaxies/IC2627/P4/,200,3,3,IC2627_bd.outgal,"[""IC2627_bd.outgal"", ""IC2627_onecomp.outgal"", ""IC2627_twocomp.outgal""]",
IC2764,https://irsa.ipac.caltech.edu/data/SPITZER/S4G/galaxies/IC2764/P4/,200,3,3,IC2764_bd.outgal,"[""IC2764_bd.outgal"", ""IC2764_onecomp.outgal"", ""IC2764_twocomp.outgal""]",
IC2828,https://irsa.ipac.caltech.edu/data/SPITZER/S4G/galaxies/IC2828/P4/,200,3,3,IC2828_d.outgal,"[""IC2828_d.outgal"", ""IC2828_onecomp.outgal"", ""IC2828_twocomp.outgal""]",
IC2969,https://irsa.ipac.caltech.edu/data/SPITZER/S4G/galaxies/IC2969/P4/,200,3,3,IC2969_dn.outgal,"[""IC2969_dn.outgal"", ""IC2969_onecomp.outgal"", ""IC2969_twocomp.outgal""]",
IC3010,https://irsa.ipac.caltech.edu/data/SPITZER/S4G/galaxies/IC3010/P4/,404,0,0,,[],
IC3019,https://irsa.ipac.caltech.edu/data/SPITZER/S4G/galaxies/IC3019/P4/,404,0,0,,[],
IC3021,https://irsa.ipac.caltech.edu/data/SPITZER/S4G/galaxies/IC3021/P4/,200,3,3,IC3021_dbarfn.outgal,"[""IC3021_dbarfn.outgal"", ""IC3021_onecomp.outgal"", ""IC3021_twocomp.outgal""]",
IC3023,https://irsa.ipac.caltech.edu/data/SPITZER/S4G/galaxies/IC3023/P4/,200,3,3,IC3023_d.outgal,"[""IC3023_d.outgal"", ""IC3023_onecomp.outgal"", ""IC3023_twocomp.outgal""]",
IC3044,https://irsa.ipac.caltech.edu/data/SPITZER/S4G/galaxies/IC3044/P4/,200,3,3,IC3044_dbar.outgal,"[""IC3044_dbar.outgal"", ""IC3044_onecomp.outgal"", ""IC3044_twocomp.outgal""]",
IC3059,https://irsa.ipac.caltech.edu/data/SPITZER/S4G/galaxies/IC3059/P4/,200,3,3,IC3059_d.outgal,"[""IC3059_d.outgal"", ""IC3059_onecomp.outgal"", ""IC3059_twocomp.outgal""]",
IC3065,https://irsa.ipac.caltech.edu/data/SPITZER/S4G/galaxies/IC3065/P4/,404,0,0,,[],
IC3102,https://irsa.ipac.caltech.edu/data/SPITZER/S4G/galaxies/IC3102/P4/,200,3,3,IC3102_bd.outgal,"[""IC3102_bd.outgal"", ""IC3102_onecomp.outgal"", ""IC3102_twocomp.outgal""]",
IC3115,https://irsa.ipac.caltech.edu/data/SPITZER/S4G/galaxies/IC3115/P4/,200,3,3,IC3115_dbar.outgal,"[""IC3115_dbar.outgal"", ""IC3115_onecomp.outgal"", ""IC3115_twocomp.outgal""]",
IC3118,https://irsa.ipac.caltech.edu/data/SPITZER/S4G/galaxies/IC3118/P4/,404,0,0,,[],
IC3131,https://irsa.ipac.caltech.edu/data/SPITZER/S4G/galaxies/IC3131/P4/,404,0,0,,[],
IC3167,https://irsa.ipac.caltech.edu/data/SPITZER/S4G/galaxies/IC3167/P4/,404,0,0,,[],
IC3258,https://irsa.ipac.caltech.edu/data/SPITZER/S4G/galaxies/IC3258/P4/,200,3,3,IC3258_d.outgal,"[""IC3258_d.outgal"", ""IC3258_onecomp.outgal"", ""IC3258_twocomp.outgal""]",
IC3267,https://irsa.ipac.caltech.edu/data/SPITZER/S4G/galaxies/IC3267/P4/,200,3,3,IC3267_bd.outgal,"[""IC3267_bd.outgal"", ""IC3267_onecomp.outgal"", ""IC3267_twocomp.outgal""]",
IC3268,https://irsa.ipac.caltech.edu/data/SPITZER/S4G/galaxies/IC3268/P4/,200,3,3,IC3268_dd.outgal,"[""IC3268_dd.outgal"", ""IC3268_onecomp.outgal"", ""IC3268_twocomp.outgal""]",
IC3292,https://irsa.ipac.caltech.edu/data/SPITZER/S4G/galaxies/IC3292/P4/,404,0,0,,[],
IC3313,https://irsa.ipac.caltech.edu/data/SPITZER/S4G/galaxies/IC3313/P4/,404,0,0,,[],
IC3356,https://irsa.ipac.caltech.edu/data/SPITZER/S4G/galaxies/IC3356/P4/,200,3,3,IC3356_d.outgal,"[""IC3356_d.outgal"", ""IC3356_onecomp.outgal"", ""IC3356_twocomp.outgal""]",
IC3381,https://irsa.ipac.caltech.edu/data/SPITZER/S4G/galaxies/IC3381/P4/,404,0,0,,[],
IC3391,https://irsa.ipac.caltech.edu/data/SPITZER/S4G/galaxies/IC3391/P4/,200,3,3,IC3391_dn.outgal,"[""IC3391_dn.outgal"", ""IC3391_onecomp.outgal"", ""IC3391_twocomp.outgal""]",
IC3430,https://irsa.ipac.caltech.edu/data/SPITZER/S4G/galaxies/IC3430/P4/,404,0,0,,[],
IC3459,https://irsa.ipac.caltech.edu/data/SPITZER/S4G/galaxies/IC3459/P4/,404,0,0,,[],
IC3473,https://irsa.ipac.caltech.edu/data/SPITZER/S4G/galaxies/IC3473/P4/,200,3,3,IC3473_dn.outgal,"[""IC3473_dn.outgal"", ""IC3473_onecomp.outgal"", ""IC3473_twocomp.outgal""]",
IC3475,https://irsa.ipac.caltech.edu/data/SPITZER/S4G/galaxies/IC3475/P4/,200,3,3,IC3475_d.outgal,"[""IC3475_d.outgal"", ""IC3475_onecomp.outgal"", ""IC3475_twocomp.outgal""]",
IC3476,https://irsa.ipac.caltech.edu/data/SPITZER/S4G/galaxies/IC3476/P4/,200,3,3,IC3476_dbar.outgal,"[""IC3476_dbar.outgal"", ""IC3476_onecomp.outgal"", ""IC3476_twocomp.outgal""]",
IC3517,https://irsa.ipac.caltech.edu/data/SPITZER/S4G/galaxies/IC3517/P4/,200,3,3,IC3517_dbarf.outgal,"[""IC3517_dbarf.outgal"", ""IC3517_onecomp.outgal"", ""IC3517_twocomp.outgal""]",
IC3518,https://irsa.ipac.caltech.edu/data/SPITZER/S4G/galaxies/IC3518/P4/,404,0,0,,[],
IC3521,https://irsa.ipac.caltech.edu/data/SPITZER/S4G/galaxies/IC3521/P4/,200,3,3,IC3521_dbar.outgal,"[""IC3521_dbar.outgal"", ""IC3521_onecomp.outgal"", ""IC3521_twocomp.outgal""]",
IC3522,https://irsa.ipac.caltech.edu/data/SPITZER/S4G/galaxies/IC3522/P4/,200,3,3,IC3522_d.outgal,"[""IC3522_d.outgal"", ""IC3522_onecomp.outgal"", ""IC3522_twocomp.outgal""]",
IC3576,https://irsa.ipac.caltech.edu/data/SPITZER/S4G/galaxies/IC3576/P4/,200,3,3,IC3576_d.outgal,"[""IC3576_d.outgal"", ""IC3576_onecomp.outgal"", ""IC3576_twocomp.outgal""]",
IC3586,https://irsa.ipac.caltech.edu/data/SPITZER/S4G/galaxies/IC3586/P4/,404,0,0,,[],
IC3612,https://irsa.ipac.caltech.edu/data/SPITZER/S4G/galaxies/IC3612/P4/,404,0,0,,[],
IC3647,https://irsa.ipac.caltech.edu/data/SPITZER/S4G/galaxies/IC3647/P4/,404,0,0,,[],
IC3687,https://irsa.ipac.caltech.edu/data/SPITZER/S4G/galaxies/IC3687/P4/,200,3,3,IC3687_d.outgal,"[""IC3687_d.outgal"", ""IC3687_onecomp.outgal"", ""IC3687_twocomp.outgal""]",
IC3720,https://irsa.ipac.caltech.edu/data/SPITZER/S4G/galaxies/IC3720/P4/,404,0,0,,[],
IC3727,https://irsa.ipac.caltech.edu/data/SPITZER/S4G/galaxies/IC3727/P4/,200,3,3,IC3727_d.outgal,"[""IC3727_d.outgal"", ""IC3727_onecomp.outgal"", ""IC3727_twocomp.outgal""]",
IC3735,https://irsa.ipac.caltech.edu/data/SPITZER/S4G/galaxies/IC3735/P4/,404,0,0,,[],
IC4180,https://irsa.ipac.caltech.edu/data/SPITZER/S4G/galaxies/IC4180/P4/,404,0,0,,[],
IC4182,https://irsa.ipac.caltech.edu/data/SPITZER/S4G/galaxies/IC4182/P4/,200,3,3,IC4182_d.outgal,"[""IC4182_d.outgal"", ""IC4182_onecomp.outgal"", ""IC4182_twocomp.outgal""]",
IC4214,https://irsa.ipac.caltech.edu/data/SPITZER/S4G/galaxies/IC4214/P4/,200,3,3,IC4214_bdbar.outgal,"[""IC4214_bdbar.outgal"", ""IC4214_onecomp.outgal"", ""IC4214_twocomp.outgal""]",
IC4221,https://irsa.ipac.caltech.edu/data/SPITZER/S4G/galaxies/IC4221/P4/,200,3,3,IC4221_dbarf.outgal,"[""IC4221_dbarf.outgal"", ""IC4221_onecomp.outgal"", ""IC4221_twocomp.outgal""]",
IC4237,https://irsa.ipac.caltech.edu/data/SPITZER/S4G/galaxies/IC4237/P4/,200,3,3,IC4237_bdbarf.outgal,"[""IC4237_bdbarf.outgal"", ""IC4237_onecomp.outgal"", ""IC4237_twocomp.outgal""]",
IC4247,https://irsa.ipac.caltech.edu/data/SPITZER/S4G/galaxies/IC4247/P4/,200,3,3,IC4247_d.outgal,"[""IC4247_d.outgal"", ""IC4247_onecomp.outgal"", ""IC4247_twocomp.outgal""]",
IC4316,https://irsa.ipac.caltech.edu/data/SPITZER/S4G/galaxies/IC4316/P4/,200,3,3,IC4316_dd.outgal,"[""IC4316_dd.outgal"", ""IC4316_onecomp.outgal"", ""IC4316_twocomp.outgal""]",
IC4536,https://irsa.ipac.caltech.edu/data/SPITZER/S4G/galaxies/IC4536/P4/,200,3,3,IC4536_dbarn.outgal,"[""IC4536_dbarn.outgal"", ""IC4536_onecomp.outgal"", ""IC4536_twocomp.outgal""]",
IC4901,https://irsa.ipac.caltech.edu/data/SPITZER/S4G/galaxies/IC4901/P4/,200,3,3,IC4901_ddbarn.outgal,"[""IC4901_ddbarn.outgal"", ""IC4901_onecomp.outgal"", ""IC4901_twocomp.outgal""]",
IC4946,https://irsa.ipac.caltech.edu/data/SPITZER/S4G/galaxies/IC4946/P4/,404,0,0,,[],
IC5007,https://irsa.ipac.caltech.edu/data/SPITZER/S4G/galaxies/IC5007/P4/,200,3,3,IC5007_dbarf.outgal,"[""IC5007_dbarf.outgal"", ""IC5007_onecomp.outgal"", ""IC5007_twocomp.outgal""]",
IC5028,https://irsa.ipac.caltech.edu/data/SPITZER/S4G/galaxies/IC5028/P4/,404,0,0,,[],
IC5069,https://irsa.ipac.caltech.edu/data/SPITZER/S4G/galaxies/IC5069/P4/,200,3,3,IC5069_ddbar.outgal,"[""IC5069_ddbar.outgal"", ""IC5069_onecomp.outgal"", ""IC5069_twocomp.outgal""]",
IC5131,https://irsa.ipac.caltech.edu/data/SPITZER/S4G/galaxies/IC5131/P4/,404,0,0,,[],
IC5152,https://irsa.ipac.caltech.edu/data/SPITZER/S4G/galaxies/IC5152/P4/,200,3,3,IC5152_dbar.outgal,"[""IC5152_dbar.outgal"", ""IC5152_onecomp.outgal"", ""IC5152_twocomp.outgal""]",
IC5162,https://irsa.ipac.caltech.edu/data/SPITZER/S4G/galaxies/IC5162/P4/,404,0,0,,[],
IC5201,https://irsa.ipac.caltech.edu/data/SPITZER/S4G/galaxies/IC5201/P4/,200,3,3,IC5201_dbar.outgal,"[""IC5201_dbar.outgal"", ""IC5201_onecomp.outgal"", ""IC5201_twocomp.outgal""]",
IC5224,https://irsa.ipac.caltech.edu/data/SPITZER/S4G/galaxies/IC5224/P4/,404,0,0,,[],
IC5240,https://irsa.ipac.caltech.edu/data/SPITZER/S4G/galaxies/IC5240/P4/,200,3,3,IC5240_bdbarf.outgal,"[""IC5240_bdbarf.outgal"", ""IC5240_onecomp.outgal"", ""IC5240_twocomp.outgal""]",
IC5267,https://irsa.ipac.caltech.edu/data/SPITZER/S4G/galaxies/IC5267/P4/,200,3,3,IC5267_bdd.outgal,"[""IC5267_bdd.outgal"", ""IC5267_onecomp.outgal"", ""IC5267_twocomp.outgal""]",
IC5267A,https://irsa.ipac.caltech.edu/data/SPITZER/S4G/galaxies/IC5267A/P4/,404,0,0,,[],
IC5267B,https://irsa.ipac.caltech.edu/data/SPITZER/S4G/galaxies/IC5267B/P4/,404,0,0,,[],
IC5269A,https://irsa.ipac.caltech.edu/data/SPITZER/S4G/galaxies/IC5269A/P4/,200,3,3,IC5269A_dd.outgal,"[""IC5269A_dd.outgal"", ""IC5269A_onecomp.outgal"", ""IC5269A_twocomp.outgal""]",
IC5270,https://irsa.ipac.caltech.edu/data/SPITZER/S4G/galaxies/IC5270/P4/,200,3,3,IC5270_dbar.outgal,"[""IC5270_dbar.outgal"", ""IC5270_onecomp.outgal"", ""IC5270_twocomp.outgal""]",
IC5273,https://irsa.ipac.caltech.edu/data/SPITZER/S4G/galaxies/IC5273/P4/,200,3,3,IC5273_dbar.outgal,"[""IC5273_dbar.outgal"", ""IC5273_onecomp.outgal"", ""IC5273_twocomp.outgal""]",
IC5321,https://irsa.ipac.caltech.edu/data/SPITZER/S4G/galaxies/IC5321/P4/,200,3,3,IC5321_dd.outgal,"[""IC5321_dd.outgal"", ""IC5321_onecomp.outgal"", ""IC5321_twocomp.outgal""]",
IC5325,https://irsa.ipac.caltech.edu/data/SPITZER/S4G/galaxies/IC5325/P4/,200,3,3,IC5325_bd.outgal,"[""IC5325_bd.outgal"", ""IC5325_onecomp.outgal"", ""IC5325_twocomp.outgal""]",
IC5332,https://irsa.ipac.caltech.edu/data/SPITZER/S4G/galaxies/IC5332/P4/,200,3,3,IC5332_bd.outgal,"[""IC5332_bd.outgal"", ""IC5332_onecomp.outgal"", ""IC5332_twocomp.outgal""]",
NGC0014,https://irsa.ipac.caltech.edu/data/SPITZER/S4G/galaxies/NGC0014/P4/,200,3,3,NGC0014_dd.outgal,"[""NGC0014_dd.outgal"", ""NGC0014_onecomp.outgal"", ""NGC0014_twocomp.outgal""]",
NGC0045,https://irsa.ipac.caltech.edu/data/SPITZER/S4G/galaxies/NGC0045/P4/,200,3,3,NGC0045_dd.outgal,"[""NGC0045_dd.outgal"", ""NGC0045_onecomp.outgal"", ""NGC0045_twocomp.outgal""]",
NGC0150,https://irsa.ipac.caltech.edu/data/SPITZER/S4G/galaxies/NGC0150/P4/,200,3,3,NGC0150_bdbarf.outgal,"[""NGC0150_bdbarf.outgal"", ""NGC0150_onecomp.outgal"", ""NGC0150_twocomp.outgal""]",
NGC0157,https://irsa.ipac.caltech.edu/data/SPITZER/S4G/galaxies/NGC0157/P4/,200,3,3,NGC0157_bd.outgal,"[""NGC0157_bd.outgal"", ""NGC0157_onecomp.outgal"", ""NGC0157_twocomp.outgal""]",
NGC0210,https://irsa.ipac.caltech.edu/data/SPITZER/S4G/galaxies/NGC0210/P4/,200,3,3,NGC0210_bdbar.outgal,"[""NGC0210_bdbar.outgal"", ""NGC0210_onecomp.outgal"", ""NGC0210_twocomp.outgal""]",
NGC0244,https://irsa.ipac.caltech.edu/data/SPITZER/S4G/galaxies/NGC0244/P4/,200,3,3,NGC0244_dd.outgal,"[""NGC0244_dd.outgal"", ""NGC0244_onecomp.outgal"", ""NGC0244_twocomp.outgal""]",
NGC0254,https://irsa.ipac.caltech.edu/data/SPITZER/S4G/galaxies/NGC0254/P4/,200,3,3,NGC0254_bdbar.outgal,"[""NGC0254_bdbar.outgal"", ""NGC0254_onecomp.outgal"", ""NGC0254_twocomp.outgal""]",
NGC0255,https://irsa.ipac.caltech.edu/data/SPITZER/S4G/galaxies/NGC0255/P4/,200,3,3,NGC0255_ndbar.outgal,"[""NGC0255_ndbar.outgal"", ""NGC0255_onecomp.outgal"", ""NGC0255_twocomp.outgal""]",
NGC0274,https://irsa.ipac.caltech.edu/data/SPITZER/S4G/galaxies/NGC0274/P4/,200,3,3,NGC0274_bd.outgal,"[""NGC0274_bd.outgal"", ""NGC0274_onecomp.outgal"", ""NGC0274_twocomp.outgal""]",
NGC0275,https://irsa.ipac.caltech.edu/data/SPITZER/S4G/galaxies/NGC0275/P4/,200,3,3,NGC0275_ddbar.outgal,"[""NGC0275_ddbar.outgal"", ""NGC0275_onecomp.outgal"", ""NGC0275_twocomp.outgal""]",
NGC0289,https://irsa.ipac.caltech.edu/data/SPITZER/S4G/galaxies/NGC0289/P4/,200,3,3,NGC0289_ndbar.outgal,"[""NGC0289_ndbar.outgal"", ""NGC0289_onecomp.outgal"", ""NGC0289_twocomp.outgal""]",
NGC0300,https://irsa.ipac.caltech.edu/data/SPITZER/S4G/galaxies/NGC0300/P4/,200,3,3,NGC0300_d.outgal,"[""NGC0300_d.outgal"", ""NGC0300_onecomp.outgal"", ""NGC0300_twocomp.outgal""]",
NGC0337,https://irsa.ipac.caltech.edu/data/SPITZER/S4G/galaxies/NGC0337/P4/,200,3,3,NGC0337_dbar.outgal,"[""NGC0337_dbar.outgal"", ""NGC0337_onecomp.outgal"", ""NGC0337_twocomp.outgal""]",
NGC0337A,https://irsa.ipac.caltech.edu/data/SPITZER/S4G/galaxies/NGC0337A/P4/,200,3,3,NGC0337A_dbar.outgal,"[""NGC0337A_dbar.outgal"", ""NGC0337A_onecomp.outgal"", ""NGC0337A_twocomp.outgal""]",
NGC0357,https://irsa.ipac.caltech.edu/data/SPITZER/S4G/galaxies/NGC0357/P4/,404,0,0,,[],
NGC0406,https://irsa.ipac.caltech.edu/data/SPITZER/S4G/galaxies/NGC0406/P4/,200,3,3,NGC0406_dbar.outgal,"[""NGC0406_dbar.outgal"", ""NGC0406_onecomp.outgal"", ""NGC0406_twocomp.outgal""]",
NGC0428,https://irsa.ipac.caltech.edu/data/SPITZER/S4G/galaxies/NGC0428/P4/,200,3,3,NGC0428_dbarn.outgal,"[""NGC0428_dbarn.outgal"", ""NGC0428_onecomp.outgal"", ""NGC0428_twocomp.outgal""]",
NGC0450,https://irsa.ipac.caltech.edu/data/SPITZER/S4G/galaxies/NGC0450/P4/,200,3,3,NGC0450_dbar.outgal,"[""NGC0450_dbar.outgal"", ""NGC0450_onecomp.outgal"", ""NGC0450_twocomp.outgal""]",
NGC0470,https://irsa.ipac.caltech.edu/data/SPITZER/S4G/galaxies/NGC0470/P4/,200,3,3,NGC0470_bd.outgal,"[""NGC0470_bd.outgal"", ""NGC0470_onecomp.outgal"", ""NGC0470_twocomp.outgal""]",
NGC0473,https://irsa.ipac.caltech.edu/data/SPITZER/S4G/galaxies/NGC0473/P4/,200,3,3,NGC0473_bdd.outgal,"[""NGC0473_bdd.outgal"", ""NGC0473_onecomp.outgal"", ""NGC0473_twocomp.outgal""]",
NGC0474,https://irsa.ipac.caltech.edu/data/SPITZER/S4G/galaxies/NGC0474/P4/,200,3,3,NGC0474_bd.outgal,"[""NGC0474_bd.outgal"", ""NGC0474_onecomp.outgal"", ""NGC0474_twocomp.outgal""]",
NGC0488,https://irsa.ipac.caltech.edu/data/SPITZER/S4G/galaxies/NGC0488/P4/,200,3,3,NGC0488_bd.outgal,"[""NGC0488_bd.outgal"", ""NGC0488_onecomp.outgal"", ""NGC0488_twocomp.outgal""]",
NGC0502,https://irsa.ipac.caltech.edu/data/SPITZER/S4G/galaxies/NGC0502/P4/,404,0,0,,[],
NGC0514,https://irsa.ipac.caltech.edu/data/SPITZER/S4G/galaxies/NGC0514/P4/,200,3,3,NGC0514_bd.outgal,"[""NGC0514_bd.outgal"", ""NGC0514_onecomp.outgal"", ""NGC0514_twocomp.outgal""]",
NGC0524,https://irsa.ipac.caltech.edu/data/SPITZER/S4G/galaxies/NGC0524/P4/,404,0,0,,[],
NGC0578,https://irsa.ipac.caltech.edu/data/SPITZER/S4G/galaxies/NGC0578/P4/,200,3,3,NGC0578_dbarn.outgal,"[""NGC0578_dbarn.outgal"", ""NGC0578_onecomp.outgal"", ""NGC0578_twocomp.outgal""]",
NGC0586,https://irsa.ipac.caltech.edu/data/SPITZER/S4G/galaxies/NGC0586/P4/,404,0,0,,[],
NGC0600,https://irsa.ipac.caltech.edu/data/SPITZER/S4G/galaxies/NGC0600/P4/,200,3,3,NGC0600_dbar.outgal,"[""NGC0600_dbar.outgal"", ""NGC0600_onecomp.outgal"", ""NGC0600_twocomp.outgal""]",
NGC0613,https://irsa.ipac.caltech.edu/data/SPITZER/S4G/galaxies/NGC0613/P4/,200,3,3,NGC0613_bdbarf.outgal,"[""NGC0613_bdbarf.outgal"", ""NGC0613_onecomp.outgal"", ""NGC0613_twocomp.outgal""]",
NGC0628,https://irsa.ipac.caltech.edu/data/SPITZER/S4G/galaxies/NGC0628/P4/,200,4,3,NGC0628_nbd.outgal,"[""NGC0628_bd.outgal"", ""NGC0628_nbd.outgal"", ""NGC0628_onecomp.outgal"", ""NGC0628_twocomp.outgal""]",
NGC0658,https://irsa.ipac.caltech.edu/data/SPITZER/S4G/galaxies/NGC0658/P4/,200,3,3,NGC0658_ddn.outgal,"[""NGC0658_ddn.outgal"", ""NGC0658_onecomp.outgal"", ""NGC0658_twocomp.outgal""]",
NGC0672,https://irsa.ipac.caltech.edu/data/SPITZER/S4G/galaxies/NGC0672/P4/,200,3,3,NGC0672_dbarf.outgal,"[""NGC0672_dbarf.outgal"", ""NGC0672_onecomp.outgal"", ""NGC0672_twocomp.outgal""]",
NGC0680,https://irsa.ipac.caltech.edu/data/SPITZER/S4G/galaxies/NGC0680/P4/,200,3,3,NGC0680_bd.outgal,"[""NGC0680_bd.outgal"", ""NGC0680_onecomp.outgal"", ""NGC0680_twocomp.outgal""]",
NGC0681,https://irsa.ipac.caltech.edu/data/SPITZER/S4G/galaxies/NGC0681/P4/,200,3,3,NGC0681_halozn.outgal,"[""NGC0681_halozn.outgal"", ""NGC0681_onecomp.outgal"", ""NGC0681_twocomp.outgal""]",
NGC0685,https://irsa.ipac.caltech.edu/data/SPITZER/S4G/galaxies/NGC0685/P4/,200,3,3,NGC0685_dbar.outgal,"[""NGC0685_dbar.outgal"", ""NGC0685_onecomp.outgal"", ""NGC0685_twocomp.outgal""]",
NGC0691,https://irsa.ipac.caltech.edu/data/SPITZER/S4G/galaxies/NGC0691/P4/,200,3,3,NGC0691_bd.outgal,"[""NGC0691_bd.outgal"", ""NGC0691_onecomp.outgal"", ""NGC0691_twocomp.outgal""]",
NGC0693,https://irsa.ipac.caltech.edu/data/SPITZER/S4G/galaxies/NGC0693/P4/,200,3,3,NGC0693_bz.outgal,"[""NGC0693_bz.outgal"", ""NGC0693_onecomp.outgal"", ""NGC0693_twocomp.outgal""]",
NGC0701,https://irsa.ipac.caltech.edu/data/SPITZER/S4G/galaxies/NGC0701/P4/,200,3,3,NGC0701_dbar.outgal,"[""NGC0701_dbar.outgal"", ""NGC0701_onecomp.outgal"", ""NGC0701_twocomp.outgal""]",
NGC0718,https://irsa.ipac.caltech.edu/data/SPITZER/S4G/galaxies/NGC0718/P4/,200,3,3,NGC0718_bdbar.outgal,"[""NGC0718_bdbar.outgal"", ""NGC0718_onecomp.outgal"", ""NGC0718_twocomp.outgal""]",
NGC0723,https://irsa.ipac.caltech.edu/data/SPITZER/S4G/galaxies/NGC0723/P4/,200,3,3,NGC0723_dd.outgal,"[""NGC0723_dd.outgal"", ""NGC0723_onecomp.outgal"", ""NGC0723_twocomp.outgal""]",
NGC0772,https://irsa.ipac.caltech.edu/data/SPITZER/S4G/galaxies/NGC0772/P4/,200,3,3,NGC0772_bdd.outgal,"[""NGC0772_bdd.outgal"", ""NGC0772_onecomp.outgal"", ""NGC0772_twocomp.outgal""]",
NGC0779,https://irsa.ipac.caltech.edu/data/SPITZER/S4G/galaxies/NGC0779/P4/,200,3,3,NGC0779_bd.outgal,"[""NGC0779_bd.outgal"", ""NGC0779_onecomp.outgal"", ""NGC0779_twocomp.outgal""]",
NGC0853,https://irsa.ipac.caltech.edu/data/SPITZER/S4G/galaxies/NGC0853/P4/,404,0,0,,[],
NGC0864,https://irsa.ipac.caltech.edu/data/SPITZER/S4G/galaxies/NGC0864/P4/,200,3,3,NGC0864_bdbarf.outgal,"[""NGC0864_bdbarf.outgal"", ""NGC0864_onecomp.outgal"", ""NGC0864_twocomp.outgal""]",
NGC0895,https://irsa.ipac.caltech.edu/data/SPITZER/S4G/galaxies/NGC0895/P4/,200,3,3,NGC0895_ddn.outgal,"[""NGC0895_ddn.outgal"", ""NGC0895_onecomp.outgal"", ""NGC0895_twocomp.outgal""]",
NGC0899,https://irsa.ipac.caltech.edu/data/SPITZER/S4G/galaxies/NGC0899/P4/,200,3,3,NGC0899_dd.outgal,"[""NGC0899_dd.outgal"", ""NGC0899_onecomp.outgal"", ""NGC0899_twocomp.outgal""]",
NGC0908,https://irsa.ipac.caltech.edu/data/SPITZER/S4G/galaxies/NGC0908/P4/,200,3,3,NGC0908_bd.outgal,"[""NGC0908_bd.outgal"", ""NGC0908_onecomp.outgal"", ""NGC0908_twocomp.outgal""]",
NGC0918,https://irsa.ipac.caltech.edu/data/SPITZER/S4G/galaxies/NGC0918/P4/,200,3,3,NGC0918_bd.outgal,"[""NGC0918_bd.outgal"", ""NGC0918_onecomp.outgal"", ""NGC0918_twocomp.outgal""]",
NGC0936,https://irsa.ipac.caltech.edu/data/SPITZER/S4G/galaxies/NGC0936/P4/,200,3,3,NGC0936_bdbar.outgal,"[""NGC0936_bdbar.outgal"", ""NGC0936_onecomp.outgal"", ""NGC0936_twocomp.outgal""]",
NGC0941,https://irsa.ipac.caltech.edu/data/SPITZER/S4G/galaxies/NGC0941/P4/,200,3,3,NGC0941_dbarn.outgal,"[""NGC0941_dbarn.outgal"", ""NGC0941_onecomp.outgal"", ""NGC0941_twocomp.outgal""]",
NGC0986,https://irsa.ipac.caltech.edu/data/SPITZER/S4G/galaxies/NGC0986/P4/,200,3,3,NGC0986_bdbarf.outgal,"[""NGC0986_bdbarf.outgal"", ""NGC0986_onecomp.outgal"", ""NGC0986_twocomp.outgal""]",
NGC0988,https://irsa.ipac.caltech.edu/data/SPITZER/S4G/galaxies/NGC0988/P4/,200,3,3,NGC0988_dbarf.outgal,"[""NGC0988_dbarf.outgal"", ""NGC0988_onecomp.outgal"", ""NGC0988_twocomp.outgal""]",
NGC0991,https://irsa.ipac.caltech.edu/data/SPITZER/S4G/galaxies/NGC0991/P4/,200,3,3,NGC0991_ndbar.outgal,"[""NGC0991_ndbar.outgal"", ""NGC0991_onecomp.outgal"", ""NGC0991_twocomp.outgal""]",
NGC1015,https://irsa.ipac.caltech.edu/data/SPITZER/S4G/galaxies/NGC1015/P4/,200,3,3,NGC1015_bdbar.outgal,"[""NGC1015_bdbar.outgal"", ""NGC1015_onecomp.outgal"", ""NGC1015_twocomp.outgal""]",
NGC1022,https://irsa.ipac.caltech.edu/data/SPITZER/S4G/galaxies/NGC1022/P4/,200,3,3,NGC1022_bdbar.outgal,"[""NGC1022_bdbar.outgal"", ""NGC1022_onecomp.outgal"", ""NGC1022_twocomp.outgal""]",
NGC1036,https://irsa.ipac.caltech.edu/data/SPITZER/S4G/galaxies/NGC1036/P4/,200,3,3,NGC1036_dbar.outgal,"[""NGC1036_dbar.outgal"", ""NGC1036_onecomp.outgal"", ""NGC1036_twocomp.outgal""]",
NGC1042,https://irsa.ipac.caltech.edu/data/SPITZER/S4G/galaxies/NGC1042/P4/,200,3,3,NGC1042_nbd.outgal,"[""NGC1042_nbd.outgal"", ""NGC1042_onecomp.outgal"", ""NGC1042_twocomp.outgal""]",
NGC1047,https://irsa.ipac.caltech.edu/data/SPITZER/S4G/galaxies/NGC1047/P4/,200,3,3,NGC1047_ndd.outgal,"[""NGC1047_ndd.outgal"", ""NGC1047_onecomp.outgal"", ""NGC1047_twocomp.outgal""]",
NGC1051,https://irsa.ipac.caltech.edu/data/SPITZER/S4G/galaxies/NGC1051/P4/,200,3,3,NGC1051_ndbar.outgal,"[""NGC1051_ndbar.outgal"", ""NGC1051_onecomp.outgal"", ""NGC1051_twocomp.outgal""]",
NGC1055,https://irsa.ipac.caltech.edu/data/SPITZER/S4G/galaxies/NGC1055/P4/,200,3,3,NGC1055_bz.outgal,"[""NGC1055_bz.outgal"", ""NGC1055_onecomp.outgal"", ""NGC1055_twocomp.outgal""]",
NGC1068,https://irsa.ipac.caltech.edu/data/SPITZER/S4G/galaxies/NGC1068/P4/,200,3,3,NGC1068_bdd.outgal,"[""NGC1068_bdd.outgal"", ""NGC1068_onecomp.outgal"", ""NGC1068_twocomp.outgal""]",
NGC1073,https://irsa.ipac.caltech.edu/data/SPITZER/S4G/galaxies/NGC1073/P4/,200,3,3,NGC1073_dbar.outgal,"[""NGC1073_dbar.outgal"", ""NGC1073_onecomp.outgal"", ""NGC1073_twocomp.outgal""]",
NGC1076,https://irsa.ipac.caltech.edu/data/SPITZER/S4G/galaxies/NGC1076/P4/,200,3,3,NGC1076_ddn.outgal,"[""NGC1076_ddn.outgal"", ""NGC1076_onecomp.outgal"", ""NGC1076_twocomp.outgal""]",
NGC1079,https://irsa.ipac.caltech.edu/data/SPITZER/S4G/galaxies/NGC1079/P4/,200,3,3,NGC1079_bdbarfn.outgal,"[""NGC1079_bdbarfn.outgal"", ""NGC1079_onecomp.outgal"", ""NGC1079_twocomp.outgal""]",
NGC1084,https://irsa.ipac.caltech.edu/data/SPITZER/S4G/galaxies/NGC1084/P4/,200,3,3,NGC1084_bd.outgal,"[""NGC1084_bd.outgal"", ""NGC1084_onecomp.outgal"", ""NGC1084_twocomp.outgal""]",
NGC1087,https://irsa.ipac.caltech.edu/data/SPITZER/S4G/galaxies/NGC1087/P4/,200,3,3,NGC1087_dbar.outgal,"[""NGC1087_dbar.outgal"", ""NGC1087_onecomp.outgal"", ""NGC1087_twocomp.outgal""]",
NGC1090,https://irsa.ipac.caltech.edu/data/SPITZER/S4G/galaxies/NGC1090/P4/,200,3,3,NGC1090_bd.outgal,"[""NGC1090_bd.outgal"", ""NGC1090_onecomp.outgal"", ""NGC1090_twocomp.outgal""]",
NGC1097,https://irsa.ipac.caltech.edu/data/SPITZER/S4G/galaxies/NGC1097/P4/,200,3,3,NGC1097_ddbarf.outgal,"[""NGC1097_ddbarf.outgal"", ""NGC1097_onecomp.outgal"", ""NGC1097_twocomp.outgal""]",
NGC1179,https://irsa.ipac.caltech.edu/data/SPITZER/S4G/galaxies/NGC1179/P4/,200,3,3,NGC1179_dbarn.outgal,"[""NGC1179_dbarn.outgal"", ""NGC1179_onecomp.outgal"", ""NGC1179_twocomp.outgal""]",
NGC1187,https://irsa.ipac.caltech.edu/data/SPITZER/S4G/galaxies/NGC1187/P4/,200,3,3,NGC1187_bdbarf.outgal,"[""NGC1187_bdbarf.outgal"", ""NGC1187_onecomp.outgal"", ""NGC1187_twocomp.outgal""]",
NGC1189,https://irsa.ipac.caltech.edu/data/SPITZER/S4G/galaxies/NGC1189/P4/,404,0,0,,[],
NGC1222,https://irsa.ipac.caltech.edu/data/SPITZER/S4G/galaxies/NGC1222/P4/,200,3,3,NGC1222_bd.outgal,"[""NGC1222_bd.outgal"", ""NGC1222_onecomp.outgal"", ""NGC1222_twocomp.outgal""]",
NGC1232,https://irsa.ipac.caltech.edu/data/SPITZER/S4G/galaxies/NGC1232/P4/,200,3,3,NGC1232_bdbar.outgal,"[""NGC1232_bdbar.outgal"", ""NGC1232_onecomp.outgal"", ""NGC1232_twocomp.outgal""]",
NGC1248,https://irsa.ipac.caltech.edu/data/SPITZER/S4G/galaxies/NGC1248/P4/,404,0,0,,[],
NGC1249,https://irsa.ipac.caltech.edu/data/SPITZER/S4G/galaxies/NGC1249/P4/,200,3,3,NGC1249_dbarn.outgal,"[""NGC1249_dbarn.outgal"", ""NGC1249_onecomp.outgal"", ""NGC1249_twocomp.outgal""]",
NGC1253,https://irsa.ipac.caltech.edu/data/SPITZER/S4G/galaxies/NGC1253/P4/,200,3,3,NGC1253_dn.outgal,"[""NGC1253_dn.outgal"", ""NGC1253_onecomp.outgal"", ""NGC1253_twocomp.outgal""]",
NGC1255,https://irsa.ipac.caltech.edu/data/SPITZER/S4G/galaxies/NGC1255/P4/,200,3,3,NGC1255_dbar.outgal,"[""NGC1255_dbar.outgal"", ""NGC1255_onecomp.outgal"", ""NGC1255_twocomp.outgal""]",
NGC1258,https://irsa.ipac.caltech.edu/data/SPITZER/S4G/galaxies/NGC1258/P4/,200,3,3,NGC1258_dbarfn.outgal,"[""NGC1258_dbarfn.outgal"", ""NGC1258_onecomp.outgal"", ""NGC1258_twocomp.outgal""]",
NGC1266,https://irsa.ipac.caltech.edu/data/SPITZER/S4G/galaxies/NGC1266/P4/,404,0,0,,[],
NGC1291,https://irsa.ipac.caltech.edu/data/SPITZER/S4G/galaxies/NGC1291/P4/,200,3,3,NGC1291_bdbar.outgal,"[""NGC1291_bdbar.outgal"", ""NGC1291_onecomp.outgal"", ""NGC1291_twocomp.outgal""]",
NGC1292,https://irsa.ipac.caltech.edu/data/SPITZER/S4G/galaxies/NGC1292/P4/,200,3,3,NGC1292_bd.outgal,"[""NGC1292_bd.outgal"", ""NGC1292_onecomp.outgal"", ""NGC1292_twocomp.outgal""]",
NGC1297,https://irsa.ipac.caltech.edu/data/SPITZER/S4G/galaxies/NGC1297/P4/,200,3,3,NGC1297_bd.outgal,"[""NGC1297_bd.outgal"", ""NGC1297_onecomp.outgal"", ""NGC1297_twocomp.outgal""]",
NGC1299,https://irsa.ipac.caltech.edu/data/SPITZER/S4G/galaxies/NGC1299/P4/,200,3,3,NGC1299_dn.outgal,"[""NGC1299_dn.outgal"", ""NGC1299_onecomp.outgal"", ""NGC1299_twocomp.outgal""]",
NGC1300,https://irsa.ipac.caltech.edu/data/SPITZER/S4G/galaxies/NGC1300/P4/,200,3,3,NGC1300_bdbarf.outgal,"[""NGC1300_bdbarf.outgal"", ""NGC1300_onecomp.outgal"", ""NGC1300_twocomp.outgal""]",
NGC1302,https://irsa.ipac.caltech.edu/data/SPITZER/S4G/galaxies/NGC1302/P4/,200,3,3,NGC1302_nbdbar.outgal,"[""NGC1302_nbdbar.outgal"", ""NGC1302_onecomp.outgal"", ""NGC1302_twocomp.outgal""]",
NGC1306,https://irsa.ipac.caltech.edu/data/SPITZER/S4G/galaxies/NGC1306/P4/,200,3,3,NGC1306_dbarn.outgal,"[""NGC1306_dbarn.outgal"", ""NGC1306_onecomp.outgal"", ""NGC1306_twocomp.outgal""]",
NGC1309,https://irsa.ipac.caltech.edu/data/SPITZER/S4G/galaxies/NGC1309/P4/,200,3,3,NGC1309_dbarn.outgal,"[""NGC1309_dbarn.outgal"", ""NGC1309_onecomp.outgal"", ""NGC1309_twocomp.outgal""]",
NGC1310,https://irsa.ipac.caltech.edu/data/SPITZER/S4G/galaxies/NGC1310/P4/,200,3,3,NGC1310_dbarn.outgal,"[""NGC1310_dbarn.outgal"", ""NGC1310_onecomp.outgal"", ""NGC1310_twocomp.outgal""]",
NGC1313,https://irsa.ipac.caltech.edu/data/SPITZER/S4G/galaxies/NGC1313/P4/,200,3,3,NGC1313_dbarn.outgal,"[""NGC1313_dbarn.outgal"", ""NGC1313_onecomp.outgal"", ""NGC1313_twocomp.outgal""]",
NGC1315,https://irsa.ipac.caltech.edu/data/SPITZER/S4G/galaxies/NGC1315/P4/,404,0,0,,[],
NGC1317,https://irsa.ipac.caltech.edu/data/SPITZER/S4G/galaxies/NGC1317/P4/,404,0,0,,[],
NGC1325A,https://irsa.ipac.caltech.edu/data/SPITZER/S4G/galaxies/NGC1325A/P4/,200,3,3,NGC1325A_bd.outgal,"[""NGC1325A_bd.outgal"", ""NGC1325A_onecomp.outgal"", ""NGC1325A_twocomp.outgal""]",
NGC1326,https://irsa.ipac.caltech.edu/data/SPITZER/S4G/galaxies/NGC1326/P4/,200,3,3,NGC1326_bdbar.outgal,"[""NGC1326_bdbar.outgal"", ""NGC1326_onecomp.outgal"", ""NGC1326_twocomp.outgal""]",
NGC1326A,https://irsa.ipac.caltech.edu/data/SPITZER/S4G/galaxies/NGC1326A/P4/,200,3,3,NGC1326A_dbarf.outgal,"[""NGC1326A_dbarf.outgal"", ""NGC1326A_onecomp.outgal"", ""NGC1326A_twocomp.outgal""]",
NGC1332,https://irsa.ipac.caltech.edu/data/SPITZER/S4G/galaxies/NGC1332/P4/,200,3,3,NGC1332_b.outgal,"[""NGC1332_b.outgal"", ""NGC1332_onecomp.outgal"", ""NGC1332_twocomp.outgal""]",
NGC1338,https://irsa.ipac.caltech.edu/data/SPITZER/S4G/galaxies/NGC1338/P4/,200,3,3,NGC1338_dbar.outgal,"[""NGC1338_dbar.outgal"", ""NGC1338_onecomp.outgal"", ""NGC1338_twocomp.outgal""]",
NGC1341,https://irsa.ipac.caltech.edu/data/SPITZER/S4G/galaxies/NGC1341/P4/,200,3,3,NGC1341_dbar.outgal,"[""NGC1341_dbar.outgal"", ""NGC1341_onecomp.outgal"", ""NGC1341_twocomp.outgal""]",
NGC1345,https://irsa.ipac.caltech.edu/data/SPITZER/S4G/galaxies/NGC1345/P4/,200,3,3,NGC1345_dbar.outgal,"[""NGC1345_dbar.outgal"", ""NGC1345_onecomp.outgal"", ""NGC1345_twocomp.outgal""]",
NGC1347,https://irsa.ipac.caltech.edu/data/SPITZER/S4G/galaxies/NGC1347/P4/,200,3,3,NGC1347_d.outgal,"[""NGC1347_d.outgal"", ""NGC1347_onecomp.outgal"", ""NGC1347_twocomp.outgal""]",
NGC1350,https://irsa.ipac.caltech.edu/data/SPITZER/S4G/galaxies/NGC1350/P4/,200,3,3,NGC1350_bdbarfn.outgal,"[""NGC1350_bdbarfn.outgal"", ""NGC1350_onecomp.outgal"", ""NGC1350_twocomp.outgal""]",
NGC1357,https://irsa.ipac.caltech.edu/data/SPITZER/S4G/galaxies/NGC1357/P4/,200,3,3,NGC1357_bdd.outgal,"[""NGC1357_bdd.outgal"", ""NGC1357_onecomp.outgal"", ""NGC1357_twocomp.outgal""]",
NGC1359,https://irsa.ipac.caltech.edu/data/SPITZER/S4G/galaxies/NGC1359/P4/,200,3,3,NGC1359_dbar.outgal,"[""NGC1359_dbar.outgal"", ""NGC1359_onecomp.outgal"", ""NGC1359_twocomp.outgal""]",
NGC1365,https://irsa.ipac.caltech.edu/data/SPITZER/S4G/galaxies/NGC1365/P4/,200,3,3,NGC1365_bdbarfn.outgal,"[""NGC1365_bdbarfn.outgal"", ""NGC1365_onecomp.outgal"", ""NGC1365_twocomp.outgal""]",
NGC1367,https://irsa.ipac.caltech.edu/data/SPITZER/S4G/galaxies/NGC1367/P4/,200,3,3,NGC1367_bdbar.outgal,"[""NGC1367_bdbar.outgal"", ""NGC1367_onecomp.outgal"", ""NGC1367_twocomp.outgal""]",
NGC1369,https://irsa.ipac.caltech.edu/data/SPITZER/S4G/galaxies/NGC1369/P4/,404,0,0,,[],
NGC1377,https://irsa.ipac.caltech.edu/data/SPITZER/S4G/galaxies/NGC1377/P4/,404,0,0,,[],
NGC1380B,https://irsa.ipac.caltech.edu/data/SPITZER/S4G/galaxies/NGC1380B/P4/,404,0,0,,[],
NGC1385,https://irsa.ipac.caltech.edu/data/SPITZER/S4G/galaxies/NGC1385/P4/,200,3,3,NGC1385_ddbar.outgal,"[""NGC1385_ddbar.outgal"", ""NGC1385_onecomp.outgal"", ""NGC1385_twocomp.outgal""]",
NGC1387,https://irsa.ipac.caltech.edu/data/SPITZER/S4G/galaxies/NGC1387/P4/,404,0,0,,[],
NGC1393,https://irsa.ipac.caltech.edu/data/SPITZER/S4G/galaxies/NGC1393/P4/,404,0,0,,[],
NGC1398,https://irsa.ipac.caltech.edu/data/SPITZER/S4G/galaxies/NGC1398/P4/,200,3,3,NGC1398_bdbarf.outgal,"[""NGC1398_bdbarf.outgal"", ""NGC1398_onecomp.outgal"", ""NGC1398_twocomp.outgal""]",
NGC1411,https://irsa.ipac.caltech.edu/data/SPITZER/S4G/galaxies/NGC1411/P4/,200,3,3,NGC1411_bd.outgal,"[""NGC1411_bd.outgal"", ""NGC1411_onecomp.outgal"", ""NGC1411_twocomp.outgal""]",
NGC1425,https://irsa.ipac.caltech.edu/data/SPITZER/S4G/galaxies/NGC1425/P4/,200,3,3,NGC1425_bdd.outgal,"[""NGC1425_bdd.outgal"", ""NGC1425_onecomp.outgal"", ""NGC1425_twocomp.outgal""]",
NGC1427A,https://irsa.ipac.caltech.edu/data/SPITZER/S4G/galaxies/NGC1427A/P4/,200,3,3,NGC1427A_dd.outgal,"[""NGC1427A_dd.outgal"", ""NGC1427A_onecomp.outgal"", ""NGC1427A_twocomp.outgal""]",
NGC1433,https://irsa.ipac.caltech.edu/data/SPITZER/S4G/galaxies/NGC1433/P4/,200,3,3,NGC1433_bdbarf.outgal,"[""NGC1433_bdbarf.outgal"", ""NGC1433_onecomp.outgal"", ""NGC1433_twocomp.outgal""]",
NGC1436,https://irsa.ipac.caltech.edu/data/SPITZER/S4G/galaxies/NGC1436/P4/,200,3,3,NGC1436_bdd.outgal,"[""NGC1436_bdd.outgal"", ""NGC1436_onecomp.outgal"", ""NGC1436_twocomp.outgal""]",
NGC1440,https://irsa.ipac.caltech.edu/data/SPITZER/S4G/galaxies/NGC1440/P4/,404,0,0,,[],
NGC1452,https://irsa.ipac.caltech.edu/data/SPITZER/S4G/galaxies/NGC1452/P4/,200,3,3,NGC1452_bdbarf.outgal,"[""NGC1452_bdbarf.outgal"", ""NGC1452_onecomp.outgal"", ""NGC1452_twocomp.outgal""]",
NGC1460,https://irsa.ipac.caltech.edu/data/SPITZER/S4G/galaxies/NGC1460/P4/,404,0,0,,[],
NGC1473,https://irsa.ipac.caltech.edu/data/SPITZER/S4G/galaxies/NGC1473/P4/,200,3,3,NGC1473_dbarf.outgal,"[""NGC1473_dbarf.outgal"", ""NGC1473_onecomp.outgal"", ""NGC1473_twocomp.outgal""]",
NGC1481,https://irsa.ipac.caltech.edu/data/SPITZER/S4G/galaxies/NGC1481/P4/,404,0,0,,[],
NGC1482,https://irsa.ipac.caltech.edu/data/SPITZER/S4G/galaxies/NGC1482/P4/,200,3,3,NGC1482_bd.outgal,"[""NGC1482_bd.outgal"", ""NGC1482_onecomp.outgal"", ""NGC1482_twocomp.outgal""]",
NGC1483,https://irsa.ipac.caltech.edu/data/SPITZER/S4G/galaxies/NGC1483/P4/,200,3,3,NGC1483_dbar.outgal,"[""NGC1483_dbar.outgal"", ""NGC1483_onecomp.outgal"", ""NGC1483_twocomp.outgal""]",
NGC1487,https://irsa.ipac.caltech.edu/data/SPITZER/S4G/galaxies/NGC1487/P4/,200,3,3,NGC1487_bd.outgal,"[""NGC1487_bd.outgal"", ""NGC1487_onecomp.outgal"", ""NGC1487_twocomp.outgal""]",
NGC1493,https://irsa.ipac.caltech.edu/data/SPITZER/S4G/galaxies/NGC1493/P4/,200,3,3,NGC1493_dbarn.outgal,"[""NGC1493_dbarn.outgal"", ""NGC1493_onecomp.outgal"", ""NGC1493_twocomp.outgal""]",
NGC1494,https://irsa.ipac.caltech.edu/data/SPITZER/S4G/galaxies/NGC1494/P4/,200,3,3,NGC1494_dbar.outgal,"[""NGC1494_dbar.outgal"", ""NGC1494_onecomp.outgal"", ""NGC1494_twocomp.outgal""]",
NGC1510,https://irsa.ipac.caltech.edu/data/SPITZER/S4G/galaxies/NGC1510/P4/,200,3,3,NGC1510_bd.outgal,"[""NGC1510_bd.outgal"", ""NGC1510_onecomp.outgal"", ""NGC1510_twocomp.outgal""]",
NGC1512,https://irsa.ipac.caltech.edu/data/SPITZER/S4G/galaxies/NGC1512/P4/,200,3,3,NGC1512_bdbarf.outgal,"[""NGC1512_bdbarf.outgal"", ""NGC1512_onecomp.outgal"", ""NGC1512_twocomp.outgal""]",
NGC1522,https://irsa.ipac.caltech.edu/data/SPITZER/S4G/galaxies/NGC1522/P4/,404,0,0,,[],
NGC1531,https://irsa.ipac.caltech.edu/data/SPITZER/S4G/galaxies/NGC1531/P4/,404,0,0,,[],
NGC1533,https://irsa.ipac.caltech.edu/data/SPITZER/S4G/galaxies/NGC1533/P4/,200,3,3,NGC1533_bdbar.outgal,"[""NGC1533_bdbar.outgal"", ""NGC1533_onecomp.outgal"", ""NGC1533_twocomp.outgal""]",
NGC1536,https://irsa.ipac.caltech.edu/data/SPITZER/S4G/galaxies/NGC1536/P4/,404,0,0,,[],
NGC1546,https://irsa.ipac.caltech.edu/data/SPITZER/S4G/galaxies/NGC1546/P4/,200,3,3,NGC1546_ddn.outgal,"[""NGC1546_ddn.outgal"", ""NGC1546_onecomp.outgal"", ""NGC1546_twocomp.outgal""]",
NGC1553,https://irsa.ipac.caltech.edu/data/SPITZER/S4G/galaxies/NGC1553/P4/,200,3,3,NGC1553_bdd.outgal,"[""NGC1553_bdd.outgal"", ""NGC1553_onecomp.outgal"", ""NGC1553_twocomp.outgal""]",
NGC1559,https://irsa.ipac.caltech.edu/data/SPITZER/S4G/galaxies/NGC1559/P4/,200,3,3,NGC1559_dbarf.outgal,"[""NGC1559_dbarf.outgal"", ""NGC1559_onecomp.outgal"", ""NGC1559_twocomp.outgal""]",
NGC1566,https://irsa.ipac.caltech.edu/data/SPITZER/S4G/galaxies/NGC1566/P4/,200,3,3,NGC1566_ddbarn.outgal,"[""NGC1566_ddbarn.outgal"", ""NGC1566_onecomp.outgal"", ""NGC1566_twocomp.outgal""]",
NGC1592,https://irsa.ipac.caltech.edu/data/SPITZER/S4G/galaxies/NGC1592/P4/,200,2,2,NGC1592_twocomp.outgal,"[""NGC1592_onecomp.outgal"", ""NGC1592_twocomp.outgal""]",
NGC1602,https://irsa.ipac.caltech.edu/data/SPITZER/S4G/galaxies/NGC1602/P4/,200,3,3,NGC1602_d.outgal,"[""NGC1602_d.outgal"", ""NGC1602_onecomp.outgal"", ""NGC1602_twocomp.outgal""]",
NGC1617,https://irsa.ipac.caltech.edu/data/SPITZER/S4G/galaxies/NGC1617/P4/,404,0,0,,[],
NGC1637,https://irsa.ipac.caltech.edu/data/SPITZER/S4G/galaxies/NGC1637/P4/,200,3,3,NGC1637_dbarn.outgal,"[""NGC1637_dbarn.outgal"", ""NGC1637_onecomp.outgal"", ""NGC1637_twocomp.outgal""]",
NGC1640,https://irsa.ipac.caltech.edu/data/SPITZER/S4G/galaxies/NGC1640/P4/,200,3,3,NGC1640_bdbarfn.outgal,"[""NGC1640_bdbarfn.outgal"", ""NGC1640_onecomp.outgal"", ""NGC1640_twocomp.outgal""]",
NGC1666,https://irsa.ipac.caltech.edu/data/SPITZER/S4G/galaxies/NGC1666/P4/,404,0,0,,[],
NGC1672,https://irsa.ipac.caltech.edu/data/SPITZER/S4G/galaxies/NGC1672/P4/,200,3,3,NGC1672_bdbarf.outgal,"[""NGC1672_bdbarf.outgal"", ""NGC1672_onecomp.outgal"", ""NGC1672_twocomp.outgal""]",
NGC1679,https://irsa.ipac.caltech.edu/data/SPITZER/S4G/galaxies/NGC1679/P4/,200,3,3,NGC1679_dbar.outgal,"[""NGC1679_dbar.outgal"", ""NGC1679_onecomp.outgal"", ""NGC1679_twocomp.outgal""]",
NGC1688,https://irsa.ipac.caltech.edu/data/SPITZER/S4G/galaxies/NGC1688/P4/,200,3,3,NGC1688_dbarn.outgal,"[""NGC1688_dbarn.outgal"", ""NGC1688_onecomp.outgal"", ""NGC1688_twocomp.outgal""]",
NGC1703,https://irsa.ipac.caltech.edu/data/SPITZER/S4G/galaxies/NGC1703/P4/,200,3,3,NGC1703_bd.outgal,"[""NGC1703_bd.outgal"", ""NGC1703_onecomp.outgal"", ""NGC1703_twocomp.outgal""]",
NGC1705,https://irsa.ipac.caltech.edu/data/SPITZER/S4G/galaxies/NGC1705/P4/,200,3,3,NGC1705_dn.outgal,"[""NGC1705_dn.outgal"", ""NGC1705_onecomp.outgal"", ""NGC1705_twocomp.outgal""]",
NGC1744,https://irsa.ipac.caltech.edu/data/SPITZER/S4G/galaxies/NGC1744/P4/,200,3,3,NGC1744_dbarn.outgal,"[""NGC1744_dbarn.outgal"", ""NGC1744_onecomp.outgal"", ""NGC1744_twocomp.outgal""]",
NGC1792,https://irsa.ipac.caltech.edu/data/SPITZER/S4G/galaxies/NGC1792/P4/,200,3,3,NGC1792_bd.outgal,"[""NGC1792_bd.outgal"", ""NGC1792_onecomp.outgal"", ""NGC1792_twocomp.outgal""]",
NGC1796,https://irsa.ipac.caltech.edu/data/SPITZER/S4G/galaxies/NGC1796/P4/,404,0,0,,[],
NGC1800,https://irsa.ipac.caltech.edu/data/SPITZER/S4G/galaxies/NGC1800/P4/,200,3,3,NGC1800_dbar.outgal,"[""NGC1800_dbar.outgal"", ""NGC1800_onecomp.outgal"", ""NGC1800_twocomp.outgal""]",
NGC1879,https://irsa.ipac.caltech.edu/data/SPITZER/S4G/galaxies/NGC1879/P4/,200,3,3,NGC1879_dbarn.outgal,"[""NGC1879_dbarn.outgal"", ""NGC1879_onecomp.outgal"", ""NGC1879_twocomp.outgal""]",
NGC2082,https://irsa.ipac.caltech.edu/data/SPITZER/S4G/galaxies/NGC2082/P4/,404,0,0,,[],
NGC2101,https://irsa.ipac.caltech.edu/data/SPITZER/S4G/galaxies/NGC2101/P4/,200,3,3,NGC2101_d.outgal,"[""NGC2101_d.outgal"", ""NGC2101_onecomp.outgal"", ""NGC2101_twocomp.outgal""]",
NGC2460,https://irsa.ipac.caltech.edu/data/SPITZER/S4G/galaxies/NGC2460/P4/,200,3,3,NGC2460_bd.outgal,"[""NGC2460_bd.outgal"", ""NGC2460_onecomp.outgal"", ""NGC2460_twocomp.outgal""]",
NGC2500,https://irsa.ipac.caltech.edu/data/SPITZER/S4G/galaxies/NGC2500/P4/,200,3,3,NGC2500_dbarn.outgal,"[""NGC2500_dbarn.outgal"", ""NGC2500_onecomp.outgal"", ""NGC2500_twocomp.outgal""]",
NGC2537,https://irsa.ipac.caltech.edu/data/SPITZER/S4G/galaxies/NGC2537/P4/,200,3,3,NGC2537_ddbar.outgal,"[""NGC2537_ddbar.outgal"", ""NGC2537_onecomp.outgal"", ""NGC2537_twocomp.outgal""]",
NGC2541,https://irsa.ipac.caltech.edu/data/SPITZER/S4G/galaxies/NGC2541/P4/,200,3,3,NGC2541_dd.outgal,"[""NGC2541_dd.outgal"", ""NGC2541_onecomp.outgal"", ""NGC2541_twocomp.outgal""]",
NGC2543,https://irsa.ipac.caltech.edu/data/SPITZER/S4G/galaxies/NGC2543/P4/,200,3,3,NGC2543_bdbarf.outgal,"[""NGC2543_bdbarf.outgal"", ""NGC2543_onecomp.outgal"", ""NGC2543_twocomp.outgal""]",
NGC2544,https://irsa.ipac.caltech.edu/data/SPITZER/S4G/galaxies/NGC2544/P4/,404,0,0,,[],
NGC2551,https://irsa.ipac.caltech.edu/data/SPITZER/S4G/galaxies/NGC2551/P4/,200,3,3,NGC2551_bd.outgal,"[""NGC2551_bd.outgal"", ""NGC2551_onecomp.outgal"", ""NGC2551_twocomp.outgal""]",
NGC2552,https://irsa.ipac.caltech.edu/data/SPITZER/S4G/galaxies/NGC2552/P4/,200,3,3,NGC2552_d.outgal,"[""NGC2552_d.outgal"", ""NGC2552_onecomp.outgal"", ""NGC2552_twocomp.outgal""]",
NGC2604,https://irsa.ipac.caltech.edu/data/SPITZER/S4G/galaxies/NGC2604/P4/,200,3,3,NGC2604_dbarf.outgal,"[""NGC2604_dbarf.outgal"", ""NGC2604_onecomp.outgal"", ""NGC2604_twocomp.outgal""]",
NGC2608,https://irsa.ipac.caltech.edu/data/SPITZER/S4G/galaxies/NGC2608/P4/,200,3,3,NGC2608_dbarfn.outgal,"[""NGC2608_dbarfn.outgal"", ""NGC2608_onecomp.outgal"", ""NGC2608_twocomp.outgal""]",
NGC2633,https://irsa.ipac.caltech.edu/data/SPITZER/S4G/galaxies/NGC2633/P4/,200,3,3,NGC2633_bdbar.outgal,"[""NGC2633_bdbar.outgal"", ""NGC2633_onecomp.outgal"", ""NGC2633_twocomp.outgal""]",
NGC2655,https://irsa.ipac.caltech.edu/data/SPITZER/S4G/galaxies/NGC2655/P4/,200,3,3,NGC2655_bdbar.outgal,"[""NGC2655_bdbar.outgal"", ""NGC2655_onecomp.outgal"", ""NGC2655_twocomp.outgal""]",
NGC2679,https://irsa.ipac.caltech.edu/data/SPITZER/S4G/galaxies/NGC2679/P4/,404,0,0,,[],
NGC2681,https://irsa.ipac.caltech.edu/data/SPITZER/S4G/galaxies/NGC2681/P4/,200,3,3,NGC2681_bd.outgal,"[""NGC2681_bd.outgal"", ""NGC2681_onecomp.outgal"", ""NGC2681_twocomp.outgal""]",
NGC2684,https://irsa.ipac.caltech.edu/data/SPITZER/S4G/galaxies/NGC2684/P4/,200,3,3,NGC2684_dn.outgal,"[""NGC2684_dn.outgal"", ""NGC2684_onecomp.outgal"", ""NGC2684_twocomp.outgal""]",
NGC2685,https://irsa.ipac.caltech.edu/data/SPITZER/S4G/galaxies/NGC2685/P4/,200,3,3,NGC2685_bdbar.outgal,"[""NGC2685_bdbar.outgal"", ""NGC2685_onecomp.outgal"", ""NGC2685_twocomp.outgal""]",
NGC2701,https://irsa.ipac.caltech.edu/data/SPITZER/S4G/galaxies/NGC2701/P4/,200,3,3,NGC2701_dbar.outgal,"[""NGC2701_dbar.outgal"", ""NGC2701_onecomp.outgal"", ""NGC2701_twocomp.outgal""]",
NGC2710,https://irsa.ipac.caltech.edu/data/SPITZER/S4G/galaxies/NGC2710/P4/,200,3,3,NGC2710_dbarn.outgal,"[""NGC2710_dbarn.outgal"", ""NGC2710_onecomp.outgal"", ""NGC2710_twocomp.outgal""]",
NGC2712,https://irsa.ipac.caltech.edu/data/SPITZER/S4G/galaxies/NGC2712/P4/,200,3,3,NGC2712_bd.outgal,"[""NGC2712_bd.outgal"", ""NGC2712_onecomp.outgal"", ""NGC2712_twocomp.outgal""]",
NGC2731,https://irsa.ipac.caltech.edu/data/SPITZER/S4G/galaxies/NGC2731/P4/,200,3,3,NGC2731_dd.outgal,"[""NGC2731_dd.outgal"", ""NGC2731_onecomp.outgal"", ""NGC2731_twocomp.outgal""]",
NGC2742,https://irsa.ipac.caltech.edu/data/SPITZER/S4G/galaxies/NGC2742/P4/,200,3,3,NGC2742_dn.outgal,"[""NGC2742_dn.outgal"", ""NGC2742_onecomp.outgal"", ""NGC2742_twocomp.outgal""]",
NGC2743,https://irsa.ipac.caltech.edu/data/SPITZER/S4G/galaxies/NGC2743/P4/,200,3,3,NGC2743_dbar.outgal,"[""NGC2743_dbar.outgal"", ""NGC2743_onecomp.outgal"", ""NGC2743_twocomp.outgal""]",
NGC2748,https://irsa.ipac.caltech.edu/data/SPITZER/S4G/galaxies/NGC2748/P4/,200,3,3,NGC2748_dn.outgal,"[""NGC2748_dn.outgal"", ""NGC2748_onecomp.outgal"", ""NGC2748_twocomp.outgal""]",
NGC2750,https://irsa.ipac.caltech.edu/data/SPITZER/S4G/galaxies/NGC2750/P4/,200,3,3,NGC2750_bdbar.outgal,"[""NGC2750_bdbar.outgal"", ""NGC2750_onecomp.outgal"", ""NGC2750_twocomp.outgal""]",
NGC2764,https://irsa.ipac.caltech.edu/data/SPITZER/S4G/galaxies/NGC2764/P4/,200,3,3,NGC2764_ddn.outgal,"[""NGC2764_ddn.outgal"", ""NGC2764_onecomp.outgal"", ""NGC2764_twocomp.outgal""]",
NGC2775,https://irsa.ipac.caltech.edu/data/SPITZER/S4G/galaxies/NGC2775/P4/,200,3,3,NGC2775_bdd.outgal,"[""NGC2775_bdd.outgal"", ""NGC2775_onecomp.outgal"", ""NGC2775_twocomp.outgal""]",
NGC2776,https://irsa.ipac.caltech.edu/data/SPITZER/S4G/galaxies/NGC2776/P4/,200,3,3,NGC2776_dn.outgal,"[""NGC2776_dn.outgal"", ""NGC2776_onecomp.outgal"", ""NGC2776_twocomp.outgal""]",
NGC2780,https://irsa.ipac.caltech.edu/data/SPITZER/S4G/galaxies/NGC2780/P4/,200,3,3,NGC2780_bdbarf.outgal,"[""NGC2780_bdbarf.outgal"", ""NGC2780_onecomp.outgal"", ""NGC2780_twocomp.outgal""]",
NGC2782,https://irsa.ipac.caltech.edu/data/SPITZER/S4G/galaxies/NGC2782/P4/,200,3,3,NGC2782_dn.outgal,"[""NGC2782_dn.outgal"", ""NGC2782_onecomp.outgal"", ""NGC2782_twocomp.outgal""]",
NGC2785,https://irsa.ipac.caltech.edu/data/SPITZER/S4G/galaxies/NGC2785/P4/,404,0,0,,[],
NGC2787,https://irsa.ipac.caltech.edu/data/SPITZER/S4G/galaxies/NGC2787/P4/,200,3,3,NGC2787_bdbarf.outgal,"[""NGC2787_bdbarf.outgal"", ""NGC2787_onecomp.outgal"", ""NGC2787_twocomp.outgal""]",
NGC2793,https://irsa.ipac.caltech.edu/data/SPITZER/S4G/galaxies/NGC2793/P4/,200,2,2,NGC2793_twocomp.outgal,"[""NGC2793_onecomp.outgal"", ""NGC2793_twocomp.outgal""]",
NGC2805,https://irsa.ipac.caltech.edu/data/SPITZER/S4G/galaxies/NGC2805/P4/,200,3,3,NGC2805_ddn.outgal,"[""NGC2805_ddn.outgal"", ""NGC2805_onecomp.outgal"", ""NGC2805_twocomp.outgal""]",
NGC2841,https://irsa.ipac.caltech.edu/data/SPITZER/S4G/galaxies/NGC2841/P4/,200,3,3,NGC2841_bd.outgal,"[""NGC2841_bd.outgal"", ""NGC2841_onecomp.outgal"", ""NGC2841_twocomp.outgal""]",
NGC2853,https://irsa.ipac.caltech.edu/data/SPITZER/S4G/galaxies/NGC2853/P4/,404,0,0,,[],
NGC2854,https://irsa.ipac.caltech.edu/data/SPITZER/S4G/galaxies/NGC2854/P4/,200,3,3,NGC2854_dbarn.outgal,"[""NGC2854_dbarn.outgal"", ""NGC2854_onecomp.outgal"", ""NGC2854_twocomp.outgal""]",
NGC2859,https://irsa.ipac.caltech.edu/data/SPITZER/S4G/galaxies/NGC2859/P4/,200,3,3,NGC2859_bddbarf.outgal,"[""NGC2859_bddbarf.outgal"", ""NGC2859_onecomp.outgal"", ""NGC2859_twocomp.outgal""]",
NGC2880,https://irsa.ipac.caltech.edu/data/SPITZER/S4G/galaxies/NGC2880/P4/,404,0,0,,[],
NGC2882,https://irsa.ipac.caltech.edu/data/SPITZER/S4G/galaxies/NGC2882/P4/,200,3,3,NGC2882_dn.outgal,"[""NGC2882_dn.outgal"", ""NGC2882_onecomp.outgal"", ""NGC2882_twocomp.outgal""]",
NGC2893,https://irsa.ipac.caltech.edu/data/SPITZER/S4G/galaxies/NGC2893/P4/,200,3,3,NGC2893_bdbar.outgal,"[""NGC2893_bdbar.outgal"", ""NGC2893_onecomp.outgal"", ""NGC2893_twocomp.outgal""]",
NGC2894,https://irsa.ipac.caltech.edu/data/SPITZER/S4G/galaxies/NGC2894/P4/,200,3,3,NGC2894_bd.outgal,"[""NGC2894_bd.outgal"", ""NGC2894_onecomp.outgal"", ""NGC2894_twocomp.outgal""]",
NGC2903,https://irsa.ipac.caltech.edu/data/SPITZER/S4G/galaxies/NGC2903/P4/,200,3,3,NGC2903_bdbarf.outgal,"[""NGC2903_bdbarf.outgal"", ""NGC2903_onecomp.outgal"", ""NGC2903_twocomp.outgal""]",
NGC2906,https://irsa.ipac.caltech.edu/data/SPITZER/S4G/galaxies/NGC2906/P4/,200,3,3,NGC2906_bd.outgal,"[""NGC2906_bd.outgal"", ""NGC2906_onecomp.outgal"", ""NGC2906_twocomp.outgal""]",
NGC2938,https://irsa.ipac.caltech.edu/data/SPITZER/S4G/galaxies/NGC2938/P4/,200,3,3,NGC2938_dbar.outgal,"[""NGC2938_dbar.outgal"", ""NGC2938_onecomp.outgal"", ""NGC2938_twocomp.outgal""]",
NGC2950,https://irsa.ipac.caltech.edu/data/SPITZER/S4G/galaxies/NGC2950/P4/,404,0,0,,[],
NGC2964,https://irsa.ipac.caltech.edu/data/SPITZER/S4G/galaxies/NGC2964/P4/,200,3,3,NGC2964_bd.outgal,"[""NGC2964_bd.outgal"", ""NGC2964_onecomp.outgal"", ""NGC2964_twocomp.outgal""]",
NGC2967,https://irsa.ipac.caltech.edu/data/SPITZER/S4G/galaxies/NGC2967/P4/,200,3,3,NGC2967_nd.outgal,"[""NGC2967_nd.outgal"", ""NGC2967_onecomp.outgal"", ""NGC2967_twocomp.outgal""]",
NGC2968,https://irsa.ipac.caltech.edu/data/SPITZER/S4G/galaxies/NGC2968/P4/,200,3,3,NGC2968_bdbar.outgal,"[""NGC2968_bdbar.outgal"", ""NGC2968_onecomp.outgal"", ""NGC2968_twocomp.outgal""]",
NGC2976,https://irsa.ipac.caltech.edu/data/SPITZER/S4G/galaxies/NGC2976/P4/,200,3,3,NGC2976_dbar.outgal,"[""NGC2976_dbar.outgal"", ""NGC2976_onecomp.outgal"", ""NGC2976_twocomp.outgal""]",
NGC2978,https://irsa.ipac.caltech.edu/data/SPITZER/S4G/galaxies/NGC2978/P4/,200,3,3,NGC2978_bd.outgal,"[""NGC2978_bd.outgal"", ""NGC2978_onecomp.outgal"", ""NGC2978_twocomp.outgal""]",
NGC2985,https://irsa.ipac.caltech.edu/data/SPITZER/S4G/galaxies/NGC2985/P4/,200,3,3,NGC2985_bdd.outgal,"[""NGC2985_bdd.outgal"", ""NGC2985_onecomp.outgal"", ""NGC2985_twocomp.outgal""]",
NGC3018,https://irsa.ipac.caltech.edu/data/SPITZER/S4G/galaxies/NGC3018/P4/,200,3,3,NGC3018_dbar.outgal,"[""NGC3018_dbar.outgal"", ""NGC3018_onecomp.outgal"", ""NGC3018_twocomp.outgal""]",
NGC3020,https://irsa.ipac.caltech.edu/data/SPITZER/S4G/galaxies/NGC3020/P4/,200,3,3,NGC3020_dbar.outgal,"[""NGC3020_dbar.outgal"", ""NGC3020_onecomp.outgal"", ""NGC3020_twocomp.outgal""]",
NGC3021,https://irsa.ipac.caltech.edu/data/SPITZER/S4G/galaxies/NGC3021/P4/,200,3,3,NGC3021_bd.outgal,"[""NGC3021_bd.outgal"", ""NGC3021_onecomp.outgal"", ""NGC3021_twocomp.outgal""]",
NGC3023,https://irsa.ipac.caltech.edu/data/SPITZER/S4G/galaxies/NGC3023/P4/,200,3,3,NGC3023_dbar.outgal,"[""NGC3023_dbar.outgal"", ""NGC3023_onecomp.outgal"", ""NGC3023_twocomp.outgal""]",
NGC3027,https://irsa.ipac.caltech.edu/data/SPITZER/S4G/galaxies/NGC3027/P4/,200,3,3,NGC3027_dbar.outgal,"[""NGC3027_dbar.outgal"", ""NGC3027_onecomp.outgal"", ""NGC3027_twocomp.outgal""]",
NGC3031,https://irsa.ipac.caltech.edu/data/SPITZER/S4G/galaxies/NGC3031/P4/,200,3,3,NGC3031_bd.outgal,"[""NGC3031_bd.outgal"", ""NGC3031_onecomp.outgal"", ""NGC3031_twocomp.outgal""]",
NGC3032,https://irsa.ipac.caltech.edu/data/SPITZER/S4G/galaxies/NGC3032/P4/,200,3,3,NGC3032_bd.outgal,"[""NGC3032_bd.outgal"", ""NGC3032_onecomp.outgal"", ""NGC3032_twocomp.outgal""]",
NGC3041,https://irsa.ipac.caltech.edu/data/SPITZER/S4G/galaxies/NGC3041/P4/,200,3,3,NGC3041_bd.outgal,"[""NGC3041_bd.outgal"", ""NGC3041_onecomp.outgal"", ""NGC3041_twocomp.outgal""]",
NGC3049,https://irsa.ipac.caltech.edu/data/SPITZER/S4G/galaxies/NGC3049/P4/,200,3,3,NGC3049_dbarn.outgal,"[""NGC3049_dbarn.outgal"", ""NGC3049_onecomp.outgal"", ""NGC3049_twocomp.outgal""]",
NGC3055,https://irsa.ipac.caltech.edu/data/SPITZER/S4G/galaxies/NGC3055/P4/,200,3,3,NGC3055_dbarn.outgal,"[""NGC3055_dbarn.outgal"", ""NGC3055_onecomp.outgal"", ""NGC3055_twocomp.outgal""]",
NGC3057,https://irsa.ipac.caltech.edu/data/SPITZER/S4G/galaxies/NGC3057/P4/,200,3,3,NGC3057_dbarf.outgal,"[""NGC3057_dbarf.outgal"", ""NGC3057_onecomp.outgal"", ""NGC3057_twocomp.outgal""]",
NGC3061,https://irsa.ipac.caltech.edu/data/SPITZER/S4G/galaxies/NGC3061/P4/,200,3,3,NGC3061_bdbar.outgal,"[""NGC3061_bdbar.outgal"", ""NGC3061_onecomp.outgal"", ""NGC3061_twocomp.outgal""]",
NGC3065,https://irsa.ipac.caltech.edu/data/SPITZER/S4G/galaxies/NGC3065/P4/,200,3,3,NGC3065_bd.outgal,"[""NGC3065_bd.outgal"", ""NGC3065_onecomp.outgal"", ""NGC3065_twocomp.outgal""]",
NGC3066,https://irsa.ipac.caltech.edu/data/SPITZER/S4G/galaxies/NGC3066/P4/,200,3,3,NGC3066_dbarfn.outgal,"[""NGC3066_dbarfn.outgal"", ""NGC3066_onecomp.outgal"", ""NGC3066_twocomp.outgal""]",
NGC3073,https://irsa.ipac.caltech.edu/data/SPITZER/S4G/galaxies/NGC3073/P4/,200,3,3,NGC3073_bd.outgal,"[""NGC3073_bd.outgal"", ""NGC3073_onecomp.outgal"", ""NGC3073_twocomp.outgal""]",
NGC3077,https://irsa.ipac.caltech.edu/data/SPITZER/S4G/galaxies/NGC3077/P4/,200,3,3,NGC3077_b.outgal,"[""NGC3077_b.outgal"", ""NGC3077_onecomp.outgal"", ""NGC3077_twocomp.outgal""]",
NGC3094,https://irsa.ipac.caltech.edu/data/SPITZER/S4G/galaxies/NGC3094/P4/,200,3,3,NGC3094_dbarn.outgal,"[""NGC3094_dbarn.outgal"", ""NGC3094_onecomp.outgal"", ""NGC3094_twocomp.outgal""]",
NGC3104,https://irsa.ipac.caltech.edu/data/SPITZER/S4G/galaxies/NGC3104/P4/,200,3,3,NGC3104_dd.outgal,"[""NGC3104_dd.outgal"", ""NGC3104_onecomp.outgal"", ""NGC3104_twocomp.outgal""]",
NGC3147,https://irsa.ipac.caltech.edu/data/SPITZER/S4G/galaxies/NGC3147/P4/,200,3,3,NGC3147_bd.outgal,"[""NGC3147_bd.outgal"", ""NGC3147_onecomp.outgal"", ""NGC3147_twocomp.outgal""]",
NGC3153,https://irsa.ipac.caltech.edu/data/SPITZER/S4G/galaxies/NGC3153/P4/,200,3,3,NGC3153_dbar.outgal,"[""NGC3153_dbar.outgal"", ""NGC3153_onecomp.outgal"", ""NGC3153_twocomp.outgal""]",
NGC3155,https://irsa.ipac.caltech.edu/data/SPITZER/S4G/galaxies/NGC3155/P4/,200,3,3,NGC3155_dbarfn.outgal,"[""NGC3155_dbarfn.outgal"", ""NGC3155_onecomp.outgal"", ""NGC3155_twocomp.outgal""]",
NGC3162,https://irsa.ipac.caltech.edu/data/SPITZER/S4G/galaxies/NGC3162/P4/,200,3,3,NGC3162_dbarfn.outgal,"[""NGC3162_dbarfn.outgal"", ""NGC3162_onecomp.outgal"", ""NGC3162_twocomp.outgal""]",
NGC3166,https://irsa.ipac.caltech.edu/data/SPITZER/S4G/galaxies/NGC3166/P4/,200,3,3,NGC3166_bdbar.outgal,"[""NGC3166_bdbar.outgal"", ""NGC3166_onecomp.outgal"", ""NGC3166_twocomp.outgal""]",
NGC3169,https://irsa.ipac.caltech.edu/data/SPITZER/S4G/galaxies/NGC3169/P4/,200,3,3,NGC3169_bd.outgal,"[""NGC3169_bd.outgal"", ""NGC3169_onecomp.outgal"", ""NGC3169_twocomp.outgal""]",
NGC3177,https://irsa.ipac.caltech.edu/data/SPITZER/S4G/galaxies/NGC3177/P4/,200,3,3,NGC3177_ddn.outgal,"[""NGC3177_ddn.outgal"", ""NGC3177_onecomp.outgal"", ""NGC3177_twocomp.outgal""]",
NGC3182,https://irsa.ipac.caltech.edu/data/SPITZER/S4G/galaxies/NGC3182/P4/,200,3,3,NGC3182_b.outgal,"[""NGC3182_b.outgal"", ""NGC3182_onecomp.outgal"", ""NGC3182_twocomp.outgal""]",
NGC3184,https://irsa.ipac.caltech.edu/data/SPITZER/S4G/galaxies/NGC3184/P4/,200,3,3,NGC3184_nbd.outgal,"[""NGC3184_nbd.outgal"", ""NGC3184_onecomp.outgal"", ""NGC3184_twocomp.outgal""]",
NGC3185,https://irsa.ipac.caltech.edu/data/SPITZER/S4G/galaxies/NGC3185/P4/,200,3,3,NGC3185_bd.outgal,"[""NGC3185_bd.outgal"", ""NGC3185_onecomp.outgal"", ""NGC3185_twocomp.outgal""]",
NGC3206,https://irsa.ipac.caltech.edu/data/SPITZER/S4G/galaxies/NGC3206/P4/,200,3,3,NGC3206_dbar.outgal,"[""NGC3206_dbar.outgal"", ""NGC3206_onecomp.outgal"", ""NGC3206_twocomp.outgal""]",
NGC3213,https://irsa.ipac.caltech.edu/data/SPITZER/S4G/galaxies/NGC3213/P4/,200,3,3,NGC3213_dn.outgal,"[""NGC3213_dn.outgal"", ""NGC3213_onecomp.outgal"", ""NGC3213_twocomp.outgal""]",
NGC3225,https://irsa.ipac.caltech.edu/data/SPITZER/S4G/galaxies/NGC3225/P4/,200,3,3,NGC3225_dbar.outgal,"[""NGC3225_dbar.outgal"", ""NGC3225_onecomp.outgal"", ""NGC3225_twocomp.outgal""]",
NGC3227,https://irsa.ipac.caltech.edu/data/SPITZER/S4G/galaxies/NGC3227/P4/,200,2,2,NGC3227_twocomp.outgal,"[""NGC3227_onecomp.outgal"", ""NGC3227_twocomp.outgal""]",
NGC3230,https://irsa.ipac.caltech.edu/data/SPITZER/S4G/galaxies/NGC3230/P4/,404,0,0,,[],
NGC3239,https://irsa.ipac.caltech.edu/data/SPITZER/S4G/galaxies/NGC3239/P4/,200,3,3,NGC3239_d.outgal,"[""NGC3239_d.outgal"", ""NGC3239_onecomp.outgal"", ""NGC3239_twocomp.outgal""]",
NGC3245,https://irsa.ipac.caltech.edu/data/SPITZER/S4G/galaxies/NGC3245/P4/,404,0,0,,[],
NGC3254,https://irsa.ipac.caltech.edu/data/SPITZER/S4G/galaxies/NGC3254/P4/,200,3,3,NGC3254_bdbar.outgal,"[""NGC3254_bdbar.outgal"", ""NGC3254_onecomp.outgal"", ""NGC3254_twocomp.outgal""]",
NGC3259,https://irsa.ipac.caltech.edu/data/SPITZER/S4G/galaxies/NGC3259/P4/,200,3,3,NGC3259_ddn.outgal,"[""NGC3259_ddn.outgal"", ""NGC3259_onecomp.outgal"", ""NGC3259_twocomp.outgal""]",
NGC3266,https://irsa.ipac.caltech.edu/data/SPITZER/S4G/galaxies/NGC3266/P4/,200,3,3,NGC3266_bdbar.outgal,"[""NGC3266_bdbar.outgal"", ""NGC3266_onecomp.outgal"", ""NGC3266_twocomp.outgal""]",
NGC3274,https://irsa.ipac.caltech.edu/data/SPITZER/S4G/galaxies/NGC3274/P4/,200,3,3,NGC3274_dbar.outgal,"[""NGC3274_dbar.outgal"", ""NGC3274_onecomp.outgal"", ""NGC3274_twocomp.outgal""]",
NGC3277,https://irsa.ipac.caltech.edu/data/SPITZER/S4G/galaxies/NGC3277/P4/,200,3,3,NGC3277_ddn.outgal,"[""NGC3277_ddn.outgal"", ""NGC3277_onecomp.outgal"", ""NGC3277_twocomp.outgal""]",
NGC3292,https://irsa.ipac.caltech.edu/data/SPITZER/S4G/galaxies/NGC3292/P4/,404,0,0,,[],
NGC3294,https://irsa.ipac.caltech.edu/data/SPITZER/S4G/galaxies/NGC3294/P4/,200,3,3,NGC3294_bd.outgal,"[""NGC3294_bd.outgal"", ""NGC3294_onecomp.outgal"", ""NGC3294_twocomp.outgal""]",
NGC3299,https://irsa.ipac.caltech.edu/data/SPITZER/S4G/galaxies/NGC3299/P4/,200,3,3,NGC3299_d.outgal,"[""NGC3299_d.outgal"", ""NGC3299_onecomp.outgal"", ""NGC3299_twocomp.outgal""]",
NGC3310,https://irsa.ipac.caltech.edu/data/SPITZER/S4G/galaxies/NGC3310/P4/,200,3,3,NGC3310_ddn.outgal,"[""NGC3310_ddn.outgal"", ""NGC3310_onecomp.outgal"", ""NGC3310_twocomp.outgal""]",
NGC3319,https://irsa.ipac.caltech.edu/data/SPITZER/S4G/galaxies/NGC3319/P4/,200,3,3,NGC3319_dbar.outgal,"[""NGC3319_dbar.outgal"", ""NGC3319_onecomp.outgal"", ""NGC3319_twocomp.outgal""]",
NGC3320,https://irsa.ipac.caltech.edu/data/SPITZER/S4G/galaxies/NGC3320/P4/,200,3,3,NGC3320_dbarn.outgal,"[""NGC3320_dbarn.outgal"", ""NGC3320_onecomp.outgal"", ""NGC3320_twocomp.outgal""]",
NGC3321,https://irsa.ipac.caltech.edu/data/SPITZER/S4G/galaxies/NGC3321/P4/,200,3,3,NGC3321_bd.outgal,"[""NGC3321_bd.outgal"", ""NGC3321_onecomp.outgal"", ""NGC3321_twocomp.outgal""]",
NGC3329,https://irsa.ipac.caltech.edu/data/SPITZER/S4G/galaxies/NGC3329/P4/,200,3,3,NGC3329_dbarn.outgal,"[""NGC3329_dbarn.outgal"", ""NGC3329_onecomp.outgal"", ""NGC3329_twocomp.outgal""]",
NGC3338,https://irsa.ipac.caltech.edu/data/SPITZER/S4G/galaxies/NGC3338/P4/,200,3,3,NGC3338_dn.outgal,"[""NGC3338_dn.outgal"", ""NGC3338_onecomp.outgal"", ""NGC3338_twocomp.outgal""]",
NGC3344,https://irsa.ipac.caltech.edu/data/SPITZER/S4G/galaxies/NGC3344/P4/,200,3,3,NGC3344_bd.outgal,"[""NGC3344_bd.outgal"", ""NGC3344_onecomp.outgal"", ""NGC3344_twocomp.outgal""]",
NGC3346,https://irsa.ipac.caltech.edu/data/SPITZER/S4G/galaxies/NGC3346/P4/,200,3,3,NGC3346_dbar.outgal,"[""NGC3346_dbar.outgal"", ""NGC3346_onecomp.outgal"", ""NGC3346_twocomp.outgal""]",
NGC3351,https://irsa.ipac.caltech.edu/data/SPITZER/S4G/galaxies/NGC3351/P4/,200,3,3,NGC3351_bdbarf.outgal,"[""NGC3351_bdbarf.outgal"", ""NGC3351_onecomp.outgal"", ""NGC3351_twocomp.outgal""]",
NGC3353,https://irsa.ipac.caltech.edu/data/SPITZER/S4G/galaxies/NGC3353/P4/,200,3,3,NGC3353_dbarfn.outgal,"[""NGC3353_dbarfn.outgal"", ""NGC3353_onecomp.outgal"", ""NGC3353_twocomp.outgal""]",
NGC3359,https://irsa.ipac.caltech.edu/data/SPITZER/S4G/galaxies/NGC3359/P4/,200,3,3,NGC3359_dbar.outgal,"[""NGC3359_dbar.outgal"", ""NGC3359_onecomp.outgal"", ""NGC3359_twocomp.outgal""]",
NGC3364,https://irsa.ipac.caltech.edu/data/SPITZER/S4G/galaxies/NGC3364/P4/,200,3,3,NGC3364_bd.outgal,"[""NGC3364_bd.outgal"", ""NGC3364_onecomp.outgal"", ""NGC3364_twocomp.outgal""]",
NGC3367,https://irsa.ipac.caltech.edu/data/SPITZER/S4G/galaxies/NGC3367/P4/,404,0,0,,[],
NGC3368,https://irsa.ipac.caltech.edu/data/SPITZER/S4G/galaxies/NGC3368/P4/,200,2,2,NGC3368_twocomp.outgal,"[""NGC3368_onecomp.outgal"", ""NGC3368_twocomp.outgal""]",
NGC3370,https://irsa.ipac.caltech.edu/data/SPITZER/S4G/galaxies/NGC3370/P4/,200,3,3,NGC3370_ddn.outgal,"[""NGC3370_ddn.outgal"", ""NGC3370_onecomp.outgal"", ""NGC3370_twocomp.outgal""]",
NGC3377A,https://irsa.ipac.caltech.edu/data/SPITZER/S4G/galaxies/NGC3377A/P4/,200,3,3,NGC3377A_d.outgal,"[""NGC3377A_d.outgal"", ""NGC3377A_onecomp.outgal"", ""NGC3377A_twocomp.outgal""]",
NGC3380,https://irsa.ipac.caltech.edu/data/SPITZER/S4G/galaxies/NGC3380/P4/,200,3,3,NGC3380_bdbarn.outgal,"[""NGC3380_bdbarn.outgal"", ""NGC3380_onecomp.outgal"", ""NGC3380_twocomp.outgal""]",
NGC3381,https://irsa.ipac.caltech.edu/data/SPITZER/S4G/galaxies/NGC3381/P4/,200,3,3,NGC3381_dbar.outgal,"[""NGC3381_dbar.outgal"", ""NGC3381_onecomp.outgal"", ""NGC3381_twocomp.outgal""]",
NGC3389,https://irsa.ipac.caltech.edu/data/SPITZER/S4G/galaxies/NGC3389/P4/,200,3,3,NGC3389_dbar.outgal,"[""NGC3389_dbar.outgal"", ""NGC3389_onecomp.outgal"", ""NGC3389_twocomp.outgal""]",
NGC3395,https://irsa.ipac.caltech.edu/data/SPITZER/S4G/galaxies/NGC3395/P4/,200,2,2,NGC3395_twocomp.outgal,"[""NGC3395_onecomp.outgal"", ""NGC3395_twocomp.outgal""]",
NGC3400,https://irsa.ipac.caltech.edu/data/SPITZER/S4G/galaxies/NGC3400/P4/,404,0,0,,[],
NGC3418,https://irsa.ipac.caltech.edu/data/SPITZER/S4G/galaxies/NGC3418/P4/,404,0,0,,[],
NGC3423,https://irsa.ipac.caltech.edu/data/SPITZER/S4G/galaxies/NGC3423/P4/,200,3,3,NGC3423_bd.outgal,"[""NGC3423_bd.outgal"", ""NGC3423_onecomp.outgal"", ""NGC3423_twocomp.outgal""]",
NGC3430,https://irsa.ipac.caltech.edu/data/SPITZER/S4G/galaxies/NGC3430/P4/,200,3,3,NGC3430_bd.outgal,"[""NGC3430_bd.outgal"", ""NGC3430_onecomp.outgal"", ""NGC3430_twocomp.outgal""]",
NGC3433,https://irsa.ipac.caltech.edu/data/SPITZER/S4G/galaxies/NGC3433/P4/,200,3,3,NGC3433_bd.outgal,"[""NGC3433_bd.outgal"", ""NGC3433_onecomp.outgal"", ""NGC3433_twocomp.outgal""]",
NGC3443,https://irsa.ipac.caltech.edu/data/SPITZER/S4G/galaxies/NGC3443/P4/,200,3,3,NGC3443_dd.outgal,"[""NGC3443_dd.outgal"", ""NGC3443_onecomp.outgal"", ""NGC3443_twocomp.outgal""]",
NGC3445,https://irsa.ipac.caltech.edu/data/SPITZER/S4G/galaxies/NGC3445/P4/,200,3,3,NGC3445_d.outgal,"[""NGC3445_d.outgal"", ""NGC3445_onecomp.outgal"", ""NGC3445_twocomp.outgal""]",
NGC3447,https://irsa.ipac.caltech.edu/data/SPITZER/S4G/galaxies/NGC3447/P4/,200,3,3,NGC3447_dbar.outgal,"[""NGC3447_dbar.outgal"", ""NGC3447_onecomp.outgal"", ""NGC3447_twocomp.outgal""]",
NGC3455,https://irsa.ipac.caltech.edu/data/SPITZER/S4G/galaxies/NGC3455/P4/,200,3,3,NGC3455_dn.outgal,"[""NGC3455_dn.outgal"", ""NGC3455_onecomp.outgal"", ""NGC3455_twocomp.outgal""]",
NGC3471,https://irsa.ipac.caltech.edu/data/SPITZER/S4G/galaxies/NGC3471/P4/,200,3,3,NGC3471_dbar.outgal,"[""NGC3471_dbar.outgal"", ""NGC3471_onecomp.outgal"", ""NGC3471_twocomp.outgal""]",
NGC3485,https://irsa.ipac.caltech.edu/data/SPITZER/S4G/galaxies/NGC3485/P4/,200,3,3,NGC3485_bdbarf.outgal,"[""NGC3485_bdbarf.outgal"", ""NGC3485_onecomp.outgal"", ""NGC3485_twocomp.outgal""]",
NGC3486,https://irsa.ipac.caltech.edu/data/SPITZER/S4G/galaxies/NGC3486/P4/,200,3,3,NGC3486_bdd.outgal,"[""NGC3486_bdd.outgal"", ""NGC3486_onecomp.outgal"", ""NGC3486_twocomp.outgal""]",
NGC3488,https://irsa.ipac.caltech.edu/data/SPITZER/S4G/galaxies/NGC3488/P4/,200,3,3,NGC3488_dbar.outgal,"[""NGC3488_dbar.outgal"", ""NGC3488_onecomp.outgal"", ""NGC3488_twocomp.outgal""]",
NGC3489,https://irsa.ipac.caltech.edu/data/SPITZER/S4G/galaxies/NGC3489/P4/,200,3,3,NGC3489_bdbar.outgal,"[""NGC3489_bdbar.outgal"", ""NGC3489_onecomp.outgal"", ""NGC3489_twocomp.outgal""]",
NGC3504,https://irsa.ipac.caltech.edu/data/SPITZER/S4G/galaxies/NGC3504/P4/,200,3,3,NGC3504_bdbarf.outgal,"[""NGC3504_bdbarf.outgal"", ""NGC3504_onecomp.outgal"", ""NGC3504_twocomp.outgal""]",
NGC3507,https://irsa.ipac.caltech.edu/data/SPITZER/S4G/galaxies/NGC3507/P4/,200,3,3,NGC3507_bdbar.outgal,"[""NGC3507_bdbar.outgal"", ""NGC3507_onecomp.outgal"", ""NGC3507_twocomp.outgal""]",
NGC3512,https://irsa.ipac.caltech.edu/data/SPITZER/S4G/galaxies/NGC3512/P4/,200,3,3,NGC3512_dn.outgal,"[""NGC3512_dn.outgal"", ""NGC3512_onecomp.outgal"", ""NGC3512_twocomp.outgal""]",
NGC3513,https://irsa.ipac.caltech.edu/data/SPITZER/S4G/galaxies/NGC3513/P4/,200,3,3,NGC3513_dbar.outgal,"[""NGC3513_dbar.outgal"", ""NGC3513_onecomp.outgal"", ""NGC3513_twocomp.outgal""]",
NGC3516,https://irsa.ipac.caltech.edu/data/SPITZER/S4G/galaxies/NGC3516/P4/,404,0,0,,[],
NGC3521,https://irsa.ipac.caltech.edu/data/SPITZER/S4G/galaxies/NGC3521/P4/,200,3,3,NGC3521_bdd.outgal,"[""NGC3521_bdd.outgal"", ""NGC3521_onecomp.outgal"", ""NGC3521_twocomp.outgal""]",
NGC3524,https://irsa.ipac.caltech.edu/data/SPITZER/S4G/galaxies/NGC3524/P4/,404,0,0,,[],
NGC3547,https://irsa.ipac.caltech.edu/data/SPITZER/S4G/galaxies/NGC3547/P4/,200,3,3,NGC3547_dbar.outgal,"[""NGC3547_dbar.outgal"", ""NGC3547_onecomp.outgal"", ""NGC3547_twocomp.outgal""]",
NGC3556,https://irsa.ipac.caltech.edu/data/SPITZER/S4G/galaxies/NGC3556/P4/,200,3,3,NGC3556_dbar.outgal,"[""NGC3556_dbar.outgal"", ""NGC3556_onecomp.outgal"", ""NGC3556_twocomp.outgal""]",
NGC3583,https://irsa.ipac.caltech.edu/data/SPITZER/S4G/galaxies/NGC3583/P4/,200,3,3,NGC3583_bdbarf.outgal,"[""NGC3583_bdbarf.outgal"", ""NGC3583_onecomp.outgal"", ""NGC3583_twocomp.outgal""]",
NGC3589,https://irsa.ipac.caltech.edu/data/SPITZER/S4G/galaxies/NGC3589/P4/,200,3,3,NGC3589_d.outgal,"[""NGC3589_d.outgal"", ""NGC3589_onecomp.outgal"", ""NGC3589_twocomp.outgal""]",
NGC3596,https://irsa.ipac.caltech.edu/data/SPITZER/S4G/galaxies/NGC3596/P4/,200,3,3,NGC3596_bd.outgal,"[""NGC3596_bd.outgal"", ""NGC3596_onecomp.outgal"", ""NGC3596_twocomp.outgal""]",
NGC3599,https://irsa.ipac.caltech.edu/data/SPITZER/S4G/galaxies/NGC3599/P4/,200,3,3,NGC3599_bdbar.outgal,"[""NGC3599_bdbar.outgal"", ""NGC3599_onecomp.outgal"", ""NGC3599_twocomp.outgal""]",
NGC3607,https://irsa.ipac.caltech.edu/data/SPITZER/S4G/galaxies/NGC3607/P4/,404,0,0,,[],
NGC3611,https://irsa.ipac.caltech.edu/data/SPITZER/S4G/galaxies/NGC3611/P4/,200,3,3,NGC3611_bd.outgal,"[""NGC3611_bd.outgal"", ""NGC3611_onecomp.outgal"", ""NGC3611_twocomp.outgal""]",
NGC3614,https://irsa.ipac.caltech.edu/data/SPITZER/S4G/galaxies/NGC3614/P4/,200,3,3,NGC3614_dn.outgal,"[""NGC3614_dn.outgal"", ""NGC3614_onecomp.outgal"", ""NGC3614_twocomp.outgal""]",
NGC3622,https://irsa.ipac.caltech.edu/data/SPITZER/S4G/galaxies/NGC3622/P4/,200,3,3,NGC3622_dd.outgal,"[""NGC3622_dd.outgal"", ""NGC3622_onecomp.outgal"", ""NGC3622_twocomp.outgal""]",
NGC3626,https://irsa.ipac.caltech.edu/data/SPITZER/S4G/galaxies/NGC3626/P4/,200,3,3,NGC3626_bdbar.outgal,"[""NGC3626_bdbar.outgal"", ""NGC3626_onecomp.outgal"", ""NGC3626_twocomp.outgal""]",
NGC3627,https://irsa.ipac.caltech.edu/data/SPITZER/S4G/galaxies/NGC3627/P4/,200,3,3,NGC3627_bdbar.outgal,"[""NGC3627_bdbar.outgal"", ""NGC3627_onecomp.outgal"", ""NGC3627_twocomp.outgal""]",
NGC3629,https://irsa.ipac.caltech.edu/data/SPITZER/S4G/galaxies/NGC3629/P4/,200,3,3,NGC3629_bd.outgal,"[""NGC3629_bd.outgal"", ""NGC3629_onecomp.outgal"", ""NGC3629_twocomp.outgal""]",
NGC3631,https://irsa.ipac.caltech.edu/data/SPITZER/S4G/galaxies/NGC3631/P4/,200,3,3,NGC3631_bd.outgal,"[""NGC3631_bd.outgal"", ""NGC3631_onecomp.outgal"", ""NGC3631_twocomp.outgal""]",
NGC3637,https://irsa.ipac.caltech.edu/data/SPITZER/S4G/galaxies/NGC3637/P4/,200,3,3,NGC3637_bdbarfn.outgal,"[""NGC3637_bdbarfn.outgal"", ""NGC3637_onecomp.outgal"", ""NGC3637_twocomp.outgal""]",
NGC3642,https://irsa.ipac.caltech.edu/data/SPITZER/S4G/galaxies/NGC3642/P4/,200,3,3,NGC3642_ddn.outgal,"[""NGC3642_ddn.outgal"", ""NGC3642_onecomp.outgal"", ""NGC3642_twocomp.outgal""]",
NGC3654,https://irsa.ipac.caltech.edu/data/SPITZER/S4G/galaxies/NGC3654/P4/,200,3,3,NGC3654_dbarf.outgal,"[""NGC3654_dbarf.outgal"", ""NGC3654_onecomp.outgal"", ""NGC3654_twocomp.outgal""]",
NGC3655,https://irsa.ipac.caltech.edu/data/SPITZER/S4G/galaxies/NGC3655/P4/,200,3,3,NGC3655_ddn.outgal,"[""NGC3655_ddn.outgal"", ""NGC3655_onecomp.outgal"", ""NGC3655_twocomp.outgal""]",
NGC3656,https://irsa.ipac.caltech.edu/data/SPITZER/S4G/galaxies/NGC3656/P4/,404,0,0,,[],
NGC3658,https://irsa.ipac.caltech.edu/data/SPITZER/S4G/galaxies/NGC3658/P4/,404,0,0,,[],
NGC3659,https://irsa.ipac.caltech.edu/data/SPITZER/S4G/galaxies/NGC3659/P4/,200,3,3,NGC3659_dbarf.outgal,"[""NGC3659_dbarf.outgal"", ""NGC3659_onecomp.outgal"", ""NGC3659_twocomp.outgal""]",
NGC3664,https://irsa.ipac.caltech.edu/data/SPITZER/S4G/galaxies/NGC3664/P4/,200,3,3,NGC3664_dbarf.outgal,"[""NGC3664_dbarf.outgal"", ""NGC3664_onecomp.outgal"", ""NGC3664_twocomp.outgal""]",
NGC3672,https://irsa.ipac.caltech.edu/data/SPITZER/S4G/galaxies/NGC3672/P4/,200,3,3,NGC3672_dn.outgal,"[""NGC3672_dn.outgal"", ""NGC3672_onecomp.outgal"", ""NGC3672_twocomp.outgal""]",
NGC3673,https://irsa.ipac.caltech.edu/data/SPITZER/S4G/galaxies/NGC3673/P4/,200,3,3,NGC3673_bdbarfn.outgal,"[""NGC3673_bdbarfn.outgal"", ""NGC3673_onecomp.outgal"", ""NGC3673_twocomp.outgal""]",
NGC3675,https://irsa.ipac.caltech.edu/data/SPITZER/S4G/galaxies/NGC3675/P4/,200,3,3,NGC3675_ddn.outgal,"[""NGC3675_ddn.outgal"", ""NGC3675_onecomp.outgal"", ""NGC3675_twocomp.outgal""]",
NGC3681,https://irsa.ipac.caltech.edu/data/SPITZER/S4G/galaxies/NGC3681/P4/,200,3,3,NGC3681_bdbar.outgal,"[""NGC3681_bdbar.outgal"", ""NGC3681_onecomp.outgal"", ""NGC3681_twocomp.outgal""]",
NGC3682,https://irsa.ipac.caltech.edu/data/SPITZER/S4G/galaxies/NGC3682/P4/,200,3,3,NGC3682_bd.outgal,"[""NGC3682_bd.outgal"", ""NGC3682_onecomp.outgal"", ""NGC3682_twocomp.outgal""]",
NGC3683,https://irsa.ipac.caltech.edu/data/SPITZER/S4G/galaxies/NGC3683/P4/,200,3,3,NGC3683_ddn.outgal,"[""NGC3683_ddn.outgal"", ""NGC3683_onecomp.outgal"", ""NGC3683_twocomp.outgal""]",
NGC3683A,https://irsa.ipac.caltech.edu/data/SPITZER/S4G/galaxies/NGC3683A/P4/,200,3,3,NGC3683A_dbar.outgal,"[""NGC3683A_dbar.outgal"", ""NGC3683A_onecomp.outgal"", ""NGC3683A_twocomp.outgal""]",
NGC3684,https://irsa.ipac.caltech.edu/data/SPITZER/S4G/galaxies/NGC3684/P4/,200,3,3,NGC3684_bdbar.outgal,"[""NGC3684_bdbar.outgal"", ""NGC3684_onecomp.outgal"", ""NGC3684_twocomp.outgal""]",
NGC3686,https://irsa.ipac.caltech.edu/data/SPITZER/S4G/galaxies/NGC3686/P4/,200,3,3,NGC3686_bdbar.outgal,"[""NGC3686_bdbar.outgal"", ""NGC3686_onecomp.outgal"", ""NGC3686_twocomp.outgal""]",
NGC3689,https://irsa.ipac.caltech.edu/data/SPITZER/S4G/galaxies/NGC3689/P4/,200,3,3,NGC3689_dn.outgal,"[""NGC3689_dn.outgal"", ""NGC3689_onecomp.outgal"", ""NGC3689_twocomp.outgal""]",
NGC3691,https://irsa.ipac.caltech.edu/data/SPITZER/S4G/galaxies/NGC3691/P4/,200,3,3,NGC3691_dbar.outgal,"[""NGC3691_dbar.outgal"", ""NGC3691_onecomp.outgal"", ""NGC3691_twocomp.outgal""]",
NGC3701,https://irsa.ipac.caltech.edu/data/SPITZER/S4G/galaxies/NGC3701/P4/,200,3,3,NGC3701_bd.outgal,"[""NGC3701_bd.outgal"", ""NGC3701_onecomp.outgal"", ""NGC3701_twocomp.outgal""]",
NGC3715,https://irsa.ipac.caltech.edu/data/SPITZER/S4G/galaxies/NGC3715/P4/,200,3,3,NGC3715_dn.outgal,"[""NGC3715_dn.outgal"", ""NGC3715_onecomp.outgal"", ""NGC3715_twocomp.outgal""]",
NGC3718,https://irsa.ipac.caltech.edu/data/SPITZER/S4G/galaxies/NGC3718/P4/,200,3,3,NGC3718_bdd.outgal,"[""NGC3718_bdd.outgal"", ""NGC3718_onecomp.outgal"", ""NGC3718_twocomp.outgal""]",
NGC3726,https://irsa.ipac.caltech.edu/data/SPITZER/S4G/galaxies/NGC3726/P4/,200,3,3,NGC3726_bd.outgal,"[""NGC3726_bd.outgal"", ""NGC3726_onecomp.outgal"", ""NGC3726_twocomp.outgal""]",
NGC3729,https://irsa.ipac.caltech.edu/data/SPITZER/S4G/galaxies/NGC3729/P4/,200,3,3,NGC3729_bdbarf.outgal,"[""NGC3729_bdbarf.outgal"", ""NGC3729_onecomp.outgal"", ""NGC3729_twocomp.outgal""]",
NGC3738,https://irsa.ipac.caltech.edu/data/SPITZER/S4G/galaxies/NGC3738/P4/,200,3,3,NGC3738_dbar.outgal,"[""NGC3738_dbar.outgal"", ""NGC3738_onecomp.outgal"", ""NGC3738_twocomp.outgal""]",
NGC3755,https://irsa.ipac.caltech.edu/data/SPITZER/S4G/galaxies/NGC3755/P4/,200,3,3,NGC3755_ddn.outgal,"[""NGC3755_ddn.outgal"", ""NGC3755_onecomp.outgal"", ""NGC3755_twocomp.outgal""]",
NGC3756,https://irsa.ipac.caltech.edu/data/SPITZER/S4G/galaxies/NGC3756/P4/,200,3,3,NGC3756_bd.outgal,"[""NGC3756_bd.outgal"", ""NGC3756_onecomp.outgal"", ""NGC3756_twocomp.outgal""]",
NGC3757,https://irsa.ipac.caltech.edu/data/SPITZER/S4G/galaxies/NGC3757/P4/,200,3,3,NGC3757_bdbar.outgal,"[""NGC3757_bdbar.outgal"", ""NGC3757_onecomp.outgal"", ""NGC3757_twocomp.outgal""]",
NGC3773,https://irsa.ipac.caltech.edu/data/SPITZER/S4G/galaxies/NGC3773/P4/,200,3,3,NGC3773_bd.outgal,"[""NGC3773_bd.outgal"", ""NGC3773_onecomp.outgal"", ""NGC3773_twocomp.outgal""]",
NGC3779,https://irsa.ipac.caltech.edu/data/SPITZER/S4G/galaxies/NGC3779/P4/,200,3,3,NGC3779_dd.outgal,"[""NGC3779_dd.outgal"", ""NGC3779_onecomp.outgal"", ""NGC3779_twocomp.outgal""]",
NGC3780,https://irsa.ipac.caltech.edu/data/SPITZER/S4G/galaxies/NGC3780/P4/,200,3,3,NGC3780_bd.outgal,"[""NGC3780_bd.outgal"", ""NGC3780_onecomp.outgal"", ""NGC3780_twocomp.outgal""]",
NGC3782,https://irsa.ipac.caltech.edu/data/SPITZER/S4G/galaxies/NGC3782/P4/,200,3,3,NGC3782_dbarf.outgal,"[""NGC3782_dbarf.outgal"", ""NGC3782_onecomp.outgal"", ""NGC3782_twocomp.outgal""]",
NGC3786,https://irsa.ipac.caltech.edu/data/SPITZER/S4G/galaxies/NGC3786/P4/,200,3,3,NGC3786_ddn.outgal,"[""NGC3786_ddn.outgal"", ""NGC3786_onecomp.outgal"", ""NGC3786_twocomp.outgal""]",
NGC3794,https://irsa.ipac.caltech.edu/data/SPITZER/S4G/galaxies/NGC3794/P4/,200,3,3,NGC3794_bd.outgal,"[""NGC3794_bd.outgal"", ""NGC3794_onecomp.outgal"", ""NGC3794_twocomp.outgal""]",
NGC3795A,https://irsa.ipac.caltech.edu/data/SPITZER/S4G/galaxies/NGC3795A/P4/,200,3,3,NGC3795A_dbar.outgal,"[""NGC3795A_dbar.outgal"", ""NGC3795A_onecomp.outgal"", ""NGC3795A_twocomp.outgal""]",
NGC3810,https://irsa.ipac.caltech.edu/data/SPITZER/S4G/galaxies/NGC3810/P4/,200,3,3,NGC3810_bdd.outgal,"[""NGC3810_bdd.outgal"", ""NGC3810_onecomp.outgal"", ""NGC3810_twocomp.outgal""]",
NGC3813,https://irsa.ipac.caltech.edu/data/SPITZER/S4G/galaxies/NGC3813/P4/,200,3,3,NGC3813_dn.outgal,"[""NGC3813_dn.outgal"", ""NGC3813_onecomp.outgal"", ""NGC3813_twocomp.outgal""]",
NGC3846A,https://irsa.ipac.caltech.edu/data/SPITZER/S4G/galaxies/NGC3846A/P4/,200,3,3,NGC3846A_dbar.outgal,"[""NGC3846A_dbar.outgal"", ""NGC3846A_onecomp.outgal"", ""NGC3846A_twocomp.outgal""]",
NGC3850,https://irsa.ipac.caltech.edu/data/SPITZER/S4G/galaxies/NGC3850/P4/,200,3,3,NGC3850_dbar.outgal,"[""NGC3850_dbar.outgal"", ""NGC3850_onecomp.outgal"", ""NGC3850_twocomp.outgal""]",
NGC3870,https://irsa.ipac.caltech.edu/data/SPITZER/S4G/galaxies/NGC3870/P4/,200,3,3,NGC3870_dbar.outgal,"[""NGC3870_dbar.outgal"", ""NGC3870_onecomp.outgal"", ""NGC3870_twocomp.outgal""]",
NGC3876,https://irsa.ipac.caltech.edu/data/SPITZER/S4G/galaxies/NGC3876/P4/,200,3,3,NGC3876_dd.outgal,"[""NGC3876_dd.outgal"", ""NGC3876_onecomp.outgal"", ""NGC3876_twocomp.outgal""]",
NGC3887,https://irsa.ipac.caltech.edu/data/SPITZER/S4G/galaxies/NGC3887/P4/,200,3,3,NGC3887_bdbarf.outgal,"[""NGC3887_bdbarf.outgal"", ""NGC3887_onecomp.outgal"", ""NGC3887_twocomp.outgal""]",
NGC3888,https://irsa.ipac.caltech.edu/data/SPITZER/S4G/galaxies/NGC3888/P4/,200,3,3,NGC3888_bd.outgal,"[""NGC3888_bd.outgal"", ""NGC3888_onecomp.outgal"", ""NGC3888_twocomp.outgal""]",
NGC3892,https://irsa.ipac.caltech.edu/data/SPITZER/S4G/galaxies/NGC3892/P4/,200,3,3,NGC3892_bdbarf.outgal,"[""NGC3892_bdbarf.outgal"", ""NGC3892_onecomp.outgal"", ""NGC3892_twocomp.outgal""]",
NGC3893,https://irsa.ipac.caltech.edu/data/SPITZER/S4G/galaxies/NGC3893/P4/,200,3,3,NGC3893_bd.outgal,"[""NGC3893_bd.outgal"", ""NGC3893_onecomp.outgal"", ""NGC3893_twocomp.outgal""]",
NGC3896,https://irsa.ipac.caltech.edu/data/SPITZER/S4G/galaxies/NGC3896/P4/,200,4,3,NGC3896_dd.outgal,"[""NGC3896_b.outgal"", ""NGC3896_dd.outgal"", ""NGC3896_onecomp.outgal"", ""NGC3896_twocomp.outgal""]",
NGC3898,https://irsa.ipac.caltech.edu/data/SPITZER/S4G/galaxies/NGC3898/P4/,200,3,3,NGC3898_bd.outgal,"[""NGC3898_bd.outgal"", ""NGC3898_onecomp.outgal"", ""NGC3898_twocomp.outgal""]",
NGC3901,https://irsa.ipac.caltech.edu/data/SPITZER/S4G/galaxies/NGC3901/P4/,200,3,3,NGC3901_bd.outgal,"[""NGC3901_bd.outgal"", ""NGC3901_onecomp.outgal"", ""NGC3901_twocomp.outgal""]",
NGC3904,https://irsa.ipac.caltech.edu/data/SPITZER/S4G/galaxies/NGC3904/P4/,200,3,3,NGC3904_b.outgal,"[""NGC3904_b.outgal"", ""NGC3904_onecomp.outgal"", ""NGC3904_twocomp.outgal""]",
NGC3906,https://irsa.ipac.caltech.edu/data/SPITZER/S4G/galaxies/NGC3906/P4/,200,3,3,NGC3906_dbarf.outgal,"[""NGC3906_dbarf.outgal"", ""NGC3906_onecomp.outgal"", ""NGC3906_twocomp.outgal""]",
NGC3912,https://irsa.ipac.caltech.edu/data/SPITZER/S4G/galaxies/NGC3912/P4/,200,3,3,NGC3912_dbar.outgal,"[""NGC3912_dbar.outgal"", ""NGC3912_onecomp.outgal"", ""NGC3912_twocomp.outgal""]",
NGC3913,https://irsa.ipac.caltech.edu/data/SPITZER/S4G/galaxies/NGC3913/P4/,200,3,3,NGC3913_bdd.outgal,"[""NGC3913_bdd.outgal"", ""NGC3913_onecomp.outgal"", ""NGC3913_twocomp.outgal""]",
NGC3928,https://irsa.ipac.caltech.edu/data/SPITZER/S4G/galaxies/NGC3928/P4/,200,3,3,NGC3928_bd.outgal,"[""NGC3928_bd.outgal"", ""NGC3928_onecomp.outgal"", ""NGC3928_twocomp.outgal""]",
NGC3930,https://irsa.ipac.caltech.edu/data/SPITZER/S4G/galaxies/NGC3930/P4/,200,3,3,NGC3930_bdbar.outgal,"[""NGC3930_bdbar.outgal"", ""NGC3930_onecomp.outgal"", ""NGC3930_twocomp.outgal""]",
NGC3938,https://irsa.ipac.caltech.edu/data/SPITZER/S4G/galaxies/NGC3938/P4/,200,3,3,NGC3938_bd.outgal,"[""NGC3938_bd.outgal"", ""NGC3938_onecomp.outgal"", ""NGC3938_twocomp.outgal""]",
NGC3941,https://irsa.ipac.caltech.edu/data/SPITZER/S4G/galaxies/NGC3941/P4/,200,3,3,NGC3941_bdbarn.outgal,"[""NGC3941_bdbarn.outgal"", ""NGC3941_onecomp.outgal"", ""NGC3941_twocomp.outgal""]",
NGC3945,https://irsa.ipac.caltech.edu/data/SPITZER/S4G/galaxies/NGC3945/P4/,404,0,0,,[],
NGC3949,https://irsa.ipac.caltech.edu/data/SPITZER/S4G/galaxies/NGC3949/P4/,200,3,3,NGC3949_bd.outgal,"[""NGC3949_bd.outgal"", ""NGC3949_onecomp.outgal"", ""NGC3949_twocomp.outgal""]",
NGC3953,https://irsa.ipac.caltech.edu/data/SPITZER/S4G/galaxies/NGC3953/P4/,200,3,3,NGC3953_bdbar.outgal,"[""NGC3953_bdbar.outgal"", ""NGC3953_onecomp.outgal"", ""NGC3953_twocomp.outgal""]",
NGC3981,https://irsa.ipac.caltech.edu/data/SPITZER/S4G/galaxies/NGC3981/P4/,200,3,3,NGC3981_dn.outgal,"[""NGC3981_dn.outgal"", ""NGC3981_onecomp.outgal"", ""NGC3981_twocomp.outgal""]",
NGC3982,https://irsa.ipac.caltech.edu/data/SPITZER/S4G/galaxies/NGC3982/P4/,200,3,3,NGC3982_dn.outgal,"[""NGC3982_dn.outgal"", ""NGC3982_onecomp.outgal"", ""NGC3982_twocomp.outgal""]",
NGC3985,https://irsa.ipac.caltech.edu/data/SPITZER/S4G/galaxies/NGC3985/P4/,200,3,3,NGC3985_dbar.outgal,"[""NGC3985_dbar.outgal"", ""NGC3985_onecomp.outgal"", ""NGC3985_twocomp.outgal""]",
NGC3992,https://irsa.ipac.caltech.edu/data/SPITZER/S4G/galaxies/NGC3992/P4/,200,3,3,NGC3992_bdbarfn.outgal,"[""NGC3992_bdbarfn.outgal"", ""NGC3992_onecomp.outgal"", ""NGC3992_twocomp.outgal""]",
NGC3998,https://irsa.ipac.caltech.edu/data/SPITZER/S4G/galaxies/NGC3998/P4/,200,3,3,NGC3998_bdn.outgal,"[""NGC3998_bdn.outgal"", ""NGC3998_onecomp.outgal"", ""NGC3998_twocomp.outgal""]",
NGC4020,https://irsa.ipac.caltech.edu/data/SPITZER/S4G/galaxies/NGC4020/P4/,200,3,3,NGC4020_d.outgal,"[""NGC4020_d.outgal"", ""NGC4020_onecomp.outgal"", ""NGC4020_twocomp.outgal""]",
NGC4024,https://irsa.ipac.caltech.edu/data/SPITZER/S4G/galaxies/NGC4024/P4/,404,0,0,,[],
NGC4027,https://irsa.ipac.caltech.edu/data/SPITZER/S4G/galaxies/NGC4027/P4/,200,3,3,NGC4027_dbarf.outgal,"[""NGC4027_dbarf.outgal"", ""NGC4027_onecomp.outgal"", ""NGC4027_twocomp.outgal""]",
NGC4027A,https://irsa.ipac.caltech.edu/data/SPITZER/S4G/galaxies/NGC4027A/P4/,404,0,0,,[],
NGC4030,https://irsa.ipac.caltech.edu/data/SPITZER/S4G/galaxies/NGC4030/P4/,200,3,3,NGC4030_ddn.outgal,"[""NGC4030_ddn.outgal"", ""NGC4030_onecomp.outgal"", ""NGC4030_twocomp.outgal""]",
NGC4032,https://irsa.ipac.caltech.edu/data/SPITZER/S4G/galaxies/NGC4032/P4/,200,3,3,NGC4032_dd.outgal,"[""NGC4032_dd.outgal"", ""NGC4032_onecomp.outgal"", ""NGC4032_twocomp.outgal""]",
NGC4034,https://irsa.ipac.caltech.edu/data/SPITZER/S4G/galaxies/NGC4034/P4/,200,3,3,NGC4034_dbarn.outgal,"[""NGC4034_dbarn.outgal"", ""NGC4034_onecomp.outgal"", ""NGC4034_twocomp.outgal""]",
NGC4037,https://irsa.ipac.caltech.edu/data/SPITZER/S4G/galaxies/NGC4037/P4/,200,3,3,NGC4037_dbarn.outgal,"[""NGC4037_dbarn.outgal"", ""NGC4037_onecomp.outgal"", ""NGC4037_twocomp.outgal""]",
NGC4038,https://irsa.ipac.caltech.edu/data/SPITZER/S4G/galaxies/NGC4038/P4/,200,2,2,NGC4038_twocomp.outgal,"[""NGC4038_onecomp.outgal"", ""NGC4038_twocomp.outgal""]",
NGC4041,https://irsa.ipac.caltech.edu/data/SPITZER/S4G/galaxies/NGC4041/P4/,200,3,3,NGC4041_ddn.outgal,"[""NGC4041_ddn.outgal"", ""NGC4041_onecomp.outgal"", ""NGC4041_twocomp.outgal""]",
NGC4045,https://irsa.ipac.caltech.edu/data/SPITZER/S4G/galaxies/NGC4045/P4/,200,3,3,NGC4045_bdbar.outgal,"[""NGC4045_bdbar.outgal"", ""NGC4045_onecomp.outgal"", ""NGC4045_twocomp.outgal""]",
NGC4049,https://irsa.ipac.caltech.edu/data/SPITZER/S4G/galaxies/NGC4049/P4/,200,3,3,NGC4049_dd.outgal,"[""NGC4049_dd.outgal"", ""NGC4049_onecomp.outgal"", ""NGC4049_twocomp.outgal""]",
NGC4050,https://irsa.ipac.caltech.edu/data/SPITZER/S4G/galaxies/NGC4050/P4/,200,3,3,NGC4050_bd.outgal,"[""NGC4050_bd.outgal"", ""NGC4050_onecomp.outgal"", ""NGC4050_twocomp.outgal""]",
NGC4051,https://irsa.ipac.caltech.edu/data/SPITZER/S4G/galaxies/NGC4051/P4/,200,3,3,NGC4051_bdbarf.outgal,"[""NGC4051_bdbarf.outgal"", ""NGC4051_onecomp.outgal"", ""NGC4051_twocomp.outgal""]",
NGC4067,https://irsa.ipac.caltech.edu/data/SPITZER/S4G/galaxies/NGC4067/P4/,200,3,3,NGC4067_bdbarf.outgal,"[""NGC4067_bdbarf.outgal"", ""NGC4067_onecomp.outgal"", ""NGC4067_twocomp.outgal""]",
NGC4068,https://irsa.ipac.caltech.edu/data/SPITZER/S4G/galaxies/NGC4068/P4/,200,3,3,NGC4068_d.outgal,"[""NGC4068_d.outgal"", ""NGC4068_onecomp.outgal"", ""NGC4068_twocomp.outgal""]",
NGC4102,https://irsa.ipac.caltech.edu/data/SPITZER/S4G/galaxies/NGC4102/P4/,200,3,3,NGC4102_bdbar.outgal,"[""NGC4102_bdbar.outgal"", ""NGC4102_onecomp.outgal"", ""NGC4102_twocomp.outgal""]",
NGC4106,https://irsa.ipac.caltech.edu/data/SPITZER/S4G/galaxies/NGC4106/P4/,200,2,2,NGC4106_twocomp.outgal,"[""NGC4106_onecomp.outgal"", ""NGC4106_twocomp.outgal""]",
NGC4108,https://irsa.ipac.caltech.edu/data/SPITZER/S4G/galaxies/NGC4108/P4/,200,3,3,NGC4108_dn.outgal,"[""NGC4108_dn.outgal"", ""NGC4108_onecomp.outgal"", ""NGC4108_twocomp.outgal""]",
NGC4108A,https://irsa.ipac.caltech.edu/data/SPITZER/S4G/galaxies/NGC4108A/P4/,404,0,0,,[],
NGC4108B,https://irsa.ipac.caltech.edu/data/SPITZER/S4G/galaxies/NGC4108B/P4/,200,3,3,NGC4108B_d.outgal,"[""NGC4108B_d.outgal"", ""NGC4108B_onecomp.outgal"", ""NGC4108B_twocomp.outgal""]",
NGC4116,https://irsa.ipac.caltech.edu/data/SPITZER/S4G/galaxies/NGC4116/P4/,200,3,3,NGC4116_dbarf.outgal,"[""NGC4116_dbarf.outgal"", ""NGC4116_onecomp.outgal"", ""NGC4116_twocomp.outgal""]",
NGC4119,https://irsa.ipac.caltech.edu/data/SPITZER/S4G/galaxies/NGC4119/P4/,404,0,0,,[],
NGC4123,https://irsa.ipac.caltech.edu/data/SPITZER/S4G/galaxies/NGC4123/P4/,200,3,3,NGC4123_bdbarf.outgal,"[""NGC4123_bdbarf.outgal"", ""NGC4123_onecomp.outgal"", ""NGC4123_twocomp.outgal""]",
NGC4127,https://irsa.ipac.caltech.edu/data/SPITZER/S4G/galaxies/NGC4127/P4/,200,3,3,NGC4127_dn.outgal,"[""NGC4127_dn.outgal"", ""NGC4127_onecomp.outgal"", ""NGC4127_twocomp.outgal""]",
NGC4133,https://irsa.ipac.caltech.edu/data/SPITZER/S4G/galaxies/NGC4133/P4/,200,3,3,NGC4133_bdbar.outgal,"[""NGC4133_bdbar.outgal"", ""NGC4133_onecomp.outgal"", ""NGC4133_twocomp.outgal""]",
NGC4136,https://irsa.ipac.caltech.edu/data/SPITZER/S4G/galaxies/NGC4136/P4/,200,3,3,NGC4136_bdbar.outgal,"[""NGC4136_bdbar.outgal"", ""NGC4136_onecomp.outgal"", ""NGC4136_twocomp.outgal""]",
NGC4138,https://irsa.ipac.caltech.edu/data/SPITZER/S4G/galaxies/NGC4138/P4/,200,3,3,NGC4138_bd.outgal,"[""NGC4138_bd.outgal"", ""NGC4138_onecomp.outgal"", ""NGC4138_twocomp.outgal""]",
NGC4141,https://irsa.ipac.caltech.edu/data/SPITZER/S4G/galaxies/NGC4141/P4/,200,3,3,NGC4141_ddbar.outgal,"[""NGC4141_ddbar.outgal"", ""NGC4141_onecomp.outgal"", ""NGC4141_twocomp.outgal""]",
NGC4142,https://irsa.ipac.caltech.edu/data/SPITZER/S4G/galaxies/NGC4142/P4/,200,3,3,NGC4142_dbar.outgal,"[""NGC4142_dbar.outgal"", ""NGC4142_onecomp.outgal"", ""NGC4142_twocomp.outgal""]",
NGC4143,https://irsa.ipac.caltech.edu/data/SPITZER/S4G/galaxies/NGC4143/P4/,404,0,0,,[],
NGC4145,https://irsa.ipac.caltech.edu/data/SPITZER/S4G/galaxies/NGC4145/P4/,200,3,3,NGC4145_dbar.outgal,"[""NGC4145_dbar.outgal"", ""NGC4145_onecomp.outgal"", ""NGC4145_twocomp.outgal""]",
NGC4151,https://irsa.ipac.caltech.edu/data/SPITZER/S4G/galaxies/NGC4151/P4/,200,3,3,NGC4151_bd.outgal,"[""NGC4151_bd.outgal"", ""NGC4151_onecomp.outgal"", ""NGC4151_twocomp.outgal""]",
NGC4152,https://irsa.ipac.caltech.edu/data/SPITZER/S4G/galaxies/NGC4152/P4/,200,3,3,NGC4152_dbarn.outgal,"[""NGC4152_dbarn.outgal"", ""NGC4152_onecomp.outgal"", ""NGC4152_twocomp.outgal""]",
NGC4158,https://irsa.ipac.caltech.edu/data/SPITZER/S4G/galaxies/NGC4158/P4/,200,3,3,NGC4158_dn.outgal,"[""NGC4158_dn.outgal"", ""NGC4158_onecomp.outgal"", ""NGC4158_twocomp.outgal""]",
NGC4159,https://irsa.ipac.caltech.edu/data/SPITZER/S4G/galaxies/NGC4159/P4/,200,3,3,NGC4159_dbarf.outgal,"[""NGC4159_dbarf.outgal"", ""NGC4159_onecomp.outgal"", ""NGC4159_twocomp.outgal""]",
NGC4162,https://irsa.ipac.caltech.edu/data/SPITZER/S4G/galaxies/NGC4162/P4/,200,3,3,NGC4162_bd.outgal,"[""NGC4162_bd.outgal"", ""NGC4162_onecomp.outgal"", ""NGC4162_twocomp.outgal""]",
NGC4163,https://irsa.ipac.caltech.edu/data/SPITZER/S4G/galaxies/NGC4163/P4/,200,3,3,NGC4163_d.outgal,"[""NGC4163_d.outgal"", ""NGC4163_onecomp.outgal"", ""NGC4163_twocomp.outgal""]",
NGC4165,https://irsa.ipac.caltech.edu/data/SPITZER/S4G/galaxies/NGC4165/P4/,200,3,3,NGC4165_bd.outgal,"[""NGC4165_bd.outgal"", ""NGC4165_onecomp.outgal"", ""NGC4165_twocomp.outgal""]",
NGC4189,https://irsa.ipac.caltech.edu/data/SPITZER/S4G/galaxies/NGC4189/P4/,200,3,3,NGC4189_dbarn.outgal,"[""NGC4189_dbarn.outgal"", ""NGC4189_onecomp.outgal"", ""NGC4189_twocomp.outgal""]",
NGC4190,https://irsa.ipac.caltech.edu/data/SPITZER/S4G/galaxies/NGC4190/P4/,200,3,3,NGC4190_d.outgal,"[""NGC4190_d.outgal"", ""NGC4190_onecomp.outgal"", ""NGC4190_twocomp.outgal""]",
NGC4193,https://irsa.ipac.caltech.edu/data/SPITZER/S4G/galaxies/NGC4193/P4/,200,3,3,NGC4193_dn.outgal,"[""NGC4193_dn.outgal"", ""NGC4193_onecomp.outgal"", ""NGC4193_twocomp.outgal""]",
NGC4194,https://irsa.ipac.caltech.edu/data/SPITZER/S4G/galaxies/NGC4194/P4/,200,2,2,NGC4194_twocomp.outgal,"[""NGC4194_onecomp.outgal"", ""NGC4194_twocomp.outgal""]",
NGC4204,https://irsa.ipac.caltech.edu/data/SPITZER/S4G/galaxies/NGC4204/P4/,200,3,3,NGC4204_dbar.outgal,"[""NGC4204_dbar.outgal"", ""NGC4204_onecomp.outgal"", ""NGC4204_twocomp.outgal""]",
NGC4210,https://irsa.ipac.caltech.edu/data/SPITZER/S4G/galaxies/NGC4210/P4/,200,3,3,NGC4210_dbarfn.outgal,"[""NGC4210_dbarfn.outgal"", ""NGC4210_onecomp.outgal"", ""NGC4210_twocomp.outgal""]",
NGC4212,https://irsa.ipac.caltech.edu/data/SPITZER/S4G/galaxies/NGC4212/P4/,200,3,3,NGC4212_bd.outgal,"[""NGC4212_bd.outgal"", ""NGC4212_onecomp.outgal"", ""NGC4212_twocomp.outgal""]",
NGC4214,https://irsa.ipac.caltech.edu/data/SPITZER/S4G/galaxies/NGC4214/P4/,200,3,3,NGC4214_dbar.outgal,"[""NGC4214_dbar.outgal"", ""NGC4214_onecomp.outgal"", ""NGC4214_twocomp.outgal""]",
NGC4218,https://irsa.ipac.caltech.edu/data/SPITZER/S4G/galaxies/NGC4218/P4/,404,0,0,,[],
NGC4221,https://irsa.ipac.caltech.edu/data/SPITZER/S4G/galaxies/NGC4221/P4/,404,0,0,,[],
NGC4234,https://irsa.ipac.caltech.edu/data/SPITZER/S4G/galaxies/NGC4234/P4/,200,3,3,NGC4234_dbarf.outgal,"[""NGC4234_dbarf.outgal"", ""NGC4234_onecomp.outgal"", ""NGC4234_twocomp.outgal""]",
NGC4237,https://irsa.ipac.caltech.edu/data/SPITZER/S4G/galaxies/NGC4237/P4/,200,3,3,NGC4237_bd.outgal,"[""NGC4237_bd.outgal"", ""NGC4237_onecomp.outgal"", ""NGC4237_twocomp.outgal""]",
NGC4240,https://irsa.ipac.caltech.edu/data/SPITZER/S4G/galaxies/NGC4240/P4/,404,0,0,,[],
NGC4242,https://irsa.ipac.caltech.edu/data/SPITZER/S4G/galaxies/NGC4242/P4/,200,3,3,NGC4242_d.outgal,"[""NGC4242_d.outgal"", ""NGC4242_onecomp.outgal"", ""NGC4242_twocomp.outgal""]",
NGC4244,https://irsa.ipac.caltech.edu/data/SPITZER/S4G/galaxies/NGC4244/P4/,200,3,3,NGC4244_z.outgal,"[""NGC4244_onecomp.outgal"", ""NGC4244_twocomp.outgal"", ""NGC4244_z.outgal""]",
NGC4245,https://irsa.ipac.caltech.edu/data/SPITZER/S4G/galaxies/NGC4245/P4/,200,3,3,NGC4245_bdbarf.outgal,"[""NGC4245_bdbarf.outgal"", ""NGC4245_onecomp.outgal"", ""NGC4245_twocomp.outgal""]",
NGC4254,https://irsa.ipac.caltech.edu/data/SPITZER/S4G/galaxies/NGC4254/P4/,200,3,3,NGC4254_bdd.outgal,"[""NGC4254_bdd.outgal"", ""NGC4254_onecomp.outgal"", ""NGC4254_twocomp.outgal""]",
NGC4258,https://irsa.ipac.caltech.edu/data/SPITZER/S4G/galaxies/NGC4258/P4/,200,2,2,NGC4258_twocomp.outgal,"[""NGC4258_onecomp.outgal"", ""NGC4258_twocomp.outgal""]",
NGC4262,https://irsa.ipac.caltech.edu/data/SPITZER/S4G/galaxies/NGC4262/P4/,200,3,3,NGC4262_bdbarf.outgal,"[""NGC4262_bdbarf.outgal"", ""NGC4262_onecomp.outgal"", ""NGC4262_twocomp.outgal""]",
NGC4267,https://irsa.ipac.caltech.edu/data/SPITZER/S4G/galaxies/NGC4267/P4/,200,3,3,NGC4267_bdbar.outgal,"[""NGC4267_bdbar.outgal"", ""NGC4267_onecomp.outgal"", ""NGC4267_twocomp.outgal""]",
NGC4269,https://irsa.ipac.caltech.edu/data/SPITZER/S4G/galaxies/NGC4269/P4/,404,0,0,,[],
NGC4273,https://irsa.ipac.caltech.edu/data/SPITZER/S4G/galaxies/NGC4273/P4/,200,3,3,NGC4273_dbarn.outgal,"[""NGC4273_dbarn.outgal"", ""NGC4273_onecomp.outgal"", ""NGC4273_twocomp.outgal""]",
NGC4274,https://irsa.ipac.caltech.edu/data/SPITZER/S4G/galaxies/NGC4274/P4/,200,3,3,NGC4274_bdbarf.outgal,"[""NGC4274_bdbarf.outgal"", ""NGC4274_onecomp.outgal"", ""NGC4274_twocomp.outgal""]",
NGC4276,https://irsa.ipac.caltech.edu/data/SPITZER/S4G/galaxies/NGC4276/P4/,200,3,3,NGC4276_dbar.outgal,"[""NGC4276_dbar.outgal"", ""NGC4276_onecomp.outgal"", ""NGC4276_twocomp.outgal""]",
NGC4288,https://irsa.ipac.caltech.edu/data/SPITZER/S4G/galaxies/NGC4288/P4/,200,3,3,NGC4288_dbarf.outgal,"[""NGC4288_dbarf.outgal"", ""NGC4288_onecomp.outgal"", ""NGC4288_twocomp.outgal""]",
NGC4292,https://irsa.ipac.caltech.edu/data/SPITZER/S4G/galaxies/NGC4292/P4/,404,0,0,,[],
NGC4293,https://irsa.ipac.caltech.edu/data/SPITZER/S4G/galaxies/NGC4293/P4/,200,3,3,NGC4293_bdbarfn.outgal,"[""NGC4293_bdbarfn.outgal"", ""NGC4293_onecomp.outgal"", ""NGC4293_twocomp.outgal""]",
NGC4298,https://irsa.ipac.caltech.edu/data/SPITZER/S4G/galaxies/NGC4298/P4/,200,3,3,NGC4298_bd.outgal,"[""NGC4298_bd.outgal"", ""NGC4298_onecomp.outgal"", ""NGC4298_twocomp.outgal""]",
NGC4299,https://irsa.ipac.caltech.edu/data/SPITZER/S4G/galaxies/NGC4299/P4/,200,3,3,NGC4299_d.outgal,"[""NGC4299_d.outgal"", ""NGC4299_onecomp.outgal"", ""NGC4299_twocomp.outgal""]",
NGC4300,https://irsa.ipac.caltech.edu/data/SPITZER/S4G/galaxies/NGC4300/P4/,404,0,0,,[],
NGC4303,https://irsa.ipac.caltech.edu/data/SPITZER/S4G/galaxies/NGC4303/P4/,200,3,3,NGC4303_bd.outgal,"[""NGC4303_bd.outgal"", ""NGC4303_onecomp.outgal"", ""NGC4303_twocomp.outgal""]",
NGC4303A,https://irsa.ipac.caltech.edu/data/SPITZER/S4G/galaxies/NGC4303A/P4/,200,3,3,NGC4303A_dbar.outgal,"[""NGC4303A_dbar.outgal"", ""NGC4303A_onecomp.outgal"", ""NGC4303A_twocomp.outgal""]",
NGC4305,https://irsa.ipac.caltech.edu/data/SPITZER/S4G/galaxies/NGC4305/P4/,404,0,0,,[],
NGC4314,https://irsa.ipac.caltech.edu/data/SPITZER/S4G/galaxies/NGC4314/P4/,200,3,3,NGC4314_bdbarfn.outgal,"[""NGC4314_bdbarfn.outgal"", ""NGC4314_onecomp.outgal"", ""NGC4314_twocomp.outgal""]",
NGC4321,https://irsa.ipac.caltech.edu/data/SPITZER/S4G/galaxies/NGC4321/P4/,200,3,3,NGC4321_bd.outgal,"[""NGC4321_bd.outgal"", ""NGC4321_onecomp.outgal"", ""NGC4321_twocomp.outgal""]",
NGC4322,https://irsa.ipac.caltech.edu/data/SPITZER/S4G/galaxies/NGC4322/P4/,404,0,0,,[],
NGC4328,https://irsa.ipac.caltech.edu/data/SPITZER/S4G/galaxies/NGC4328/P4/,404,0,0,,[],
NGC4332,https://irsa.ipac.caltech.edu/data/SPITZER/S4G/galaxies/NGC4332/P4/,404,0,0,,[],
NGC4336,https://irsa.ipac.caltech.edu/data/SPITZER/S4G/galaxies/NGC4336/P4/,200,3,3,NGC4336_dbar.outgal,"[""NGC4336_dbar.outgal"", ""NGC4336_onecomp.outgal"", ""NGC4336_twocomp.outgal""]",
NGC4340,https://irsa.ipac.caltech.edu/data/SPITZER/S4G/galaxies/NGC4340/P4/,404,0,0,,[],
NGC4343,https://irsa.ipac.caltech.edu/data/SPITZER/S4G/galaxies/NGC4343/P4/,200,3,3,NGC4343_bd.outgal,"[""NGC4343_bd.outgal"", ""NGC4343_onecomp.outgal"", ""NGC4343_twocomp.outgal""]",
NGC4344,https://irsa.ipac.caltech.edu/data/SPITZER/S4G/galaxies/NGC4344/P4/,200,3,3,NGC4344_d.outgal,"[""NGC4344_d.outgal"", ""NGC4344_onecomp.outgal"", ""NGC4344_twocomp.outgal""]",
NGC4351,https://irsa.ipac.caltech.edu/data/SPITZER/S4G/galaxies/NGC4351/P4/,200,3,3,NGC4351_ddbar.outgal,"[""NGC4351_ddbar.outgal"", ""NGC4351_onecomp.outgal"", ""NGC4351_twocomp.outgal""]",
NGC4353,https://irsa.ipac.caltech.edu/data/SPITZER/S4G/galaxies/NGC4353/P4/,200,3,3,NGC4353_d.outgal,"[""NGC4353_d.outgal"", ""NGC4353_onecomp.outgal"", ""NGC4353_twocomp.outgal""]",
NGC4355,https://irsa.ipac.caltech.edu/data/SPITZER/S4G/galaxies/NGC4355/P4/,200,3,3,NGC4355_bdbar.outgal,"[""NGC4355_bdbar.outgal"", ""NGC4355_onecomp.outgal"", ""NGC4355_twocomp.outgal""]",
NGC4359,https://irsa.ipac.caltech.edu/data/SPITZER/S4G/galaxies/NGC4359/P4/,200,3,3,NGC4359_zz.outgal,"[""NGC4359_onecomp.outgal"", ""NGC4359_twocomp.outgal"", ""NGC4359_zz.outgal""]",
NGC4369,https://irsa.ipac.caltech.edu/data/SPITZER/S4G/galaxies/NGC4369/P4/,200,3,3,NGC4369_dbar.outgal,"[""NGC4369_dbar.outgal"", ""NGC4369_onecomp.outgal"", ""NGC4369_twocomp.outgal""]",
NGC4370,https://irsa.ipac.caltech.edu/data/SPITZER/S4G/galaxies/NGC4370/P4/,200,3,3,NGC4370_dbar.outgal,"[""NGC4370_dbar.outgal"", ""NGC4370_onecomp.outgal"", ""NGC4370_twocomp.outgal""]",
NGC4376,https://irsa.ipac.caltech.edu/data/SPITZER/S4G/galaxies/NGC4376/P4/,200,3,3,NGC4376_d.outgal,"[""NGC4376_d.outgal"", ""NGC4376_onecomp.outgal"", ""NGC4376_twocomp.outgal""]",
NGC4377,https://irsa.ipac.caltech.edu/data/SPITZER/S4G/galaxies/NGC4377/P4/,404,0,0,,[],
NGC4378,https://irsa.ipac.caltech.edu/data/SPITZER/S4G/galaxies/NGC4378/P4/,200,3,3,NGC4378_bdd.outgal,"[""NGC4378_bdd.outgal"", ""NGC4378_onecomp.outgal"", ""NGC4378_twocomp.outgal""]",
NGC4379,https://irsa.ipac.caltech.edu/data/SPITZER/S4G/galaxies/NGC4379/P4/,404,0,0,,[],
NGC4380,https://irsa.ipac.caltech.edu/data/SPITZER/S4G/galaxies/NGC4380/P4/,200,3,3,NGC4380_bd.outgal,"[""NGC4380_bd.outgal"", ""NGC4380_onecomp.outgal"", ""NGC4380_twocomp.outgal""]",
NGC4382,https://irsa.ipac.caltech.edu/data/SPITZER/S4G/galaxies/NGC4382/P4/,404,0,0,,[],
NGC4384,https://irsa.ipac.caltech.edu/data/SPITZER/S4G/galaxies/NGC4384/P4/,200,3,3,NGC4384_dbar.outgal,"[""NGC4384_dbar.outgal"", ""NGC4384_onecomp.outgal"", ""NGC4384_twocomp.outgal""]",
NGC4385,https://irsa.ipac.caltech.edu/data/SPITZER/S4G/galaxies/NGC4385/P4/,200,3,3,NGC4385_dbarfn.outgal,"[""NGC4385_dbarfn.outgal"", ""NGC4385_onecomp.outgal"", ""NGC4385_twocomp.outgal""]",
NGC4386,https://irsa.ipac.caltech.edu/data/SPITZER/S4G/galaxies/NGC4386/P4/,404,0,0,,[],
NGC4389,https://irsa.ipac.caltech.edu/data/SPITZER/S4G/galaxies/NGC4389/P4/,200,3,3,NGC4389_dbarf.outgal,"[""NGC4389_dbarf.outgal"", ""NGC4389_onecomp.outgal"", ""NGC4389_twocomp.outgal""]",
NGC4390,https://irsa.ipac.caltech.edu/data/SPITZER/S4G/galaxies/NGC4390/P4/,200,3,3,NGC4390_dbarfn.outgal,"[""NGC4390_dbarfn.outgal"", ""NGC4390_onecomp.outgal"", ""NGC4390_twocomp.outgal""]",
NGC4391,https://irsa.ipac.caltech.edu/data/SPITZER/S4G/galaxies/NGC4391/P4/,404,0,0,,[],
NGC4393,https://irsa.ipac.caltech.edu/data/SPITZER/S4G/galaxies/NGC4393/P4/,200,3,3,NGC4393_d.outgal,"[""NGC4393_d.outgal"", ""NGC4393_onecomp.outgal"", ""NGC4393_twocomp.outgal""]",
NGC4394,https://irsa.ipac.caltech.edu/data/SPITZER/S4G/galaxies/NGC4394/P4/,200,3,3,NGC4394_bdbarf.outgal,"[""NGC4394_bdbarf.outgal"", ""NGC4394_onecomp.outgal"", ""NGC4394_twocomp.outgal""]",
NGC4405,https://irsa.ipac.caltech.edu/data/SPITZER/S4G/galaxies/NGC4405/P4/,200,3,3,NGC4405_dbarfn.outgal,"[""NGC4405_dbarfn.outgal"", ""NGC4405_onecomp.outgal"", ""NGC4405_twocomp.outgal""]",
NGC4409,https://irsa.ipac.caltech.edu/data/SPITZER/S4G/galaxies/NGC4409/P4/,200,3,3,NGC4409_ddbar.outgal,"[""NGC4409_ddbar.outgal"", ""NGC4409_onecomp.outgal"", ""NGC4409_twocomp.outgal""]",
NGC4411A,https://irsa.ipac.caltech.edu/data/SPITZER/S4G/galaxies/NGC4411A/P4/,200,3,3,NGC4411A_dbar.outgal,"[""NGC4411A_dbar.outgal"", ""NGC4411A_onecomp.outgal"", ""NGC4411A_twocomp.outgal""]",
NGC4411B,https://irsa.ipac.caltech.edu/data/SPITZER/S4G/galaxies/NGC4411B/P4/,200,3,3,NGC4411B_dn.outgal,"[""NGC4411B_dn.outgal"", ""NGC4411B_onecomp.outgal"", ""NGC4411B_twocomp.outgal""]",
NGC4412,https://irsa.ipac.caltech.edu/data/SPITZER/S4G/galaxies/NGC4412/P4/,200,3,3,NGC4412_dbarfn.outgal,"[""NGC4412_dbarfn.outgal"", ""NGC4412_onecomp.outgal"", ""NGC4412_twocomp.outgal""]",
NGC4413,https://irsa.ipac.caltech.edu/data/SPITZER/S4G/galaxies/NGC4413/P4/,200,3,3,NGC4413_dbarn.outgal,"[""NGC4413_dbarn.outgal"", ""NGC4413_onecomp.outgal"", ""NGC4413_twocomp.outgal""]",
NGC4414,https://irsa.ipac.caltech.edu/data/SPITZER/S4G/galaxies/NGC4414/P4/,200,3,3,NGC4414_dn.outgal,"[""NGC4414_dn.outgal"", ""NGC4414_onecomp.outgal"", ""NGC4414_twocomp.outgal""]",
NGC4416,https://irsa.ipac.caltech.edu/data/SPITZER/S4G/galaxies/NGC4416/P4/,200,3,3,NGC4416_dbar.outgal,"[""NGC4416_dbar.outgal"", ""NGC4416_onecomp.outgal"", ""NGC4416_twocomp.outgal""]",
NGC4421,https://irsa.ipac.caltech.edu/data/SPITZER/S4G/galaxies/NGC4421/P4/,404,0,0,,[],
NGC4424,https://irsa.ipac.caltech.edu/data/SPITZER/S4G/galaxies/NGC4424/P4/,200,3,3,NGC4424_dbar.outgal,"[""NGC4424_dbar.outgal"", ""NGC4424_onecomp.outgal"", ""NGC4424_twocomp.outgal""]",
NGC4428,https://irsa.ipac.caltech.edu/data/SPITZER/S4G/galaxies/NGC4428/P4/,200,3,3,NGC4428_dn.outgal,"[""NGC4428_dn.outgal"", ""NGC4428_onecomp.outgal"", ""NGC4428_twocomp.outgal""]",
NGC4430,https://irsa.ipac.caltech.edu/data/SPITZER/S4G/galaxies/NGC4430/P4/,200,3,3,NGC4430_dbarfn.outgal,"[""NGC4430_dbarfn.outgal"", ""NGC4430_onecomp.outgal"", ""NGC4430_twocomp.outgal""]",
NGC4431,https://irsa.ipac.caltech.edu/data/SPITZER/S4G/galaxies/NGC4431/P4/,404,0,0,,[],
NGC4433,https://irsa.ipac.caltech.edu/data/SPITZER/S4G/galaxies/NGC4433/P4/,404,0,0,,[],
NGC4435,https://irsa.ipac.caltech.edu/data/SPITZER/S4G/galaxies/NGC4435/P4/,404,0,0,,[],
NGC4440,https://irsa.ipac.caltech.edu/data/SPITZER/S4G/galaxies/NGC4440/P4/,404,0,0,,[],
NGC4441,https://irsa.ipac.caltech.edu/data/SPITZER/S4G/galaxies/NGC4441/P4/,404,0,0,,[],
NGC4448,https://irsa.ipac.caltech.edu/data/SPITZER/S4G/galaxies/NGC4448/P4/,200,3,3,NGC4448_bdbarf.outgal,"[""NGC4448_bdbarf.outgal"", ""NGC4448_onecomp.outgal"", ""NGC4448_twocomp.outgal""]",
NGC4449,https://irsa.ipac.caltech.edu/data/SPITZER/S4G/galaxies/NGC4449/P4/,200,3,3,NGC4449_dbarn.outgal,"[""NGC4449_dbarn.outgal"", ""NGC4449_onecomp.outgal"", ""NGC4449_twocomp.outgal""]",
NGC4450,https://irsa.ipac.caltech.edu/data/SPITZER/S4G/galaxies/NGC4450/P4/,200,3,3,NGC4450_bdbarfn.outgal,"[""NGC4450_bdbarfn.outgal"", ""NGC4450_onecomp.outgal"", ""NGC4450_twocomp.outgal""]",
NGC4451,https://irsa.ipac.caltech.edu/data/SPITZER/S4G/galaxies/NGC4451/P4/,200,3,3,NGC4451_ddn.outgal,"[""NGC4451_ddn.outgal"", ""NGC4451_onecomp.outgal"", ""NGC4451_twocomp.outgal""]",
NGC4454,https://irsa.ipac.caltech.edu/data/SPITZER/S4G/galaxies/NGC4454/P4/,200,3,3,NGC4454_bdbarfn.outgal,"[""NGC4454_bdbarfn.outgal"", ""NGC4454_onecomp.outgal"", ""NGC4454_twocomp.outgal""]",
NGC4457,https://irsa.ipac.caltech.edu/data/SPITZER/S4G/galaxies/NGC4457/P4/,200,3,3,NGC4457_bdbar.outgal,"[""NGC4457_bdbar.outgal"", ""NGC4457_onecomp.outgal"", ""NGC4457_twocomp.outgal""]",
NGC4470,https://irsa.ipac.caltech.edu/data/SPITZER/S4G/galaxies/NGC4470/P4/,200,3,3,NGC4470_dd.outgal,"[""NGC4470_dd.outgal"", ""NGC4470_onecomp.outgal"", ""NGC4470_twocomp.outgal""]",
NGC4474,https://irsa.ipac.caltech.edu/data/SPITZER/S4G/galaxies/NGC4474/P4/,404,0,0,,[],
NGC4477,https://irsa.ipac.caltech.edu/data/SPITZER/S4G/galaxies/NGC4477/P4/,404,0,0,,[],
NGC4479,https://irsa.ipac.caltech.edu/data/SPITZER/S4G/galaxies/NGC4479/P4/,404,0,0,,[],
NGC4480,https://irsa.ipac.caltech.edu/data/SPITZER/S4G/galaxies/NGC4480/P4/,200,3,3,NGC4480_bd.outgal,"[""NGC4480_bd.outgal"", ""NGC4480_onecomp.outgal"", ""NGC4480_twocomp.outgal""]",
NGC4481,https://irsa.ipac.caltech.edu/data/SPITZER/S4G/galaxies/NGC4481/P4/,404,0,0,,[],
NGC4485,https://irsa.ipac.caltech.edu/data/SPITZER/S4G/galaxies/NGC4485/P4/,200,3,3,NGC4485_d.outgal,"[""NGC4485_d.outgal"", ""NGC4485_onecomp.outgal"", ""NGC4485_twocomp.outgal""]",
NGC4487,https://irsa.ipac.caltech.edu/data/SPITZER/S4G/galaxies/NGC4487/P4/,200,3,3,NGC4487_dbar.outgal,"[""NGC4487_dbar.outgal"", ""NGC4487_onecomp.outgal"", ""NGC4487_twocomp.outgal""]",
NGC4489,https://irsa.ipac.caltech.edu/data/SPITZER/S4G/galaxies/NGC4489/P4/,200,3,3,NGC4489_bd.outgal,"[""NGC4489_bd.outgal"", ""NGC4489_onecomp.outgal"", ""NGC4489_twocomp.outgal""]",
NGC4491,https://irsa.ipac.caltech.edu/data/SPITZER/S4G/galaxies/NGC4491/P4/,200,3,3,NGC4491_bdbarf.outgal,"[""NGC4491_bdbarf.outgal"", ""NGC4491_onecomp.outgal"", ""NGC4491_twocomp.outgal""]",
NGC4496A,https://irsa.ipac.caltech.edu/data/SPITZER/S4G/galaxies/NGC4496A/P4/,200,3,3,NGC4496A_dbar.outgal,"[""NGC4496A_dbar.outgal"", ""NGC4496A_onecomp.outgal"", ""NGC4496A_twocomp.outgal""]",
NGC4498,https://irsa.ipac.caltech.edu/data/SPITZER/S4G/galaxies/NGC4498/P4/,200,3,3,NGC4498_dbarf.outgal,"[""NGC4498_dbarf.outgal"", ""NGC4498_onecomp.outgal"", ""NGC4498_twocomp.outgal""]",
NGC4500,https://irsa.ipac.caltech.edu/data/SPITZER/S4G/galaxies/NGC4500/P4/,404,0,0,,[],
NGC4501,https://irsa.ipac.caltech.edu/data/SPITZER/S4G/galaxies/NGC4501/P4/,200,3,3,NGC4501_bd.outgal,"[""NGC4501_bd.outgal"", ""NGC4501_onecomp.outgal"", ""NGC4501_twocomp.outgal""]",
NGC4502,https://irsa.ipac.caltech.edu/data/SPITZER/S4G/galaxies/NGC4502/P4/,200,3,3,NGC4502_dbarf.outgal,"[""NGC4502_dbarf.outgal"", ""NGC4502_onecomp.outgal"", ""NGC4502_twocomp.outgal""]",
NGC4504,https://irsa.ipac.caltech.edu/data/SPITZER/S4G/galaxies/NGC4504/P4/,200,3,3,NGC4504_dbarn.outgal,"[""NGC4504_dbarn.outgal"", ""NGC4504_onecomp.outgal"", ""NGC4504_twocomp.outgal""]",
NGC4506,https://irsa.ipac.caltech.edu/data/SPITZER/S4G/galaxies/NGC4506/P4/,200,3,3,NGC4506_ddn.outgal,"[""NGC4506_ddn.outgal"", ""NGC4506_onecomp.outgal"", ""NGC4506_twocomp.outgal""]",
NGC4516,https://irsa.ipac.caltech.edu/data/SPITZER/S4G/galaxies/NGC4516/P4/,404,0,0,,[],
NGC4519,https://irsa.ipac.caltech.edu/data/SPITZER/S4G/galaxies/NGC4519/P4/,200,3,3,NGC4519_dbarf.outgal,"[""NGC4519_dbarf.outgal"", ""NGC4519_onecomp.outgal"", ""NGC4519_twocomp.outgal""]",
NGC4523,https://irsa.ipac.caltech.edu/data/SPITZER/S4G/galaxies/NGC4523/P4/,200,3,3,NGC4523_dbar.outgal,"[""NGC4523_dbar.outgal"", ""NGC4523_onecomp.outgal"", ""NGC4523_twocomp.outgal""]",
NGC4525,https://irsa.ipac.caltech.edu/data/SPITZER/S4G/galaxies/NGC4525/P4/,200,3,3,NGC4525_dbarnf.outgal,"[""NGC4525_dbarnf.outgal"", ""NGC4525_onecomp.outgal"", ""NGC4525_twocomp.outgal""]",
NGC4531,https://irsa.ipac.caltech.edu/data/SPITZER/S4G/galaxies/NGC4531/P4/,200,3,3,NGC4531_ddn.outgal,"[""NGC4531_ddn.outgal"", ""NGC4531_onecomp.outgal"", ""NGC4531_twocomp.outgal""]",
NGC4534,https://irsa.ipac.caltech.edu/data/SPITZER/S4G/galaxies/NGC4534/P4/,200,3,3,NGC4534_dd.outgal,"[""NGC4534_dd.outgal"", ""NGC4534_onecomp.outgal"", ""NGC4534_twocomp.outgal""]",
NGC4535,https://irsa.ipac.caltech.edu/data/SPITZER/S4G/galaxies/NGC4535/P4/,200,3,3,NGC4535_bdbarf.outgal,"[""NGC4535_bdbarf.outgal"", ""NGC4535_onecomp.outgal"", ""NGC4535_twocomp.outgal""]",
NGC4540,https://irsa.ipac.caltech.edu/data/SPITZER/S4G/galaxies/NGC4540/P4/,200,3,3,NGC4540_dbarfn.outgal,"[""NGC4540_dbarfn.outgal"", ""NGC4540_onecomp.outgal"", ""NGC4540_twocomp.outgal""]",
NGC4545,https://irsa.ipac.caltech.edu/data/SPITZER/S4G/galaxies/NGC4545/P4/,200,3,3,NGC4545_dn.outgal,"[""NGC4545_dn.outgal"", ""NGC4545_onecomp.outgal"", ""NGC4545_twocomp.outgal""]",
NGC4548,https://irsa.ipac.caltech.edu/data/SPITZER/S4G/galaxies/NGC4548/P4/,200,3,3,NGC4548_bdbarf.outgal,"[""NGC4548_bdbarf.outgal"", ""NGC4548_onecomp.outgal"", ""NGC4548_twocomp.outgal""]",
NGC4559,https://irsa.ipac.caltech.edu/data/SPITZER/S4G/galaxies/NGC4559/P4/,200,3,3,NGC4559_ndbar.outgal,"[""NGC4559_ndbar.outgal"", ""NGC4559_onecomp.outgal"", ""NGC4559_twocomp.outgal""]",
NGC4561,https://irsa.ipac.caltech.edu/data/SPITZER/S4G/galaxies/NGC4561/P4/,200,3,3,NGC4561_dbar.outgal,"[""NGC4561_dbar.outgal"", ""NGC4561_onecomp.outgal"", ""NGC4561_twocomp.outgal""]",
NGC4567,https://irsa.ipac.caltech.edu/data/SPITZER/S4G/galaxies/NGC4567/P4/,200,2,2,NGC4567_twocomp.outgal,"[""NGC4567_onecomp.outgal"", ""NGC4567_twocomp.outgal""]",
NGC4568,https://irsa.ipac.caltech.edu/data/SPITZER/S4G/galaxies/NGC4568/P4/,200,3,3,NGC4568_dn.outgal,"[""NGC4568_dn.outgal"", ""NGC4568_onecomp.outgal"", ""NGC4568_twocomp.outgal""]",
NGC4571,https://irsa.ipac.caltech.edu/data/SPITZER/S4G/galaxies/NGC4571/P4/,200,3,3,NGC4571_ddn.outgal,"[""NGC4571_ddn.outgal"", ""NGC4571_onecomp.outgal"", ""NGC4571_twocomp.outgal""]",
NGC4579,https://irsa.ipac.caltech.edu/data/SPITZER/S4G/galaxies/NGC4579/P4/,200,3,3,NGC4579_bdbarf.outgal,"[""NGC4579_bdbarf.outgal"", ""NGC4579_onecomp.outgal"", ""NGC4579_twocomp.outgal""]",
NGC4580,https://irsa.ipac.caltech.edu/data/SPITZER/S4G/galaxies/NGC4580/P4/,200,3,3,NGC4580_bd.outgal,"[""NGC4580_bd.outgal"", ""NGC4580_onecomp.outgal"", ""NGC4580_twocomp.outgal""]",
NGC4584,https://irsa.ipac.caltech.edu/data/SPITZER/S4G/galaxies/NGC4584/P4/,200,3,3,NGC4584_dbar.outgal,"[""NGC4584_dbar.outgal"", ""NGC4584_onecomp.outgal"", ""NGC4584_twocomp.outgal""]",
NGC4587,https://irsa.ipac.caltech.edu/data/SPITZER/S4G/galaxies/NGC4587/P4/,404,0,0,,[],
NGC4591,https://irsa.ipac.caltech.edu/data/SPITZER/S4G/galaxies/NGC4591/P4/,200,3,3,NGC4591_dbarfn.outgal,"[""NGC4591_dbarfn.outgal"", ""NGC4591_onecomp.outgal"", ""NGC4591_twocomp.outgal""]",
NGC4593,https://irsa.ipac.caltech.edu/data/SPITZER/S4G/galaxies/NGC4593/P4/,200,3,3,NGC4593_bdbarfn.outgal,"[""NGC4593_bdbarfn.outgal"", ""NGC4593_onecomp.outgal"", ""NGC4593_twocomp.outgal""]",
NGC4594,https://irsa.ipac.caltech.edu/data/SPITZER/S4G/galaxies/NGC4594/P4/,200,3,3,NGC4594_bz.outgal,"[""NGC4594_bz.outgal"", ""NGC4594_onecomp.outgal"", ""NGC4594_twocomp.outgal""]",
NGC4595,https://irsa.ipac.caltech.edu/data/SPITZER/S4G/galaxies/NGC4595/P4/,200,3,3,NGC4595_dbar.outgal,"[""NGC4595_dbar.outgal"", ""NGC4595_onecomp.outgal"", ""NGC4595_twocomp.outgal""]",
NGC4596,https://irsa.ipac.caltech.edu/data/SPITZER/S4G/galaxies/NGC4596/P4/,200,3,3,NGC4596_bdbarf.outgal,"[""NGC4596_bdbarf.outgal"", ""NGC4596_onecomp.outgal"", ""NGC4596_twocomp.outgal""]",
NGC4598,https://irsa.ipac.caltech.edu/data/SPITZER/S4G/galaxies/NGC4598/P4/,404,0,0,,[],
NGC4600,https://irsa.ipac.caltech.edu/data/SPITZER/S4G/galaxies/NGC4600/P4/,404,0,0,,[],
NGC4602,https://irsa.ipac.caltech.edu/data/SPITZER/S4G/galaxies/NGC4602/P4/,200,3,3,NGC4602_bd.outgal,"[""NGC4602_bd.outgal"", ""NGC4602_onecomp.outgal"", ""NGC4602_twocomp.outgal""]",
NGC4606,https://irsa.ipac.caltech.edu/data/SPITZER/S4G/galaxies/NGC4606/P4/,200,3,3,NGC4606_bdbar.outgal,"[""NGC4606_bdbar.outgal"", ""NGC4606_onecomp.outgal"", ""NGC4606_twocomp.outgal""]",
NGC4608,https://irsa.ipac.caltech.edu/data/SPITZER/S4G/galaxies/NGC4608/P4/,404,0,0,,[],
NGC4612,https://irsa.ipac.caltech.edu/data/SPITZER/S4G/galaxies/NGC4612/P4/,404,0,0,,[],
NGC4618,https://irsa.ipac.caltech.edu/data/SPITZER/S4G/galaxies/NGC4618/P4/,200,3,3,NGC4618_dbar.outgal,"[""NGC4618_dbar.outgal"", ""NGC4618_onecomp.outgal"", ""NGC4618_twocomp.outgal""]",
NGC4620,https://irsa.ipac.caltech.edu/data/SPITZER/S4G/galaxies/NGC4620/P4/,404,0,0,,[],
NGC4624,https://irsa.ipac.caltech.edu/data/SPITZER/S4G/galaxies/NGC4624/P4/,404,0,0,,[],
NGC4625,https://irsa.ipac.caltech.edu/data/SPITZER/S4G/galaxies/NGC4625/P4/,200,3,3,NGC4625_dd.outgal,"[""NGC4625_dd.outgal"", ""NGC4625_onecomp.outgal"", ""NGC4625_twocomp.outgal""]",
NGC4626,https://irsa.ipac.caltech.edu/data/SPITZER/S4G/galaxies/NGC4626/P4/,404,0,0,,[],
NGC4629,https://irsa.ipac.caltech.edu/data/SPITZER/S4G/galaxies/NGC4629/P4/,200,3,3,NGC4629_d.outgal,"[""NGC4629_d.outgal"", ""NGC4629_onecomp.outgal"", ""NGC4629_twocomp.outgal""]",
NGC4630,https://irsa.ipac.caltech.edu/data/SPITZER/S4G/galaxies/NGC4630/P4/,200,3,3,NGC4630_dn.outgal,"[""NGC4630_dn.outgal"", ""NGC4630_onecomp.outgal"", ""NGC4630_twocomp.outgal""]",
NGC4635,https://irsa.ipac.caltech.edu/data/SPITZER/S4G/galaxies/NGC4635/P4/,200,3,3,NGC4635_dn.outgal,"[""NGC4635_dn.outgal"", ""NGC4635_onecomp.outgal"", ""NGC4635_twocomp.outgal""]",
NGC4638,https://irsa.ipac.caltech.edu/data/SPITZER/S4G/galaxies/NGC4638/P4/,404,0,0,,[],
NGC4639,https://irsa.ipac.caltech.edu/data/SPITZER/S4G/galaxies/NGC4639/P4/,200,3,3,NGC4639_bdbarf.outgal,"[""NGC4639_bdbarf.outgal"", ""NGC4639_onecomp.outgal"", ""NGC4639_twocomp.outgal""]",
NGC4640,https://irsa.ipac.caltech.edu/data/SPITZER/S4G/galaxies/NGC4640/P4/,404,0,0,,[],
NGC4641,https://irsa.ipac.caltech.edu/data/SPITZER/S4G/galaxies/NGC4641/P4/,200,3,3,NGC4641_bd.outgal,"[""NGC4641_bd.outgal"", ""NGC4641_onecomp.outgal"", ""NGC4641_twocomp.outgal""]",
NGC4643,https://irsa.ipac.caltech.edu/data/SPITZER/S4G/galaxies/NGC4643/P4/,200,3,3,NGC4643_bdbarf.outgal,"[""NGC4643_bdbarf.outgal"", ""NGC4643_onecomp.outgal"", ""NGC4643_twocomp.outgal""]",
NGC4647,https://irsa.ipac.caltech.edu/data/SPITZER/S4G/galaxies/NGC4647/P4/,200,2,2,NGC4647_twocomp.outgal,"[""NGC4647_onecomp.outgal"", ""NGC4647_twocomp.outgal""]",
NGC4651,https://irsa.ipac.caltech.edu/data/SPITZER/S4G/galaxies/NGC4651/P4/,200,3,3,NGC4651_bdd.outgal,"[""NGC4651_bdd.outgal"", ""NGC4651_onecomp.outgal"", ""NGC4651_twocomp.outgal""]",
NGC4653,https://irsa.ipac.caltech.edu/data/SPITZER/S4G/galaxies/NGC4653/P4/,200,3,3,NGC4653_bd.outgal,"[""NGC4653_bd.outgal"", ""NGC4653_onecomp.outgal"", ""NGC4653_twocomp.outgal""]",
NGC4654,https://irsa.ipac.caltech.edu/data/SPITZER/S4G/galaxies/NGC4654/P4/,200,3,3,NGC4654_dbar.outgal,"[""NGC4654_dbar.outgal"", ""NGC4654_onecomp.outgal"", ""NGC4654_twocomp.outgal""]",
NGC4658,https://irsa.ipac.caltech.edu/data/SPITZER/S4G/galaxies/NGC4658/P4/,200,3,3,NGC4658_dbarf.outgal,"[""NGC4658_dbarf.outgal"", ""NGC4658_onecomp.outgal"", ""NGC4658_twocomp.outgal""]",
NGC4659,https://irsa.ipac.caltech.edu/data/SPITZER/S4G/galaxies/NGC4659/P4/,200,3,3,NGC4659_bd.outgal,"[""NGC4659_bd.outgal"", ""NGC4659_onecomp.outgal"", ""NGC4659_twocomp.outgal""]",
NGC4663,https://irsa.ipac.caltech.edu/data/SPITZER/S4G/galaxies/NGC4663/P4/,404,0,0,,[],
NGC4666,https://irsa.ipac.caltech.edu/data/SPITZER/S4G/galaxies/NGC4666/P4/,200,3,3,NGC4666_bdd.outgal,"[""NGC4666_bdd.outgal"", ""NGC4666_onecomp.outgal"", ""NGC4666_twocomp.outgal""]",
NGC4668,https://irsa.ipac.caltech.edu/data/SPITZER/S4G/galaxies/NGC4668/P4/,200,3,3,NGC4668_ddbarf.outgal,"[""NGC4668_ddbarf.outgal"", ""NGC4668_onecomp.outgal"", ""NGC4668_twocomp.outgal""]",
NGC4671,https://irsa.ipac.caltech.edu/data/SPITZER/S4G/galaxies/NGC4671/P4/,404,0,0,,[],
NGC4674,https://irsa.ipac.caltech.edu/data/SPITZER/S4G/galaxies/NGC4674/P4/,404,0,0,,[],
NGC4680,https://irsa.ipac.caltech.edu/data/SPITZER/S4G/galaxies/NGC4680/P4/,200,3,3,NGC4680_dbarfn.outgal,"[""NGC4680_dbarfn.outgal"", ""NGC4680_onecomp.outgal"", ""NGC4680_twocomp.outgal""]",
NGC4682,https://irsa.ipac.caltech.edu/data/SPITZER/S4G/galaxies/NGC4682/P4/,200,3,3,NGC4682_bd.outgal,"[""NGC4682_bd.outgal"", ""NGC4682_onecomp.outgal"", ""NGC4682_twocomp.outgal""]",
NGC4688,https://irsa.ipac.caltech.edu/data/SPITZER/S4G/galaxies/NGC4688/P4/,200,3,3,NGC4688_dbarf.outgal,"[""NGC4688_dbarf.outgal"", ""NGC4688_onecomp.outgal"", ""NGC4688_twocomp.outgal""]",
NGC4689,https://irsa.ipac.caltech.edu/data/SPITZER/S4G/galaxies/NGC4689/P4/,200,3,3,NGC4689_bd.outgal,"[""NGC4689_bd.outgal"", ""NGC4689_onecomp.outgal"", ""NGC4689_twocomp.outgal""]",
NGC4691,https://irsa.ipac.caltech.edu/data/SPITZER/S4G/galaxies/NGC4691/P4/,200,3,3,NGC4691_dbar.outgal,"[""NGC4691_dbar.outgal"", ""NGC4691_onecomp.outgal"", ""NGC4691_twocomp.outgal""]",
NGC4699,https://irsa.ipac.caltech.edu/data/SPITZER/S4G/galaxies/NGC4699/P4/,200,3,3,NGC4699_bddbarf.outgal,"[""NGC4699_bddbarf.outgal"", ""NGC4699_onecomp.outgal"", ""NGC4699_twocomp.outgal""]",
NGC4701,https://irsa.ipac.caltech.edu/data/SPITZER/S4G/galaxies/NGC4701/P4/,200,3,3,NGC4701_dn.outgal,"[""NGC4701_dn.outgal"", ""NGC4701_onecomp.outgal"", ""NGC4701_twocomp.outgal""]",
NGC4707,https://irsa.ipac.caltech.edu/data/SPITZER/S4G/galaxies/NGC4707/P4/,200,2,2,NGC4707_twocomp.outgal,"[""NGC4707_onecomp.outgal"", ""NGC4707_twocomp.outgal""]",
NGC4713,https://irsa.ipac.caltech.edu/data/SPITZER/S4G/galaxies/NGC4713/P4/,200,3,3,NGC4713_dbarn.outgal,"[""NGC4713_dbarn.outgal"", ""NGC4713_onecomp.outgal"", ""NGC4713_twocomp.outgal""]",
NGC4720,https://irsa.ipac.caltech.edu/data/SPITZER/S4G/galaxies/NGC4720/P4/,404,0,0,,[],
NGC4723,https://irsa.ipac.caltech.edu/data/SPITZER/S4G/galaxies/NGC4723/P4/,200,3,3,NGC4723_d.outgal,"[""NGC4723_d.outgal"", ""NGC4723_onecomp.outgal"", ""NGC4723_twocomp.outgal""]",
NGC4725,https://irsa.ipac.caltech.edu/data/SPITZER/S4G/galaxies/NGC4725/P4/,200,3,3,NGC4725_bdbarf.outgal,"[""NGC4725_bdbarf.outgal"", ""NGC4725_onecomp.outgal"", ""NGC4725_twocomp.outgal""]",
NGC4733,https://irsa.ipac.caltech.edu/data/SPITZER/S4G/galaxies/NGC4733/P4/,200,3,3,NGC4733_bdbar.outgal,"[""NGC4733_bdbar.outgal"", ""NGC4733_onecomp.outgal"", ""NGC4733_twocomp.outgal""]",
NGC4736,https://irsa.ipac.caltech.edu/data/SPITZER/S4G/galaxies/NGC4736/P4/,200,3,3,NGC4736_bdd.outgal,"[""NGC4736_bdd.outgal"", ""NGC4736_onecomp.outgal"", ""NGC4736_twocomp.outgal""]",
NGC4750,https://irsa.ipac.caltech.edu/data/SPITZER/S4G/galaxies/NGC4750/P4/,200,3,3,NGC4750_bdd.outgal,"[""NGC4750_bdd.outgal"", ""NGC4750_onecomp.outgal"", ""NGC4750_twocomp.outgal""]",
NGC4765,https://irsa.ipac.caltech.edu/data/SPITZER/S4G/galaxies/NGC4765/P4/,200,3,3,NGC4765_dd.outgal,"[""NGC4765_dd.outgal"", ""NGC4765_onecomp.outgal"", ""NGC4765_twocomp.outgal""]",
NGC4772,https://irsa.ipac.caltech.edu/data/SPITZER/S4G/galaxies/NGC4772/P4/,200,3,3,NGC4772_bd.outgal,"[""NGC4772_bd.outgal"", ""NGC4772_onecomp.outgal"", ""NGC4772_twocomp.outgal""]",
NGC4775,https://irsa.ipac.caltech.edu/data/SPITZER/S4G/galaxies/NGC4775/P4/,200,3,3,NGC4775_dn.outgal,"[""NGC4775_dn.outgal"", ""NGC4775_onecomp.outgal"", ""NGC4775_twocomp.outgal""]",
NGC4779,https://irsa.ipac.caltech.edu/data/SPITZER/S4G/galaxies/NGC4779/P4/,200,3,3,NGC4779_bdbarf.outgal,"[""NGC4779_bdbarf.outgal"", ""NGC4779_onecomp.outgal"", ""NGC4779_twocomp.outgal""]",
NGC4781,https://irsa.ipac.caltech.edu/data/SPITZER/S4G/galaxies/NGC4781/P4/,200,3,3,NGC4781_dbar.outgal,"[""NGC4781_dbar.outgal"", ""NGC4781_onecomp.outgal"", ""NGC4781_twocomp.outgal""]",
NGC4789A,https://irsa.ipac.caltech.edu/data/SPITZER/S4G/galaxies/NGC4789A/P4/,200,3,3,NGC4789A_d.outgal,"[""NGC4789A_d.outgal"", ""NGC4789A_onecomp.outgal"", ""NGC4789A_twocomp.outgal""]",
NGC4790,https://irsa.ipac.caltech.edu/data/SPITZER/S4G/galaxies/NGC4790/P4/,200,3,3,NGC4790_dn.outgal,"[""NGC4790_dn.outgal"", ""NGC4790_onecomp.outgal"", ""NGC4790_twocomp.outgal""]",
NGC4791,https://irsa.ipac.caltech.edu/data/SPITZER/S4G/galaxies/NGC4791/P4/,200,3,3,NGC4791_dn.outgal,"[""NGC4791_dn.outgal"", ""NGC4791_onecomp.outgal"", ""NGC4791_twocomp.outgal""]",
NGC4793,https://irsa.ipac.caltech.edu/data/SPITZER/S4G/galaxies/NGC4793/P4/,200,3,3,NGC4793_dn.outgal,"[""NGC4793_dn.outgal"", ""NGC4793_onecomp.outgal"", ""NGC4793_twocomp.outgal""]",
NGC4795,https://irsa.ipac.caltech.edu/data/SPITZER/S4G/galaxies/NGC4795/P4/,200,3,3,NGC4795_bdbar.outgal,"[""NGC4795_bdbar.outgal"", ""NGC4795_onecomp.outgal"", ""NGC4795_twocomp.outgal""]",
NGC4799,https://irsa.ipac.caltech.edu/data/SPITZER/S4G/galaxies/NGC4799/P4/,200,3,3,NGC4799_ddn.outgal,"[""NGC4799_ddn.outgal"", ""NGC4799_onecomp.outgal"", ""NGC4799_twocomp.outgal""]",
NGC4800,https://irsa.ipac.caltech.edu/data/SPITZER/S4G/galaxies/NGC4800/P4/,200,3,3,NGC4800_ddn.outgal,"[""NGC4800_ddn.outgal"", ""NGC4800_onecomp.outgal"", ""NGC4800_twocomp.outgal""]",
NGC4802,https://irsa.ipac.caltech.edu/data/SPITZER/S4G/galaxies/NGC4802/P4/,200,3,3,NGC4802_bdd.outgal,"[""NGC4802_bdd.outgal"", ""NGC4802_onecomp.outgal"", ""NGC4802_twocomp.outgal""]",
NGC4806,https://irsa.ipac.caltech.edu/data/SPITZER/S4G/galaxies/NGC4806/P4/,200,4,3,NGC4806_dn.outgal,"[""NGC4806_d.outgal"", ""NGC4806_dn.outgal"", ""NGC4806_onecomp.outgal"", ""NGC4806_twocomp.outgal""]",
NGC4808,https://irsa.ipac.caltech.edu/data/SPITZER/S4G/galaxies/NGC4808/P4/,200,3,3,NGC4808_dbar.outgal,"[""NGC4808_dbar.outgal"", ""NGC4808_onecomp.outgal"", ""NGC4808_twocomp.outgal""]",
NGC4814,https://irsa.ipac.caltech.edu/data/SPITZER/S4G/galaxies/NGC4814/P4/,200,3,3,NGC4814_ddn.outgal,"[""NGC4814_ddn.outgal"", ""NGC4814_onecomp.outgal"", ""NGC4814_twocomp.outgal""]",
NGC4826,https://irsa.ipac.caltech.edu/data/SPITZER/S4G/galaxies/NGC4826/P4/,200,3,3,NGC4826_bdd.outgal,"[""NGC4826_bdd.outgal"", ""NGC4826_onecomp.outgal"", ""NGC4826_twocomp.outgal""]",
NGC4880,https://irsa.ipac.caltech.edu/data/SPITZER/S4G/galaxies/NGC4880/P4/,200,3,3,NGC4880_bd.outgal,"[""NGC4880_bd.outgal"", ""NGC4880_onecomp.outgal"", ""NGC4880_twocomp.outgal""]",
NGC4887,https://irsa.ipac.caltech.edu/data/SPITZER/S4G/galaxies/NGC4887/P4/,404,0,0,,[],
NGC4897,https://irsa.ipac.caltech.edu/data/SPITZER/S4G/galaxies/NGC4897/P4/,200,3,3,NGC4897_bdbar.outgal,"[""NGC4897_bdbar.outgal"", ""NGC4897_onecomp.outgal"", ""NGC4897_twocomp.outgal""]",
NGC4899,https://irsa.ipac.caltech.edu/data/SPITZER/S4G/galaxies/NGC4899/P4/,200,3,3,NGC4899_bd.outgal,"[""NGC4899_bd.outgal"", ""NGC4899_onecomp.outgal"", ""NGC4899_twocomp.outgal""]",
NGC4900,https://irsa.ipac.caltech.edu/data/SPITZER/S4G/galaxies/NGC4900/P4/,200,3,3,NGC4900_dbar.outgal,"[""NGC4900_dbar.outgal"", ""NGC4900_onecomp.outgal"", ""NGC4900_twocomp.outgal""]",
NGC4902,https://irsa.ipac.caltech.edu/data/SPITZER/S4G/galaxies/NGC4902/P4/,200,3,3,NGC4902_bdbarf.outgal,"[""NGC4902_bdbarf.outgal"", ""NGC4902_onecomp.outgal"", ""NGC4902_twocomp.outgal""]",
NGC4904,https://irsa.ipac.caltech.edu/data/SPITZER/S4G/galaxies/NGC4904/P4/,200,3,3,NGC4904_dbar.outgal,"[""NGC4904_dbar.outgal"", ""NGC4904_onecomp.outgal"", ""NGC4904_twocomp.outgal""]",
NGC4920,https://irsa.ipac.caltech.edu/data/SPITZER/S4G/galaxies/NGC4920/P4/,200,3,3,NGC4920_dd.outgal,"[""NGC4920_dd.outgal"", ""NGC4920_onecomp.outgal"", ""NGC4920_twocomp.outgal""]",
NGC4928,https://irsa.ipac.caltech.edu/data/SPITZER/S4G/galaxies/NGC4928/P4/,200,3,3,NGC4928_bd.outgal,"[""NGC4928_bd.outgal"", ""NGC4928_onecomp.outgal"", ""NGC4928_twocomp.outgal""]",
NGC4941,https://irsa.ipac.caltech.edu/data/SPITZER/S4G/galaxies/NGC4941/P4/,200,3,3,NGC4941_bdbarn.outgal,"[""NGC4941_bdbarn.outgal"", ""NGC4941_onecomp.outgal"", ""NGC4941_twocomp.outgal""]",
NGC4942,https://irsa.ipac.caltech.edu/data/SPITZER/S4G/galaxies/NGC4942/P4/,200,3,3,NGC4942_dbarnf.outgal,"[""NGC4942_dbarnf.outgal"", ""NGC4942_onecomp.outgal"", ""NGC4942_twocomp.outgal""]",
NGC4948A,https://irsa.ipac.caltech.edu/data/SPITZER/S4G/galaxies/NGC4948A/P4/,200,3,3,NGC4948A_dbarf.outgal,"[""NGC4948A_dbarf.outgal"", ""NGC4948A_onecomp.outgal"", ""NGC4948A_twocomp.outgal""]",
NGC4961,https://irsa.ipac.caltech.edu/data/SPITZER/S4G/galaxies/NGC4961/P4/,200,3,3,NGC4961_dn.outgal,"[""NGC4961_dn.outgal"", ""NGC4961_onecomp.outgal"", ""NGC4961_twocomp.outgal""]",
NGC4964,https://irsa.ipac.caltech.edu/data/SPITZER/S4G/galaxies/NGC4964/P4/,404,0,0,,[],
NGC4965,https://irsa.ipac.caltech.edu/data/SPITZER/S4G/galaxies/NGC4965/P4/,200,3,3,NGC4965_bd.outgal,"[""NGC4965_bd.outgal"", ""NGC4965_onecomp.outgal"", ""NGC4965_twocomp.outgal""]",
NGC4981,https://irsa.ipac.caltech.edu/data/SPITZER/S4G/galaxies/NGC4981/P4/,200,3,3,NGC4981_bd.outgal,"[""NGC4981_bd.outgal"", ""NGC4981_onecomp.outgal"", ""NGC4981_twocomp.outgal""]",
NGC4984,https://irsa.ipac.caltech.edu/data/SPITZER/S4G/galaxies/NGC4984/P4/,200,3,3,NGC4984_bdbar.outgal,"[""NGC4984_bdbar.outgal"", ""NGC4984_onecomp.outgal"", ""NGC4984_twocomp.outgal""]",
NGC4993,https://irsa.ipac.caltech.edu/data/SPITZER/S4G/galaxies/NGC4993/P4/,404,0,0,,[],
NGC4995,https://irsa.ipac.caltech.edu/data/SPITZER/S4G/galaxies/NGC4995/P4/,200,3,3,NGC4995_dbarfn.outgal,"[""NGC4995_dbarfn.outgal"", ""NGC4995_onecomp.outgal"", ""NGC4995_twocomp.outgal""]",
NGC5006,https://irsa.ipac.caltech.edu/data/SPITZER/S4G/galaxies/NGC5006/P4/,404,0,0,,[],
NGC5010,https://irsa.ipac.caltech.edu/data/SPITZER/S4G/galaxies/NGC5010/P4/,404,0,0,,[],
NGC5012,https://irsa.ipac.caltech.edu/data/SPITZER/S4G/galaxies/NGC5012/P4/,200,3,3,NGC5012_bd.outgal,"[""NGC5012_bd.outgal"", ""NGC5012_onecomp.outgal"", ""NGC5012_twocomp.outgal""]",
NGC5016,https://irsa.ipac.caltech.edu/data/SPITZER/S4G/galaxies/NGC5016/P4/,200,3,3,NGC5016_dn.outgal,"[""NGC5016_dn.outgal"", ""NGC5016_onecomp.outgal"", ""NGC5016_twocomp.outgal""]",
NGC5030,https://irsa.ipac.caltech.edu/data/SPITZER/S4G/galaxies/NGC5030/P4/,404,0,0,,[],
NGC5033,https://irsa.ipac.caltech.edu/data/SPITZER/S4G/galaxies/NGC5033/P4/,200,3,3,NGC5033_bdd.outgal,"[""NGC5033_bdd.outgal"", ""NGC5033_onecomp.outgal"", ""NGC5033_twocomp.outgal""]",
NGC5035,https://irsa.ipac.caltech.edu/data/SPITZER/S4G/galaxies/NGC5035/P4/,404,0,0,,[],
NGC5037,https://irsa.ipac.caltech.edu/data/SPITZER/S4G/galaxies/NGC5037/P4/,404,0,0,,[],
NGC5042,https://irsa.ipac.caltech.edu/data/SPITZER/S4G/galaxies/NGC5042/P4/,200,3,3,NGC5042_dd.outgal,"[""NGC5042_dd.outgal"", ""NGC5042_onecomp.outgal"", ""NGC5042_twocomp.outgal""]",
NGC5054,https://irsa.ipac.caltech.edu/data/SPITZER/S4G/galaxies/NGC5054/P4/,200,3,3,NGC5054_bd.outgal,"[""NGC5054_bd.outgal"", ""NGC5054_onecomp.outgal"", ""NGC5054_twocomp.outgal""]",
NGC5055,https://irsa.ipac.caltech.edu/data/SPITZER/S4G/galaxies/NGC5055/P4/,200,3,3,NGC5055_ddn.outgal,"[""NGC5055_ddn.outgal"", ""NGC5055_onecomp.outgal"", ""NGC5055_twocomp.outgal""]",
NGC5068,https://irsa.ipac.caltech.edu/data/SPITZER/S4G/galaxies/NGC5068/P4/,200,3,3,NGC5068_ndbar.outgal,"[""NGC5068_ndbar.outgal"", ""NGC5068_onecomp.outgal"", ""NGC5068_twocomp.outgal""]",
NGC5076,https://irsa.ipac.caltech.edu/data/SPITZER/S4G/galaxies/NGC5076/P4/,404,0,0,,[],
NGC5079,https://irsa.ipac.caltech.edu/data/SPITZER/S4G/galaxies/NGC5079/P4/,200,3,3,NGC5079_dn.outgal,"[""NGC5079_dn.outgal"", ""NGC5079_onecomp.outgal"", ""NGC5079_twocomp.outgal""]",
NGC5085,https://irsa.ipac.caltech.edu/data/SPITZER/S4G/galaxies/NGC5085/P4/,200,3,3,NGC5085_bd.outgal,"[""NGC5085_bd.outgal"", ""NGC5085_onecomp.outgal"", ""NGC5085_twocomp.outgal""]",
NGC5101,https://irsa.ipac.caltech.edu/data/SPITZER/S4G/galaxies/NGC5101/P4/,200,3,3,NGC5101_bdbar.outgal,"[""NGC5101_bdbar.outgal"", ""NGC5101_onecomp.outgal"", ""NGC5101_twocomp.outgal""]",
NGC5103,https://irsa.ipac.caltech.edu/data/SPITZER/S4G/galaxies/NGC5103/P4/,200,3,3,NGC5103_zzn.outgal,"[""NGC5103_onecomp.outgal"", ""NGC5103_twocomp.outgal"", ""NGC5103_zzn.outgal""]",
NGC5105,https://irsa.ipac.caltech.edu/data/SPITZER/S4G/galaxies/NGC5105/P4/,200,3,3,NGC5105_dn.outgal,"[""NGC5105_dn.outgal"", ""NGC5105_onecomp.outgal"", ""NGC5105_twocomp.outgal""]",
NGC5112,https://irsa.ipac.caltech.edu/data/SPITZER/S4G/galaxies/NGC5112/P4/,200,3,3,NGC5112_dbar.outgal,"[""NGC5112_dbar.outgal"", ""NGC5112_onecomp.outgal"", ""NGC5112_twocomp.outgal""]",
NGC5117,https://irsa.ipac.caltech.edu/data/SPITZER/S4G/galaxies/NGC5117/P4/,200,3,3,NGC5117_bdbarf.outgal,"[""NGC5117_bdbarf.outgal"", ""NGC5117_onecomp.outgal"", ""NGC5117_twocomp.outgal""]",
NGC5122,https://irsa.ipac.caltech.edu/data/SPITZER/S4G/galaxies/NGC5122/P4/,200,3,3,NGC5122_zzn.outgal,"[""NGC5122_onecomp.outgal"", ""NGC5122_twocomp.outgal"", ""NGC5122_zzn.outgal""]",
NGC5134,https://irsa.ipac.caltech.edu/data/SPITZER/S4G/galaxies/NGC5134/P4/,200,3,3,NGC5134_bdbarfn.outgal,"[""NGC5134_bdbarfn.outgal"", ""NGC5134_onecomp.outgal"", ""NGC5134_twocomp.outgal""]",
NGC5145,https://irsa.ipac.caltech.edu/data/SPITZER/S4G/galaxies/NGC5145/P4/,200,3,3,NGC5145_bd.outgal,"[""NGC5145_bd.outgal"", ""NGC5145_onecomp.outgal"", ""NGC5145_twocomp.outgal""]",
NGC5147,https://irsa.ipac.caltech.edu/data/SPITZER/S4G/galaxies/NGC5147/P4/,200,3,3,NGC5147_dbarfn.outgal,"[""NGC5147_dbarfn.outgal"", ""NGC5147_onecomp.outgal"", ""NGC5147_twocomp.outgal""]",
NGC5194,https://irsa.ipac.caltech.edu/data/SPITZER/S4G/galaxies/NGC5194/P4/,200,3,3,NGC5194_bd.outgal,"[""NGC5194_bd.outgal"", ""NGC5194_onecomp.outgal"", ""NGC5194_twocomp.outgal""]",
NGC5195,https://irsa.ipac.caltech.edu/data/SPITZER/S4G/galaxies/NGC5195/P4/,200,3,3,NGC5195_bdbar.outgal,"[""NGC5195_bdbar.outgal"", ""NGC5195_onecomp.outgal"", ""NGC5195_twocomp.outgal""]",
NGC5204,https://irsa.ipac.caltech.edu/data/SPITZER/S4G/galaxies/NGC5204/P4/,200,3,3,NGC5204_d.outgal,"[""NGC5204_d.outgal"", ""NGC5204_onecomp.outgal"", ""NGC5204_twocomp.outgal""]",
NGC5205,https://irsa.ipac.caltech.edu/data/SPITZER/S4G/galaxies/NGC5205/P4/,200,3,3,NGC5205_bdbar.outgal,"[""NGC5205_bdbar.outgal"", ""NGC5205_onecomp.outgal"", ""NGC5205_twocomp.outgal""]",
NGC5218,https://irsa.ipac.caltech.edu/data/SPITZER/S4G/galaxies/NGC5218/P4/,200,3,3,NGC5218_dbarn.outgal,"[""NGC5218_dbarn.outgal"", ""NGC5218_onecomp.outgal"", ""NGC5218_twocomp.outgal""]",
NGC5236,https://irsa.ipac.caltech.edu/data/SPITZER/S4G/galaxies/NGC5236/P4/,200,3,3,NGC5236_bdbarf.outgal,"[""NGC5236_bdbarf.outgal"", ""NGC5236_onecomp.outgal"", ""NGC5236_twocomp.outgal""]",
NGC5238,https://irsa.ipac.caltech.edu/data/SPITZER/S4G/galaxies/NGC5238/P4/,200,3,3,NGC5238_d.outgal,"[""NGC5238_d.outgal"", ""NGC5238_onecomp.outgal"", ""NGC5238_twocomp.outgal""]",
NGC5240,https://irsa.ipac.caltech.edu/data/SPITZER/S4G/galaxies/NGC5240/P4/,200,3,3,NGC5240_dn.outgal,"[""NGC5240_dn.outgal"", ""NGC5240_onecomp.outgal"", ""NGC5240_twocomp.outgal""]",
NGC5247,https://irsa.ipac.caltech.edu/data/SPITZER/S4G/galaxies/NGC5247/P4/,200,3,3,NGC5247_bd.outgal,"[""NGC5247_bd.outgal"", ""NGC5247_onecomp.outgal"", ""NGC5247_twocomp.outgal""]",
NGC5248,https://irsa.ipac.caltech.edu/data/SPITZER/S4G/galaxies/NGC5248/P4/,200,4,3,NGC5248_bdd.outgal,"[""NGC5248_bdd.outgal"", ""NGC5248_ddn.outgal"", ""NGC5248_onecomp.outgal"", ""NGC5248_twocomp.outgal""]",
NGC5254,https://irsa.ipac.caltech.edu/data/SPITZER/S4G/galaxies/NGC5254/P4/,200,3,3,NGC5254_dn.outgal,"[""NGC5254_dn.outgal"", ""NGC5254_onecomp.outgal"", ""NGC5254_twocomp.outgal""]",
NGC5264,https://irsa.ipac.caltech.edu/data/SPITZER/S4G/galaxies/NGC5264/P4/,200,3,3,NGC5264_d.outgal,"[""NGC5264_d.outgal"", ""NGC5264_onecomp.outgal"", ""NGC5264_twocomp.outgal""]",
NGC5273,https://irsa.ipac.caltech.edu/data/SPITZER/S4G/galaxies/NGC5273/P4/,200,3,3,NGC5273_dn.outgal,"[""NGC5273_dn.outgal"", ""NGC5273_onecomp.outgal"", ""NGC5273_twocomp.outgal""]",
NGC5283,https://irsa.ipac.caltech.edu/data/SPITZER/S4G/galaxies/NGC5283/P4/,404,0,0,,[],
NGC5294,https://irsa.ipac.caltech.edu/data/SPITZER/S4G/galaxies/NGC5294/P4/,404,0,0,,[],
NGC5300,https://irsa.ipac.caltech.edu/data/SPITZER/S4G/galaxies/NGC5300/P4/,200,3,3,NGC5300_dbarn.outgal,"[""NGC5300_dbarn.outgal"", ""NGC5300_onecomp.outgal"", ""NGC5300_twocomp.outgal""]",
NGC5311,https://irsa.ipac.caltech.edu/data/SPITZER/S4G/galaxies/NGC5311/P4/,200,3,3,NGC5311_bd.outgal,"[""NGC5311_bd.outgal"", ""NGC5311_onecomp.outgal"", ""NGC5311_twocomp.outgal""]",
NGC5313,https://irsa.ipac.caltech.edu/data/SPITZER/S4G/galaxies/NGC5313/P4/,200,3,3,NGC5313_bd.outgal,"[""NGC5313_bd.outgal"", ""NGC5313_onecomp.outgal"", ""NGC5313_twocomp.outgal""]",
NGC5320,https://irsa.ipac.caltech.edu/data/SPITZER/S4G/galaxies/NGC5320/P4/,200,3,3,NGC5320_dn.outgal,"[""NGC5320_dn.outgal"", ""NGC5320_onecomp.outgal"", ""NGC5320_twocomp.outgal""]",
NGC5323,https://irsa.ipac.caltech.edu/data/SPITZER/S4G/galaxies/NGC5323/P4/,404,0,0,,[],
NGC5334,https://irsa.ipac.caltech.edu/data/SPITZER/S4G/galaxies/NGC5334/P4/,200,3,3,NGC5334_dbarfn.outgal,"[""NGC5334_dbarfn.outgal"", ""NGC5334_onecomp.outgal"", ""NGC5334_twocomp.outgal""]",
NGC5336,https://irsa.ipac.caltech.edu/data/SPITZER/S4G/galaxies/NGC5336/P4/,200,3,3,NGC5336_dd.outgal,"[""NGC5336_dd.outgal"", ""NGC5336_onecomp.outgal"", ""NGC5336_twocomp.outgal""]",
NGC5337,https://irsa.ipac.caltech.edu/data/SPITZER/S4G/galaxies/NGC5337/P4/,200,3,3,NGC5337_dbarfn.outgal,"[""NGC5337_dbarfn.outgal"", ""NGC5337_onecomp.outgal"", ""NGC5337_twocomp.outgal""]",
NGC5339,https://irsa.ipac.caltech.edu/data/SPITZER/S4G/galaxies/NGC5339/P4/,200,3,3,NGC5339_bdbarf.outgal,"[""NGC5339_bdbarf.outgal"", ""NGC5339_onecomp.outgal"", ""NGC5339_twocomp.outgal""]",
NGC5346,https://irsa.ipac.caltech.edu/data/SPITZER/S4G/galaxies/NGC5346/P4/,200,3,3,NGC5346_bd.outgal,"[""NGC5346_bd.outgal"", ""NGC5346_onecomp.outgal"", ""NGC5346_twocomp.outgal""]",
NGC5347,https://irsa.ipac.caltech.edu/data/SPITZER/S4G/galaxies/NGC5347/P4/,200,3,3,NGC5347_dbarfn.outgal,"[""NGC5347_dbarfn.outgal"", ""NGC5347_onecomp.outgal"", ""NGC5347_twocomp.outgal""]",
NGC5350,https://irsa.ipac.caltech.edu/data/SPITZER/S4G/galaxies/NGC5350/P4/,200,3,3,NGC5350_bdbarf.outgal,"[""NGC5350_bdbarf.outgal"", ""NGC5350_onecomp.outgal"", ""NGC5350_twocomp.outgal""]",
NGC5360,https://irsa.ipac.caltech.edu/data/SPITZER/S4G/galaxies/NGC5360/P4/,200,3,3,NGC5360_bz.outgal,"[""NGC5360_bz.outgal"", ""NGC5360_onecomp.outgal"", ""NGC5360_twocomp.outgal""]",
NGC5364,https://irsa.ipac.caltech.edu/data/SPITZER/S4G/galaxies/NGC5364/P4/,200,3,3,NGC5364_ddn.outgal,"[""NGC5364_ddn.outgal"", ""NGC5364_onecomp.outgal"", ""NGC5364_twocomp.outgal""]",
NGC5371,https://irsa.ipac.caltech.edu/data/SPITZER/S4G/galaxies/NGC5371/P4/,200,3,3,NGC5371_bd.outgal,"[""NGC5371_bd.outgal"", ""NGC5371_onecomp.outgal"", ""NGC5371_twocomp.outgal""]",
NGC5375,https://irsa.ipac.caltech.edu/data/SPITZER/S4G/galaxies/NGC5375/P4/,200,3,3,NGC5375_bdbarfn.outgal,"[""NGC5375_bdbarfn.outgal"", ""NGC5375_onecomp.outgal"", ""NGC5375_twocomp.outgal""]",
NGC5376,https://irsa.ipac.caltech.edu/data/SPITZER/S4G/galaxies/NGC5376/P4/,200,3,3,NGC5376_bd.outgal,"[""NGC5376_bd.outgal"", ""NGC5376_onecomp.outgal"", ""NGC5376_twocomp.outgal""]",
NGC5378,https://irsa.ipac.caltech.edu/data/SPITZER/S4G/galaxies/NGC5378/P4/,404,0,0,,[],
NGC5383,https://irsa.ipac.caltech.edu/data/SPITZER/S4G/galaxies/NGC5383/P4/,200,3,3,NGC5383_ddbarfn.outgal,"[""NGC5383_ddbarfn.outgal"", ""NGC5383_onecomp.outgal"", ""NGC5383_twocomp.outgal""]",
NGC5426,https://irsa.ipac.caltech.edu/data/SPITZER/S4G/galaxies/NGC5426/P4/,200,3,3,NGC5426_dd.outgal,"[""NGC5426_dd.outgal"", ""NGC5426_onecomp.outgal"", ""NGC5426_twocomp.outgal""]",
NGC5427,https://irsa.ipac.caltech.edu/data/SPITZER/S4G/galaxies/NGC5427/P4/,200,3,3,NGC5427_bd.outgal,"[""NGC5427_bd.outgal"", ""NGC5427_onecomp.outgal"", ""NGC5427_twocomp.outgal""]",
NGC5430,https://irsa.ipac.caltech.edu/data/SPITZER/S4G/galaxies/NGC5430/P4/,200,3,3,NGC5430_bdbarf.outgal,"[""NGC5430_bdbarf.outgal"", ""NGC5430_onecomp.outgal"", ""NGC5430_twocomp.outgal""]",
NGC5448,https://irsa.ipac.caltech.edu/data/SPITZER/S4G/galaxies/NGC5448/P4/,200,3,3,NGC5448_bdbar.outgal,"[""NGC5448_bdbar.outgal"", ""NGC5448_onecomp.outgal"", ""NGC5448_twocomp.outgal""]",
NGC5452,https://irsa.ipac.caltech.edu/data/SPITZER/S4G/galaxies/NGC5452/P4/,200,3,3,NGC5452_dn.outgal,"[""NGC5452_dn.outgal"", ""NGC5452_onecomp.outgal"", ""NGC5452_twocomp.outgal""]",
NGC5457,https://irsa.ipac.caltech.edu/data/SPITZER/S4G/galaxies/NGC5457/P4/,200,3,3,NGC5457_bd.outgal,"[""NGC5457_bd.outgal"", ""NGC5457_onecomp.outgal"", ""NGC5457_twocomp.outgal""]",
NGC5464,https://irsa.ipac.caltech.edu/data/SPITZER/S4G/galaxies/NGC5464/P4/,200,3,3,NGC5464_dbar.outgal,"[""NGC5464_dbar.outgal"", ""NGC5464_onecomp.outgal"", ""NGC5464_twocomp.outgal""]",
NGC5468,https://irsa.ipac.caltech.edu/data/SPITZER/S4G/galaxies/NGC5468/P4/,200,3,3,NGC5468_bd.outgal,"[""NGC5468_bd.outgal"", ""NGC5468_onecomp.outgal"", ""NGC5468_twocomp.outgal""]",
NGC5473,https://irsa.ipac.caltech.edu/data/SPITZER/S4G/galaxies/NGC5473/P4/,200,3,3,NGC5473_bdbar.outgal,"[""NGC5473_bdbar.outgal"", ""NGC5473_onecomp.outgal"", ""NGC5473_twocomp.outgal""]",
NGC5474,https://irsa.ipac.caltech.edu/data/SPITZER/S4G/galaxies/NGC5474/P4/,200,3,3,NGC5474_dd.outgal,"[""NGC5474_dd.outgal"", ""NGC5474_onecomp.outgal"", ""NGC5474_twocomp.outgal""]",
NGC5475,https://irsa.ipac.caltech.edu/data/SPITZER/S4G/galaxies/NGC5475/P4/,404,0,0,,[],
NGC5476,https://irsa.ipac.caltech.edu/data/SPITZER/S4G/galaxies/NGC5476/P4/,200,3,3,NGC5476_bd.outgal,"[""NGC5476_bd.outgal"", ""NGC5476_onecomp.outgal"", ""NGC5476_twocomp.outgal""]",
NGC5477,https://irsa.ipac.caltech.edu/data/SPITZER/S4G/galaxies/NGC5477/P4/,200,3,3,NGC5477_d.outgal,"[""NGC5477_d.outgal"", ""NGC5477_onecomp.outgal"", ""NGC5477_twocomp.outgal""]",
NGC5480,https://irsa.ipac.caltech.edu/data/SPITZER/S4G/galaxies/NGC5480/P4/,200,3,3,NGC5480_dn.outgal,"[""NGC5480_dn.outgal"", ""NGC5480_onecomp.outgal"", ""NGC5480_twocomp.outgal""]",
NGC5486,https://irsa.ipac.caltech.edu/data/SPITZER/S4G/galaxies/NGC5486/P4/,200,3,3,NGC5486_dd.outgal,"[""NGC5486_dd.outgal"", ""NGC5486_onecomp.outgal"", ""NGC5486_twocomp.outgal""]",
NGC5493,https://irsa.ipac.caltech.edu/data/SPITZER/S4G/galaxies/NGC5493/P4/,404,0,0,,[],
NGC5520,https://irsa.ipac.caltech.edu/data/SPITZER/S4G/galaxies/NGC5520/P4/,200,3,3,NGC5520_bd.outgal,"[""NGC5520_bd.outgal"", ""NGC5520_onecomp.outgal"", ""NGC5520_twocomp.outgal""]",
NGC5523,https://irsa.ipac.caltech.edu/data/SPITZER/S4G/galaxies/NGC5523/P4/,200,3,3,NGC5523_bd.outgal,"[""NGC5523_bd.outgal"", ""NGC5523_onecomp.outgal"", ""NGC5523_twocomp.outgal""]",
NGC5534,https://irsa.ipac.caltech.edu/data/SPITZER/S4G/galaxies/NGC5534/P4/,200,3,3,NGC5534_bdbar.outgal,"[""NGC5534_bdbar.outgal"", ""NGC5534_onecomp.outgal"", ""NGC5534_twocomp.outgal""]",
NGC5569,https://irsa.ipac.caltech.edu/data/SPITZER/S4G/galaxies/NGC5569/P4/,200,3,3,NGC5569_dbar.outgal,"[""NGC5569_dbar.outgal"", ""NGC5569_onecomp.outgal"", ""NGC5569_twocomp.outgal""]",
NGC5574,https://irsa.ipac.caltech.edu/data/SPITZER/S4G/galaxies/NGC5574/P4/,200,3,3,NGC5574_bdbar.outgal,"[""NGC5574_bdbar.outgal"", ""NGC5574_onecomp.outgal"", ""NGC5574_twocomp.outgal""]",
NGC5584,https://irsa.ipac.caltech.edu/data/SPITZER/S4G/galaxies/NGC5584/P4/,200,3,3,NGC5584_bd.outgal,"[""NGC5584_bd.outgal"", ""NGC5584_onecomp.outgal"", ""NGC5584_twocomp.outgal""]",
NGC5585,https://irsa.ipac.caltech.edu/data/SPITZER/S4G/galaxies/NGC5585/P4/,200,3,3,NGC5585_bd.outgal,"[""NGC5585_bd.outgal"", ""NGC5585_onecomp.outgal"", ""NGC5585_twocomp.outgal""]",
NGC5595,https://irsa.ipac.caltech.edu/data/SPITZER/S4G/galaxies/NGC5595/P4/,200,3,3,NGC5595_dn.outgal,"[""NGC5595_dn.outgal"", ""NGC5595_onecomp.outgal"", ""NGC5595_twocomp.outgal""]",
NGC5597,https://irsa.ipac.caltech.edu/data/SPITZER/S4G/galaxies/NGC5597/P4/,200,3,3,NGC5597_dbar.outgal,"[""NGC5597_dbar.outgal"", ""NGC5597_onecomp.outgal"", ""NGC5597_twocomp.outgal""]",
NGC5600,https://irsa.ipac.caltech.edu/data/SPITZER/S4G/galaxies/NGC5600/P4/,200,3,3,NGC5600_dbar.outgal,"[""NGC5600_dbar.outgal"", ""NGC5600_onecomp.outgal"", ""NGC5600_twocomp.outgal""]",
NGC5602,https://irsa.ipac.caltech.edu/data/SPITZER/S4G/galaxies/NGC5602/P4/,200,3,3,NGC5602_bd.outgal,"[""NGC5602_bd.outgal"", ""NGC5602_onecomp.outgal"", ""NGC5602_twocomp.outgal""]",
NGC5604,https://irsa.ipac.caltech.edu/data/SPITZER/S4G/galaxies/NGC5604/P4/,200,4,3,NGC5604_ddn.outgal,"[""NGC5604_ddn.outgal"", ""NGC5604_dn.outgal"", ""NGC5604_onecomp.outgal"", ""NGC5604_twocomp.outgal""]",
NGC5624,https://irsa.ipac.caltech.edu/data/SPITZER/S4G/galaxies/NGC5624/P4/,200,3,3,NGC5624_d.outgal,"[""NGC5624_d.outgal"", ""NGC5624_onecomp.outgal"", ""NGC5624_twocomp.outgal""]",
NGC5633,https://irsa.ipac.caltech.edu/data/SPITZER/S4G/galaxies/NGC5633/P4/,200,3,3,NGC5633_dn.outgal,"[""NGC5633_dn.outgal"", ""NGC5633_onecomp.outgal"", ""NGC5633_twocomp.outgal""]",
NGC5636,https://irsa.ipac.caltech.edu/data/SPITZER/S4G/galaxies/NGC5636/P4/,200,3,3,NGC5636_bdbarf.outgal,"[""NGC5636_bdbarf.outgal"", ""NGC5636_onecomp.outgal"", ""NGC5636_twocomp.outgal""]",
NGC5645,https://irsa.ipac.caltech.edu/data/SPITZER/S4G/galaxies/NGC5645/P4/,200,3,3,NGC5645_dbar.outgal,"[""NGC5645_dbar.outgal"", ""NGC5645_onecomp.outgal"", ""NGC5645_twocomp.outgal""]",
NGC5660,https://irsa.ipac.caltech.edu/data/SPITZER/S4G/galaxies/NGC5660/P4/,200,3,3,NGC5660_bd.outgal,"[""NGC5660_bd.outgal"", ""NGC5660_onecomp.outgal"", ""NGC5660_twocomp.outgal""]",
NGC5661,https://irsa.ipac.caltech.edu/data/SPITZER/S4G/galaxies/NGC5661/P4/,200,3,3,NGC5661_dbar.outgal,"[""NGC5661_dbar.outgal"", ""NGC5661_onecomp.outgal"", ""NGC5661_twocomp.outgal""]",
NGC5665,https://irsa.ipac.caltech.edu/data/SPITZER/S4G/galaxies/NGC5665/P4/,200,3,3,NGC5665_dd.outgal,"[""NGC5665_dd.outgal"", ""NGC5665_onecomp.outgal"", ""NGC5665_twocomp.outgal""]",
NGC5667,https://irsa.ipac.caltech.edu/data/SPITZER/S4G/galaxies/NGC5667/P4/,200,3,3,NGC5667_bd.outgal,"[""NGC5667_bd.outgal"", ""NGC5667_onecomp.outgal"", ""NGC5667_twocomp.outgal""]",
NGC5668,https://irsa.ipac.caltech.edu/data/SPITZER/S4G/galaxies/NGC5668/P4/,200,3,3,NGC5668_dd.outgal,"[""NGC5668_dd.outgal"", ""NGC5668_onecomp.outgal"", ""NGC5668_twocomp.outgal""]",
NGC5669,https://irsa.ipac.caltech.edu/data/SPITZER/S4G/galaxies/NGC5669/P4/,200,3,3,NGC5669_dbar.outgal,"[""NGC5669_dbar.outgal"", ""NGC5669_onecomp.outgal"", ""NGC5669_twocomp.outgal""]",
NGC5676,https://irsa.ipac.caltech.edu/data/SPITZER/S4G/galaxies/NGC5676/P4/,200,3,3,NGC5676_bd.outgal,"[""NGC5676_bd.outgal"", ""NGC5676_onecomp.outgal"", ""NGC5676_twocomp.outgal""]",
NGC5678,https://irsa.ipac.caltech.edu/data/SPITZER/S4G/galaxies/NGC5678/P4/,200,3,3,NGC5678_dn.outgal,"[""NGC5678_dn.outgal"", ""NGC5678_onecomp.outgal"", ""NGC5678_twocomp.outgal""]",
NGC5691,https://irsa.ipac.caltech.edu/data/SPITZER/S4G/galaxies/NGC5691/P4/,200,3,3,NGC5691_dbarf.outgal,"[""NGC5691_dbarf.outgal"", ""NGC5691_onecomp.outgal"", ""NGC5691_twocomp.outgal""]",
NGC5693,https://irsa.ipac.caltech.edu/data/SPITZER/S4G/galaxies/NGC5693/P4/,200,3,3,NGC5693_dbarf.outgal,"[""NGC5693_dbarf.outgal"", ""NGC5693_onecomp.outgal"", ""NGC5693_twocomp.outgal""]",
NGC5701,https://irsa.ipac.caltech.edu/data/SPITZER/S4G/galaxies/NGC5701/P4/,200,3,3,NGC5701_bdbarf.outgal,"[""NGC5701_bdbarf.outgal"", ""NGC5701_onecomp.outgal"", ""NGC5701_twocomp.outgal""]",
NGC5705,https://irsa.ipac.caltech.edu/data/SPITZER/S4G/galaxies/NGC5705/P4/,404,0,0,,[],
NGC5713,https://irsa.ipac.caltech.edu/data/SPITZER/S4G/galaxies/NGC5713/P4/,200,3,3,NGC5713_bdbar.outgal,"[""NGC5713_bdbar.outgal"", ""NGC5713_onecomp.outgal"", ""NGC5713_twocomp.outgal""]",
NGC5728,https://irsa.ipac.caltech.edu/data/SPITZER/S4G/galaxies/NGC5728/P4/,200,3,3,NGC5728_bdbar.outgal,"[""NGC5728_bdbar.outgal"", ""NGC5728_onecomp.outgal"", ""NGC5728_twocomp.outgal""]",
NGC5740,https://irsa.ipac.caltech.edu/data/SPITZER/S4G/galaxies/NGC5740/P4/,200,3,3,NGC5740_bdbarf.outgal,"[""NGC5740_bdbarf.outgal"", ""NGC5740_onecomp.outgal"", ""NGC5740_twocomp.outgal""]",
NGC5750,https://irsa.ipac.caltech.edu/data/SPITZER/S4G/galaxies/NGC5750/P4/,200,3,3,NGC5750_bdbarfn.outgal,"[""NGC5750_bdbarfn.outgal"", ""NGC5750_onecomp.outgal"", ""NGC5750_twocomp.outgal""]",
NGC5757,https://irsa.ipac.caltech.edu/data/SPITZER/S4G/galaxies/NGC5757/P4/,200,3,3,NGC5757_bdbarf.outgal,"[""NGC5757_bdbarf.outgal"", ""NGC5757_onecomp.outgal"", ""NGC5757_twocomp.outgal""]",
NGC5762,https://irsa.ipac.caltech.edu/data/SPITZER/S4G/galaxies/NGC5762/P4/,200,3,3,NGC5762_bdd.outgal,"[""NGC5762_bdd.outgal"", ""NGC5762_onecomp.outgal"", ""NGC5762_twocomp.outgal""]",
NGC5768,https://irsa.ipac.caltech.edu/data/SPITZER/S4G/galaxies/NGC5768/P4/,200,3,3,NGC5768_dbarfn.outgal,"[""NGC5768_dbarfn.outgal"", ""NGC5768_onecomp.outgal"", ""NGC5768_twocomp.outgal""]",
NGC5770,https://irsa.ipac.caltech.edu/data/SPITZER/S4G/galaxies/NGC5770/P4/,200,3,3,NGC5770_ddbarfn.outgal,"[""NGC5770_ddbarfn.outgal"", ""NGC5770_onecomp.outgal"", ""NGC5770_twocomp.outgal""]",
NGC5774,https://irsa.ipac.caltech.edu/data/SPITZER/S4G/galaxies/NGC5774/P4/,200,3,3,NGC5774_ddbar.outgal,"[""NGC5774_ddbar.outgal"", ""NGC5774_onecomp.outgal"", ""NGC5774_twocomp.outgal""]",
NGC5781,https://irsa.ipac.caltech.edu/data/SPITZER/S4G/galaxies/NGC5781/P4/,200,3,3,NGC5781_dbarf.outgal,"[""NGC5781_dbarf.outgal"", ""NGC5781_onecomp.outgal"", ""NGC5781_twocomp.outgal""]",
NGC5783,https://irsa.ipac.caltech.edu/data/SPITZER/S4G/galaxies/NGC5783/P4/,200,3,3,NGC5783_dn.outgal,"[""NGC5783_dn.outgal"", ""NGC5783_onecomp.outgal"", ""NGC5783_twocomp.outgal""]",
NGC5789,https://irsa.ipac.caltech.edu/data/SPITZER/S4G/galaxies/NGC5789/P4/,200,3,3,NGC5789_d.outgal,"[""NGC5789_d.outgal"", ""NGC5789_onecomp.outgal"", ""NGC5789_twocomp.outgal""]",
NGC5798,https://irsa.ipac.caltech.edu/data/SPITZER/S4G/galaxies/NGC5798/P4/,200,3,3,NGC5798_d.outgal,"[""NGC5798_d.outgal"", ""NGC5798_onecomp.outgal"", ""NGC5798_twocomp.outgal""]",
NGC5806,https://irsa.ipac.caltech.edu/data/SPITZER/S4G/galaxies/NGC5806/P4/,200,3,3,NGC5806_bdbarf.outgal,"[""NGC5806_bdbarf.outgal"", ""NGC5806_onecomp.outgal"", ""NGC5806_twocomp.outgal""]",
NGC5811,https://irsa.ipac.caltech.edu/data/SPITZER/S4G/galaxies/NGC5811/P4/,404,0,0,,[],
NGC5821,https://irsa.ipac.caltech.edu/data/SPITZER/S4G/galaxies/NGC5821/P4/,200,3,3,NGC5821_bd.outgal,"[""NGC5821_bd.outgal"", ""NGC5821_onecomp.outgal"", ""NGC5821_twocomp.outgal""]",
NGC5832,https://irsa.ipac.caltech.edu/data/SPITZER/S4G/galaxies/NGC5832/P4/,200,3,3,NGC5832_dbarfn.outgal,"[""NGC5832_dbarfn.outgal"", ""NGC5832_onecomp.outgal"", ""NGC5832_twocomp.outgal""]",
NGC5839,https://irsa.ipac.caltech.edu/data/SPITZER/S4G/galaxies/NGC5839/P4/,404,0,0,,[],
NGC5850,https://irsa.ipac.caltech.edu/data/SPITZER/S4G/galaxies/NGC5850/P4/,200,3,3,NGC5850_bdbarf.outgal,"[""NGC5850_bdbarf.outgal"", ""NGC5850_onecomp.outgal"", ""NGC5850_twocomp.outgal""]",
NGC5861,https://irsa.ipac.caltech.edu/data/SPITZER/S4G/galaxies/NGC5861/P4/,200,3,3,NGC5861_dn.outgal,"[""NGC5861_dn.outgal"", ""NGC5861_onecomp.outgal"", ""NGC5861_twocomp.outgal""]",
NGC5866,https://irsa.ipac.caltech.edu/data/SPITZER/S4G/galaxies/NGC5866/P4/,404,0,0,,[],
NGC5866B,https://irsa.ipac.caltech.edu/data/SPITZER/S4G/galaxies/NGC5866B/P4/,200,3,3,NGC5866B_dbar.outgal,"[""NGC5866B_dbar.outgal"", ""NGC5866B_onecomp.outgal"", ""NGC5866B_twocomp.outgal""]",
NGC5870,https://irsa.ipac.caltech.edu/data/SPITZER/S4G/galaxies/NGC5870/P4/,404,0,0,,[],
NGC5885,https://irsa.ipac.caltech.edu/data/SPITZER/S4G/galaxies/NGC5885/P4/,200,3,3,NGC5885_dbarn.outgal,"[""NGC5885_dbarn.outgal"", ""NGC5885_onecomp.outgal"", ""NGC5885_twocomp.outgal""]",
NGC5890,https://irsa.ipac.caltech.edu/data/SPITZER/S4G/galaxies/NGC5890/P4/,404,0,0,,[],
NGC5892,https://irsa.ipac.caltech.edu/data/SPITZER/S4G/galaxies/NGC5892/P4/,200,3,3,NGC5892_dbar.outgal,"[""NGC5892_dbar.outgal"", ""NGC5892_onecomp.outgal"", ""NGC5892_twocomp.outgal""]",
NGC5899,https://irsa.ipac.caltech.edu/data/SPITZER/S4G/galaxies/NGC5899/P4/,200,3,3,NGC5899_dbarfn.outgal,"[""NGC5899_dbarfn.outgal"", ""NGC5899_onecomp.outgal"", ""NGC5899_twocomp.outgal""]",
NGC5915,https://irsa.ipac.caltech.edu/data/SPITZER/S4G/galaxies/NGC5915/P4/,200,3,3,NGC5915_dbarf.outgal,"[""NGC5915_dbarf.outgal"", ""NGC5915_onecomp.outgal"", ""NGC5915_twocomp.outgal""]",
NGC5917,https://irsa.ipac.caltech.edu/data/SPITZER/S4G/galaxies/NGC5917/P4/,404,0,0,,[],
NGC5921,https://irsa.ipac.caltech.edu/data/SPITZER/S4G/galaxies/NGC5921/P4/,200,3,3,NGC5921_bdbarf.outgal,"[""NGC5921_bdbarf.outgal"", ""NGC5921_onecomp.outgal"", ""NGC5921_twocomp.outgal""]",
NGC5937,https://irsa.ipac.caltech.edu/data/SPITZER/S4G/galaxies/NGC5937/P4/,200,3,3,NGC5937_dn.outgal,"[""NGC5937_dn.outgal"", ""NGC5937_onecomp.outgal"", ""NGC5937_twocomp.outgal""]",
NGC5949,https://irsa.ipac.caltech.edu/data/SPITZER/S4G/galaxies/NGC5949/P4/,200,3,3,NGC5949_dn.outgal,"[""NGC5949_dn.outgal"", ""NGC5949_onecomp.outgal"", ""NGC5949_twocomp.outgal""]",
NGC5950,https://irsa.ipac.caltech.edu/data/SPITZER/S4G/galaxies/NGC5950/P4/,200,3,3,NGC5950_dbar.outgal,"[""NGC5950_dbar.outgal"", ""NGC5950_onecomp.outgal"", ""NGC5950_twocomp.outgal""]",
NGC5953,https://irsa.ipac.caltech.edu/data/SPITZER/S4G/galaxies/NGC5953/P4/,200,3,3,NGC5953_bd.outgal,"[""NGC5953_bd.outgal"", ""NGC5953_onecomp.outgal"", ""NGC5953_twocomp.outgal""]",
NGC5954,https://irsa.ipac.caltech.edu/data/SPITZER/S4G/galaxies/NGC5954/P4/,200,3,3,NGC5954_dn.outgal,"[""NGC5954_dn.outgal"", ""NGC5954_onecomp.outgal"", ""NGC5954_twocomp.outgal""]",
NGC5956,https://irsa.ipac.caltech.edu/data/SPITZER/S4G/galaxies/NGC5956/P4/,200,3,3,NGC5956_dbarn.outgal,"[""NGC5956_dbarn.outgal"", ""NGC5956_onecomp.outgal"", ""NGC5956_twocomp.outgal""]",
NGC5957,https://irsa.ipac.caltech.edu/data/SPITZER/S4G/galaxies/NGC5957/P4/,200,3,3,NGC5957_bddbarf.outgal,"[""NGC5957_bddbarf.outgal"", ""NGC5957_onecomp.outgal"", ""NGC5957_twocomp.outgal""]",
NGC5958,https://irsa.ipac.caltech.edu/data/SPITZER/S4G/galaxies/NGC5958/P4/,200,3,3,NGC5958_dbarfn.outgal,"[""NGC5958_dbarfn.outgal"", ""NGC5958_onecomp.outgal"", ""NGC5958_twocomp.outgal""]",
NGC5962,https://irsa.ipac.caltech.edu/data/SPITZER/S4G/galaxies/NGC5962/P4/,200,3,3,NGC5962_bdd.outgal,"[""NGC5962_bdd.outgal"", ""NGC5962_onecomp.outgal"", ""NGC5962_twocomp.outgal""]",
NGC5963,https://irsa.ipac.caltech.edu/data/SPITZER/S4G/galaxies/NGC5963/P4/,200,3,3,NGC5963_ddn.outgal,"[""NGC5963_ddn.outgal"", ""NGC5963_onecomp.outgal"", ""NGC5963_twocomp.outgal""]",
NGC5964,https://irsa.ipac.caltech.edu/data/SPITZER/S4G/galaxies/NGC5964/P4/,200,3,3,NGC5964_dbar.outgal,"[""NGC5964_dbar.outgal"", ""NGC5964_onecomp.outgal"", ""NGC5964_twocomp.outgal""]",
NGC5970,https://irsa.ipac.caltech.edu/data/SPITZER/S4G/galaxies/NGC5970/P4/,200,3,3,NGC5970_dbarn.outgal,"[""NGC5970_dbarn.outgal"", ""NGC5970_onecomp.outgal"", ""NGC5970_twocomp.outgal""]",
NGC5985,https://irsa.ipac.caltech.edu/data/SPITZER/S4G/galaxies/NGC5985/P4/,200,3,3,NGC5985_bd.outgal,"[""NGC5985_bd.outgal"", ""NGC5985_onecomp.outgal"", ""NGC5985_twocomp.outgal""]",
NGC6012,https://irsa.ipac.caltech.edu/data/SPITZER/S4G/galaxies/NGC6012/P4/,200,3,3,NGC6012_dbarfn.outgal,"[""NGC6012_dbarfn.outgal"", ""NGC6012_onecomp.outgal"", ""NGC6012_twocomp.outgal""]",
NGC6014,https://irsa.ipac.caltech.edu/data/SPITZER/S4G/galaxies/NGC6014/P4/,200,3,3,NGC6014_dbarfn.outgal,"[""NGC6014_dbarfn.outgal"", ""NGC6014_onecomp.outgal"", ""NGC6014_twocomp.outgal""]",
NGC6015,https://irsa.ipac.caltech.edu/data/SPITZER/S4G/galaxies/NGC6015/P4/,200,3,3,NGC6015_dn.outgal,"[""NGC6015_dn.outgal"", ""NGC6015_onecomp.outgal"", ""NGC6015_twocomp.outgal""]",
NGC6063,https://irsa.ipac.caltech.edu/data/SPITZER/S4G/galaxies/NGC6063/P4/,200,3,3,NGC6063_dn.outgal,"[""NGC6063_dn.outgal"", ""NGC6063_onecomp.outgal"", ""NGC6063_twocomp.outgal""]",
NGC6070,https://irsa.ipac.caltech.edu/data/SPITZER/S4G/galaxies/NGC6070/P4/,200,3,3,NGC6070_bd.outgal,"[""NGC6070_bd.outgal"", ""NGC6070_onecomp.outgal"", ""NGC6070_twocomp.outgal""]",
NGC6106,https://irsa.ipac.caltech.edu/data/SPITZER/S4G/galaxies/NGC6106/P4/,200,3,3,NGC6106_dn.outgal,"[""NGC6106_dn.outgal"", ""NGC6106_onecomp.outgal"", ""NGC6106_twocomp.outgal""]",
NGC6118,https://irsa.ipac.caltech.edu/data/SPITZER/S4G/galaxies/NGC6118/P4/,200,3,3,NGC6118_bd.outgal,"[""NGC6118_bd.outgal"", ""NGC6118_onecomp.outgal"", ""NGC6118_twocomp.outgal""]",
NGC6140,https://irsa.ipac.caltech.edu/data/SPITZER/S4G/galaxies/NGC6140/P4/,200,3,3,NGC6140_dbar.outgal,"[""NGC6140_dbar.outgal"", ""NGC6140_onecomp.outgal"", ""NGC6140_twocomp.outgal""]",
NGC6155,https://irsa.ipac.caltech.edu/data/SPITZER/S4G/galaxies/NGC6155/P4/,200,3,3,NGC6155_dbar.outgal,"[""NGC6155_dbar.outgal"", ""NGC6155_onecomp.outgal"", ""NGC6155_twocomp.outgal""]",
NGC6181,https://irsa.ipac.caltech.edu/data/SPITZER/S4G/galaxies/NGC6181/P4/,200,3,3,NGC6181_dbarfn.outgal,"[""NGC6181_dbarfn.outgal"", ""NGC6181_onecomp.outgal"", ""NGC6181_twocomp.outgal""]",
NGC6186,https://irsa.ipac.caltech.edu/data/SPITZER/S4G/galaxies/NGC6186/P4/,404,0,0,,[],
NGC6207,https://irsa.ipac.caltech.edu/data/SPITZER/S4G/galaxies/NGC6207/P4/,200,3,3,NGC6207_dd.outgal,"[""NGC6207_dd.outgal"", ""NGC6207_onecomp.outgal"", ""NGC6207_twocomp.outgal""]",
NGC6217,https://irsa.ipac.caltech.edu/data/SPITZER/S4G/galaxies/NGC6217/P4/,200,3,3,NGC6217_dbarfn.outgal,"[""NGC6217_dbarfn.outgal"", ""NGC6217_onecomp.outgal"", ""NGC6217_twocomp.outgal""]",
NGC6236,https://irsa.ipac.caltech.edu/data/SPITZER/S4G/galaxies/NGC6236/P4/,200,3,3,NGC6236_dbar.outgal,"[""NGC6236_dbar.outgal"", ""NGC6236_onecomp.outgal"", ""NGC6236_twocomp.outgal""]",
NGC6237,https://irsa.ipac.caltech.edu/data/SPITZER/S4G/galaxies/NGC6237/P4/,200,3,3,NGC6237_dbar.outgal,"[""NGC6237_dbar.outgal"", ""NGC6237_onecomp.outgal"", ""NGC6237_twocomp.outgal""]",
NGC6239,https://irsa.ipac.caltech.edu/data/SPITZER/S4G/galaxies/NGC6239/P4/,200,3,3,NGC6239_dbar.outgal,"[""NGC6239_dbar.outgal"", ""NGC6239_onecomp.outgal"", ""NGC6239_twocomp.outgal""]",
NGC6255,https://irsa.ipac.caltech.edu/data/SPITZER/S4G/galaxies/NGC6255/P4/,200,3,3,NGC6255_dbar.outgal,"[""NGC6255_dbar.outgal"", ""NGC6255_onecomp.outgal"", ""NGC6255_twocomp.outgal""]",
NGC6267,https://irsa.ipac.caltech.edu/data/SPITZER/S4G/galaxies/NGC6267/P4/,200,3,3,NGC6267_bdbarf.outgal,"[""NGC6267_bdbarf.outgal"", ""NGC6267_onecomp.outgal"", ""NGC6267_twocomp.outgal""]",
NGC6283,https://irsa.ipac.caltech.edu/data/SPITZER/S4G/galaxies/NGC6283/P4/,404,0,0,,[],
NGC6306,https://irsa.ipac.caltech.edu/data/SPITZER/S4G/galaxies/NGC6306/P4/,404,0,0,,[],
NGC6339,https://irsa.ipac.caltech.edu/data/SPITZER/S4G/galaxies/NGC6339/P4/,200,3,3,NGC6339_dbar.outgal,"[""NGC6339_dbar.outgal"", ""NGC6339_onecomp.outgal"", ""NGC6339_twocomp.outgal""]",
NGC6340,https://irsa.ipac.caltech.edu/data/SPITZER/S4G/galaxies/NGC6340/P4/,200,2,2,NGC6340_twocomp.outgal,"[""NGC6340_onecomp.outgal"", ""NGC6340_twocomp.outgal""]",
NGC6412,https://irsa.ipac.caltech.edu/data/SPITZER/S4G/galaxies/NGC6412/P4/,200,3,3,NGC6412_dbarn.outgal,"[""NGC6412_dbarn.outgal"", ""NGC6412_onecomp.outgal"", ""NGC6412_twocomp.outgal""]",
NGC6434,https://irsa.ipac.caltech.edu/data/SPITZER/S4G/galaxies/NGC6434/P4/,200,3,3,NGC6434_bdd.outgal,"[""NGC6434_bdd.outgal"", ""NGC6434_onecomp.outgal"", ""NGC6434_twocomp.outgal""]",
NGC6861,https://irsa.ipac.caltech.edu/data/SPITZER/S4G/galaxies/NGC6861/P4/,404,0,0,,[],
NGC6861B,https://irsa.ipac.caltech.edu/data/SPITZER/S4G/galaxies/NGC6861B/P4/,404,0,0,,[],
NGC6889,https://irsa.ipac.caltech.edu/data/SPITZER/S4G/galaxies/NGC6889/P4/,200,3,3,NGC6889_dbarn.outgal,"[""NGC6889_dbarn.outgal"", ""NGC6889_onecomp.outgal"", ""NGC6889_twocomp.outgal""]",
NGC6890,https://irsa.ipac.caltech.edu/data/SPITZER/S4G/galaxies/NGC6890/P4/,404,0,0,,[],
NGC6902,https://irsa.ipac.caltech.edu/data/SPITZER/S4G/galaxies/NGC6902/P4/,200,3,3,NGC6902_bdd.outgal,"[""NGC6902_bdd.outgal"", ""NGC6902_onecomp.outgal"", ""NGC6902_twocomp.outgal""]",
NGC6902B,https://irsa.ipac.caltech.edu/data/SPITZER/S4G/galaxies/NGC6902B/P4/,200,3,3,NGC6902B_bd.outgal,"[""NGC6902B_bd.outgal"", ""NGC6902B_onecomp.outgal"", ""NGC6902B_twocomp.outgal""]",
NGC6923,https://irsa.ipac.caltech.edu/data/SPITZER/S4G/galaxies/NGC6923/P4/,200,3,3,NGC6923_bdbar.outgal,"[""NGC6923_bdbar.outgal"", ""NGC6923_onecomp.outgal"", ""NGC6923_twocomp.outgal""]",
NGC6958,https://irsa.ipac.caltech.edu/data/SPITZER/S4G/galaxies/NGC6958/P4/,404,0,0,,[],
NGC6990,https://irsa.ipac.caltech.edu/data/SPITZER/S4G/galaxies/NGC6990/P4/,404,0,0,,[],
NGC7022,https://irsa.ipac.caltech.edu/data/SPITZER/S4G/galaxies/NGC7022/P4/,404,0,0,,[],
NGC7051,https://irsa.ipac.caltech.edu/data/SPITZER/S4G/galaxies/NGC7051/P4/,200,3,3,NGC7051_dbarn.outgal,"[""NGC7051_dbarn.outgal"", ""NGC7051_onecomp.outgal"", ""NGC7051_twocomp.outgal""]",
NGC7070,https://irsa.ipac.caltech.edu/data/SPITZER/S4G/galaxies/NGC7070/P4/,200,3,3,NGC7070_dbar.outgal,"[""NGC7070_dbar.outgal"", ""NGC7070_onecomp.outgal"", ""NGC7070_twocomp.outgal""]",
NGC7070A,https://irsa.ipac.caltech.edu/data/SPITZER/S4G/galaxies/NGC7070A/P4/,404,0,0,,[],
NGC7079,https://irsa.ipac.caltech.edu/data/SPITZER/S4G/galaxies/NGC7079/P4/,200,3,3,NGC7079_bdbarf.outgal,"[""NGC7079_bdbarf.outgal"", ""NGC7079_onecomp.outgal"", ""NGC7079_twocomp.outgal""]",
NGC7091,https://irsa.ipac.caltech.edu/data/SPITZER/S4G/galaxies/NGC7091/P4/,200,3,3,NGC7091_dbar.outgal,"[""NGC7091_dbar.outgal"", ""NGC7091_onecomp.outgal"", ""NGC7091_twocomp.outgal""]",
NGC7096,https://irsa.ipac.caltech.edu/data/SPITZER/S4G/galaxies/NGC7096/P4/,404,0,0,,[],
NGC7098,https://irsa.ipac.caltech.edu/data/SPITZER/S4G/galaxies/NGC7098/P4/,200,3,3,NGC7098_bdbarfn.outgal,"[""NGC7098_bdbarfn.outgal"", ""NGC7098_onecomp.outgal"", ""NGC7098_twocomp.outgal""]",
NGC7126,https://irsa.ipac.caltech.edu/data/SPITZER/S4G/galaxies/NGC7126/P4/,404,0,0,,[],
NGC7135,https://irsa.ipac.caltech.edu/data/SPITZER/S4G/galaxies/NGC7135/P4/,404,0,0,,[],
NGC7140,https://irsa.ipac.caltech.edu/data/SPITZER/S4G/galaxies/NGC7140/P4/,200,3,3,NGC7140_bdbarf.outgal,"[""NGC7140_bdbarf.outgal"", ""NGC7140_onecomp.outgal"", ""NGC7140_twocomp.outgal""]",
NGC7154,https://irsa.ipac.caltech.edu/data/SPITZER/S4G/galaxies/NGC7154/P4/,200,3,3,NGC7154_dbarfn.outgal,"[""NGC7154_dbarfn.outgal"", ""NGC7154_onecomp.outgal"", ""NGC7154_twocomp.outgal""]",
NGC7155,https://irsa.ipac.caltech.edu/data/SPITZER/S4G/galaxies/NGC7155/P4/,404,0,0,,[],
NGC7162A,https://irsa.ipac.caltech.edu/data/SPITZER/S4G/galaxies/NGC7162A/P4/,200,3,3,NGC7162A_dbarf.outgal,"[""NGC7162A_dbarf.outgal"", ""NGC7162A_onecomp.outgal"", ""NGC7162A_twocomp.outgal""]",
NGC7163,https://irsa.ipac.caltech.edu/data/SPITZER/S4G/galaxies/NGC7163/P4/,200,3,3,NGC7163_bdbarf.outgal,"[""NGC7163_bdbarf.outgal"", ""NGC7163_onecomp.outgal"", ""NGC7163_twocomp.outgal""]",
NGC7167,https://irsa.ipac.caltech.edu/data/SPITZER/S4G/galaxies/NGC7167/P4/,200,3,3,NGC7167_dn.outgal,"[""NGC7167_dn.outgal"", ""NGC7167_onecomp.outgal"", ""NGC7167_twocomp.outgal""]",
NGC7171,https://irsa.ipac.caltech.edu/data/SPITZER/S4G/galaxies/NGC7171/P4/,200,3,3,NGC7171_bd.outgal,"[""NGC7171_bd.outgal"", ""NGC7171_onecomp.outgal"", ""NGC7171_twocomp.outgal""]",
NGC7179,https://irsa.ipac.caltech.edu/data/SPITZER/S4G/galaxies/NGC7179/P4/,200,3,3,NGC7179_bdbarf.outgal,"[""NGC7179_bdbarf.outgal"", ""NGC7179_onecomp.outgal"", ""NGC7179_twocomp.outgal""]",
NGC7187,https://irsa.ipac.caltech.edu/data/SPITZER/S4G/galaxies/NGC7187/P4/,404,0,0,,[],
NGC7188,https://irsa.ipac.caltech.edu/data/SPITZER/S4G/galaxies/NGC7188/P4/,200,3,3,NGC7188_dbarfn.outgal,"[""NGC7188_dbarfn.outgal"", ""NGC7188_onecomp.outgal"", ""NGC7188_twocomp.outgal""]",
NGC7191,https://irsa.ipac.caltech.edu/data/SPITZER/S4G/galaxies/NGC7191/P4/,200,3,3,NGC7191_dbarn.outgal,"[""NGC7191_dbarn.outgal"", ""NGC7191_onecomp.outgal"", ""NGC7191_twocomp.outgal""]",
NGC7192,https://irsa.ipac.caltech.edu/data/SPITZER/S4G/galaxies/NGC7192/P4/,404,0,0,,[],
NGC7199,https://irsa.ipac.caltech.edu/data/SPITZER/S4G/galaxies/NGC7199/P4/,404,0,0,,[],
NGC7200,https://irsa.ipac.caltech.edu/data/SPITZER/S4G/galaxies/NGC7200/P4/,404,0,0,,[],
NGC7205,https://irsa.ipac.caltech.edu/data/SPITZER/S4G/galaxies/NGC7205/P4/,200,3,3,NGC7205_bd.outgal,"[""NGC7205_bd.outgal"", ""NGC7205_onecomp.outgal"", ""NGC7205_twocomp.outgal""]",
NGC7213,https://irsa.ipac.caltech.edu/data/SPITZER/S4G/galaxies/NGC7213/P4/,200,3,3,NGC7213_b.outgal,"[""NGC7213_b.outgal"", ""NGC7213_onecomp.outgal"", ""NGC7213_twocomp.outgal""]",
NGC7218,https://irsa.ipac.caltech.edu/data/SPITZER/S4G/galaxies/NGC7218/P4/,200,3,3,NGC7218_dbarfn.outgal,"[""NGC7218_dbarfn.outgal"", ""NGC7218_onecomp.outgal"", ""NGC7218_twocomp.outgal""]",
NGC7219,https://irsa.ipac.caltech.edu/data/SPITZER/S4G/galaxies/NGC7219/P4/,200,3,3,NGC7219_bdd.outgal,"[""NGC7219_bdd.outgal"", ""NGC7219_onecomp.outgal"", ""NGC7219_twocomp.outgal""]",
NGC7232B,https://irsa.ipac.caltech.edu/data/SPITZER/S4G/galaxies/NGC7232B/P4/,404,0,0,,[],
NGC7233,https://irsa.ipac.caltech.edu/data/SPITZER/S4G/galaxies/NGC7233/P4/,404,0,0,,[],
NGC7247,https://irsa.ipac.caltech.edu/data/SPITZER/S4G/galaxies/NGC7247/P4/,200,3,3,NGC7247_dn.outgal,"[""NGC7247_dn.outgal"", ""NGC7247_onecomp.outgal"", ""NGC7247_twocomp.outgal""]",
NGC7254,https://irsa.ipac.caltech.edu/data/SPITZER/S4G/galaxies/NGC7254/P4/,200,3,3,NGC7254_dn.outgal,"[""NGC7254_dn.outgal"", ""NGC7254_onecomp.outgal"", ""NGC7254_twocomp.outgal""]",
NGC7259,https://irsa.ipac.caltech.edu/data/SPITZER/S4G/galaxies/NGC7259/P4/,404,0,0,,[],
NGC7280,https://irsa.ipac.caltech.edu/data/SPITZER/S4G/galaxies/NGC7280/P4/,200,3,3,NGC7280_bdbar.outgal,"[""NGC7280_bdbar.outgal"", ""NGC7280_onecomp.outgal"", ""NGC7280_twocomp.outgal""]",
NGC7290,https://irsa.ipac.caltech.edu/data/SPITZER/S4G/galaxies/NGC7290/P4/,200,3,3,NGC7290_dn.outgal,"[""NGC7290_dn.outgal"", ""NGC7290_onecomp.outgal"", ""NGC7290_twocomp.outgal""]",
NGC7302,https://irsa.ipac.caltech.edu/data/SPITZER/S4G/galaxies/NGC7302/P4/,404,0,0,,[],
NGC7314,https://irsa.ipac.caltech.edu/data/SPITZER/S4G/galaxies/NGC7314/P4/,200,3,3,NGC7314_nd.outgal,"[""NGC7314_nd.outgal"", ""NGC7314_onecomp.outgal"", ""NGC7314_twocomp.outgal""]",
NGC7371,https://irsa.ipac.caltech.edu/data/SPITZER/S4G/galaxies/NGC7371/P4/,200,3,3,NGC7371_bdbar.outgal,"[""NGC7371_bdbar.outgal"", ""NGC7371_onecomp.outgal"", ""NGC7371_twocomp.outgal""]",
NGC7378,https://irsa.ipac.caltech.edu/data/SPITZER/S4G/galaxies/NGC7378/P4/,200,3,3,NGC7378_bd.outgal,"[""NGC7378_bd.outgal"", ""NGC7378_onecomp.outgal"", ""NGC7378_twocomp.outgal""]",
NGC7410,https://irsa.ipac.caltech.edu/data/SPITZER/S4G/galaxies/NGC7410/P4/,404,0,0,,[],
NGC7412,https://irsa.ipac.caltech.edu/data/SPITZER/S4G/galaxies/NGC7412/P4/,200,3,3,NGC7412_bd.outgal,"[""NGC7412_bd.outgal"", ""NGC7412_onecomp.outgal"", ""NGC7412_twocomp.outgal""]",
NGC7418,https://irsa.ipac.caltech.edu/data/SPITZER/S4G/galaxies/NGC7418/P4/,200,3,3,NGC7418_dbarfn.outgal,"[""NGC7418_dbarfn.outgal"", ""NGC7418_onecomp.outgal"", ""NGC7418_twocomp.outgal""]",
NGC7418A,https://irsa.ipac.caltech.edu/data/SPITZER/S4G/galaxies/NGC7418A/P4/,200,3,3,NGC7418A_dbarn.outgal,"[""NGC7418A_dbarn.outgal"", ""NGC7418A_onecomp.outgal"", ""NGC7418A_twocomp.outgal""]",
NGC7421,https://irsa.ipac.caltech.edu/data/SPITZER/S4G/galaxies/NGC7421/P4/,200,3,3,NGC7421_bdbarf.outgal,"[""NGC7421_bdbarf.outgal"", ""NGC7421_onecomp.outgal"", ""NGC7421_twocomp.outgal""]",
NGC7424,https://irsa.ipac.caltech.edu/data/SPITZER/S4G/galaxies/NGC7424/P4/,200,3,3,NGC7424_dbar.outgal,"[""NGC7424_dbar.outgal"", ""NGC7424_onecomp.outgal"", ""NGC7424_twocomp.outgal""]",
NGC7437,https://irsa.ipac.caltech.edu/data/SPITZER/S4G/galaxies/NGC7437/P4/,200,3,3,NGC7437_bd.outgal,"[""NGC7437_bd.outgal"", ""NGC7437_onecomp.outgal"", ""NGC7437_twocomp.outgal""]",
NGC7465,https://irsa.ipac.caltech.edu/data/SPITZER/S4G/galaxies/NGC7465/P4/,200,3,3,NGC7465_bdbar.outgal,"[""NGC7465_bdbar.outgal"", ""NGC7465_onecomp.outgal"", ""NGC7465_twocomp.outgal""]",
NGC7476,https://irsa.ipac.caltech.edu/data/SPITZER/S4G/galaxies/NGC7476/P4/,404,0,0,,[],
NGC7479,https://irsa.ipac.caltech.edu/data/SPITZER/S4G/galaxies/NGC7479/P4/,200,3,3,NGC7479_bdbar.outgal,"[""NGC7479_bdbar.outgal"", ""NGC7479_onecomp.outgal"", ""NGC7479_twocomp.outgal""]",
NGC7496,https://irsa.ipac.caltech.edu/data/SPITZER/S4G/galaxies/NGC7496/P4/,200,3,3,NGC7496_dbarfn.outgal,"[""NGC7496_dbarfn.outgal"", ""NGC7496_onecomp.outgal"", ""NGC7496_twocomp.outgal""]",
NGC7496A,https://irsa.ipac.caltech.edu/data/SPITZER/S4G/galaxies/NGC7496A/P4/,404,0,0,,[],
NGC7513,https://irsa.ipac.caltech.edu/data/SPITZER/S4G/galaxies/NGC7513/P4/,200,3,3,NGC7513_bdbarf.outgal,"[""NGC7513_bdbarf.outgal"", ""NGC7513_onecomp.outgal"", ""NGC7513_twocomp.outgal""]",
NGC7531,https://irsa.ipac.caltech.edu/data/SPITZER/S4G/galaxies/NGC7531/P4/,200,3,3,NGC7531_bdbar.outgal,"[""NGC7531_bdbar.outgal"", ""NGC7531_onecomp.outgal"", ""NGC7531_twocomp.outgal""]",
NGC7545,https://irsa.ipac.caltech.edu/data/SPITZER/S4G/galaxies/NGC7545/P4/,404,0,0,,[],
NGC7552,https://irsa.ipac.caltech.edu/data/SPITZER/S4G/galaxies/NGC7552/P4/,200,3,3,NGC7552_bdbar.outgal,"[""NGC7552_bdbar.outgal"", ""NGC7552_onecomp.outgal"", ""NGC7552_twocomp.outgal""]",
NGC7582,https://irsa.ipac.caltech.edu/data/SPITZER/S4G/galaxies/NGC7582/P4/,200,3,3,NGC7582_bdbar.outgal,"[""NGC7582_bdbar.outgal"", ""NGC7582_onecomp.outgal"", ""NGC7582_twocomp.outgal""]",
NGC7590,https://irsa.ipac.caltech.edu/data/SPITZER/S4G/galaxies/NGC7590/P4/,200,3,3,NGC7590_bd.outgal,"[""NGC7590_bd.outgal"", ""NGC7590_onecomp.outgal"", ""NGC7590_twocomp.outgal""]",
NGC7606,https://irsa.ipac.caltech.edu/data/SPITZER/S4G/galaxies/NGC7606/P4/,200,3,3,NGC7606_bd.outgal,"[""NGC7606_bd.outgal"", ""NGC7606_onecomp.outgal"", ""NGC7606_twocomp.outgal""]",
NGC7625,https://irsa.ipac.caltech.edu/data/SPITZER/S4G/galaxies/NGC7625/P4/,200,3,3,NGC7625_bdd.outgal,"[""NGC7625_bdd.outgal"", ""NGC7625_onecomp.outgal"", ""NGC7625_twocomp.outgal""]",
NGC7661,https://irsa.ipac.caltech.edu/data/SPITZER/S4G/galaxies/NGC7661/P4/,200,3,3,NGC7661_dbar.outgal,"[""NGC7661_dbar.outgal"", ""NGC7661_onecomp.outgal"", ""NGC7661_twocomp.outgal""]",
NGC7689,https://irsa.ipac.caltech.edu/data/SPITZER/S4G/galaxies/NGC7689/P4/,200,3,3,NGC7689_dn.outgal,"[""NGC7689_dn.outgal"", ""NGC7689_onecomp.outgal"", ""NGC7689_twocomp.outgal""]",
NGC7694,https://irsa.ipac.caltech.edu/data/SPITZER/S4G/galaxies/NGC7694/P4/,200,3,3,NGC7694_d.outgal,"[""NGC7694_d.outgal"", ""NGC7694_onecomp.outgal"", ""NGC7694_twocomp.outgal""]",
NGC7713,https://irsa.ipac.caltech.edu/data/SPITZER/S4G/galaxies/NGC7713/P4/,200,3,3,NGC7713_dbar.outgal,"[""NGC7713_dbar.outgal"", ""NGC7713_onecomp.outgal"", ""NGC7713_twocomp.outgal""]",
NGC7713A,https://irsa.ipac.caltech.edu/data/SPITZER/S4G/galaxies/NGC7713A/P4/,404,0,0,,[],
NGC7714,https://irsa.ipac.caltech.edu/data/SPITZER/S4G/galaxies/NGC7714/P4/,200,3,3,NGC7714_dn.outgal,"[""NGC7714_dn.outgal"", ""NGC7714_onecomp.outgal"", ""NGC7714_twocomp.outgal""]",
NGC7716,https://irsa.ipac.caltech.edu/data/SPITZER/S4G/galaxies/NGC7716/P4/,200,3,3,NGC7716_bd.outgal,"[""NGC7716_bd.outgal"", ""NGC7716_onecomp.outgal"", ""NGC7716_twocomp.outgal""]",
NGC7723,https://irsa.ipac.caltech.edu/data/SPITZER/S4G/galaxies/NGC7723/P4/,200,3,3,NGC7723_bdbarf.outgal,"[""NGC7723_bdbarf.outgal"", ""NGC7723_onecomp.outgal"", ""NGC7723_twocomp.outgal""]",
NGC7724,https://irsa.ipac.caltech.edu/data/SPITZER/S4G/galaxies/NGC7724/P4/,200,3,3,NGC7724_dbarfn.outgal,"[""NGC7724_dbarfn.outgal"", ""NGC7724_onecomp.outgal"", ""NGC7724_twocomp.outgal""]",
NGC7727,https://irsa.ipac.caltech.edu/data/SPITZER/S4G/galaxies/NGC7727/P4/,200,3,3,NGC7727_bd.outgal,"[""NGC7727_bd.outgal"", ""NGC7727_onecomp.outgal"", ""NGC7727_twocomp.outgal""]",
NGC7731,https://irsa.ipac.caltech.edu/data/SPITZER/S4G/galaxies/NGC7731/P4/,200,3,3,NGC7731_bdbar.outgal,"[""NGC7731_bdbar.outgal"", ""NGC7731_onecomp.outgal"", ""NGC7731_twocomp.outgal""]",
NGC7741,https://irsa.ipac.caltech.edu/data/SPITZER/S4G/galaxies/NGC7741/P4/,200,3,3,NGC7741_dbar.outgal,"[""NGC7741_dbar.outgal"", ""NGC7741_onecomp.outgal"", ""NGC7741_twocomp.outgal""]",
NGC7742,https://irsa.ipac.caltech.edu/data/SPITZER/S4G/galaxies/NGC7742/P4/,200,3,3,NGC7742_bd.outgal,"[""NGC7742_bd.outgal"", ""NGC7742_onecomp.outgal"", ""NGC7742_twocomp.outgal""]",
NGC7750,https://irsa.ipac.caltech.edu/data/SPITZER/S4G/galaxies/NGC7750/P4/,200,3,3,NGC7750_dn.outgal,"[""NGC7750_dn.outgal"", ""NGC7750_onecomp.outgal"", ""NGC7750_twocomp.outgal""]",
NGC7755,https://irsa.ipac.caltech.edu/data/SPITZER/S4G/galaxies/NGC7755/P4/,200,3,3,NGC7755_bdbarf.outgal,"[""NGC7755_bdbarf.outgal"", ""NGC7755_onecomp.outgal"", ""NGC7755_twocomp.outgal""]",
NGC7757,https://irsa.ipac.caltech.edu/data/SPITZER/S4G/galaxies/NGC7757/P4/,200,3,3,NGC7757_dbarn.outgal,"[""NGC7757_dbarn.outgal"", ""NGC7757_onecomp.outgal"", ""NGC7757_twocomp.outgal""]",
NGC7764,https://irsa.ipac.caltech.edu/data/SPITZER/S4G/galaxies/NGC7764/P4/,200,3,3,NGC7764_dbarf.outgal,"[""NGC7764_dbarf.outgal"", ""NGC7764_onecomp.outgal"", ""NGC7764_twocomp.outgal""]",
NGC7793,https://irsa.ipac.caltech.edu/data/SPITZER/S4G/galaxies/NGC7793/P4/,200,3,3,NGC7793_dn.outgal,"[""NGC7793_dn.outgal"", ""NGC7793_onecomp.outgal"", ""NGC7793_twocomp.outgal""]",
NGC7798,https://irsa.ipac.caltech.edu/data/SPITZER/S4G/galaxies/NGC7798/P4/,200,3,3,NGC7798_bdbarf.outgal,"[""NGC7798_bdbarf.outgal"", ""NGC7798_onecomp.outgal"", ""NGC7798_twocomp.outgal""]",
PGC001457,https://irsa.ipac.caltech.edu/data/SPITZER/S4G/galaxies/PGC001457/P4/,404,0,0,,[],
PGC002465,https://irsa.ipac.caltech.edu/data/SPITZER/S4G/galaxies/PGC002465/P4/,404,0,0,,[],
PGC002492,https://irsa.ipac.caltech.edu/data/SPITZER/S4G/galaxies/PGC002492/P4/,200,3,3,PGC002492_dbar.outgal,"[""PGC002492_dbar.outgal"", ""PGC002492_onecomp.outgal"", ""PGC002492_twocomp.outgal""]",
PGC002689,https://irsa.ipac.caltech.edu/data/SPITZER/S4G/galaxies/PGC002689/P4/,200,3,3,PGC002689_d.outgal,"[""PGC002689_d.outgal"", ""PGC002689_onecomp.outgal"", ""PGC002689_twocomp.outgal""]",
PGC003689,https://irsa.ipac.caltech.edu/data/SPITZER/S4G/galaxies/PGC003689/P4/,404,0,0,,[],
PGC003853,https://irsa.ipac.caltech.edu/data/SPITZER/S4G/galaxies/PGC003853/P4/,200,3,3,PGC003853_dbar.outgal,"[""PGC003853_dbar.outgal"", ""PGC003853_onecomp.outgal"", ""PGC003853_twocomp.outgal""]",
PGC006048,https://irsa.ipac.caltech.edu/data/SPITZER/S4G/galaxies/PGC006048/P4/,200,3,3,PGC006048_dd.outgal,"[""PGC006048_dd.outgal"", ""PGC006048_onecomp.outgal"", ""PGC006048_twocomp.outgal""]",
PGC006626,https://irsa.ipac.caltech.edu/data/SPITZER/S4G/galaxies/PGC006626/P4/,200,3,3,PGC006626_dbarn.outgal,"[""PGC006626_dbarn.outgal"", ""PGC006626_onecomp.outgal"", ""PGC006626_twocomp.outgal""]",
PGC006667,https://irsa.ipac.caltech.edu/data/SPITZER/S4G/galaxies/PGC006667/P4/,200,3,3,PGC006667_dbar.outgal,"[""PGC006667_dbar.outgal"", ""PGC006667_onecomp.outgal"", ""PGC006667_twocomp.outgal""]",
PGC006706,https://irsa.ipac.caltech.edu/data/SPITZER/S4G/galaxies/PGC006706/P4/,200,3,3,PGC006706_d.outgal,"[""PGC006706_d.outgal"", ""PGC006706_onecomp.outgal"", ""PGC006706_twocomp.outgal""]",
PGC007109,https://irsa.ipac.caltech.edu/data/SPITZER/S4G/galaxies/PGC007109/P4/,200,3,3,PGC007109_dd.outgal,"[""PGC007109_dd.outgal"", ""PGC007109_onecomp.outgal"", ""PGC007109_twocomp.outgal""]",
PGC007654,https://irsa.ipac.caltech.edu/data/SPITZER/S4G/galaxies/PGC007654/P4/,200,3,3,PGC007654_d.outgal,"[""PGC007654_d.outgal"", ""PGC007654_onecomp.outgal"", ""PGC007654_twocomp.outgal""]",
PGC009485,https://irsa.ipac.caltech.edu/data/SPITZER/S4G/galaxies/PGC009485/P4/,404,0,0,,[],
PGC009559,https://irsa.ipac.caltech.edu/data/SPITZER/S4G/galaxies/PGC009559/P4/,200,3,3,PGC009559_dd.outgal,"[""PGC009559_dd.outgal"", ""PGC009559_onecomp.outgal"", ""PGC009559_twocomp.outgal""]",
PGC010813,https://irsa.ipac.caltech.edu/data/SPITZER/S4G/galaxies/PGC010813/P4/,200,3,3,PGC010813_dn.outgal,"[""PGC010813_dn.outgal"", ""PGC010813_onecomp.outgal"", ""PGC010813_twocomp.outgal""]",
PGC011135,https://irsa.ipac.caltech.edu/data/SPITZER/S4G/galaxies/PGC011135/P4/,404,0,0,,[],
PGC011248,https://irsa.ipac.caltech.edu/data/SPITZER/S4G/galaxies/PGC011248/P4/,200,3,3,PGC011248_dbar.outgal,"[""PGC011248_dbar.outgal"", ""PGC011248_onecomp.outgal"", ""PGC011248_twocomp.outgal""]",
PGC011367,https://irsa.ipac.caltech.edu/data/SPITZER/S4G/galaxies/PGC011367/P4/,200,3,3,PGC011367_bd.outgal,"[""PGC011367_bd.outgal"", ""PGC011367_onecomp.outgal"", ""PGC011367_twocomp.outgal""]",
PGC011677,https://irsa.ipac.caltech.edu/data/SPITZER/S4G/galaxies/PGC011677/P4/,200,3,3,PGC011677_dbar.outgal,"[""PGC011677_dbar.outgal"", ""PGC011677_onecomp.outgal"", ""PGC011677_twocomp.outgal""]",
PGC011744,https://irsa.ipac.caltech.edu/data/SPITZER/S4G/galaxies/PGC011744/P4/,200,3,3,PGC011744_dbar.outgal,"[""PGC011744_dbar.outgal"", ""PGC011744_onecomp.outgal"", ""PGC011744_twocomp.outgal""]",
PGC012068,https://irsa.ipac.caltech.edu/data/SPITZER/S4G/galaxies/PGC012068/P4/,200,3,3,PGC012068_dbar.outgal,"[""PGC012068_dbar.outgal"", ""PGC012068_onecomp.outgal"", ""PGC012068_twocomp.outgal""]",
PGC012633,https://irsa.ipac.caltech.edu/data/SPITZER/S4G/galaxies/PGC012633/P4/,200,3,3,PGC012633_bd.outgal,"[""PGC012633_bd.outgal"", ""PGC012633_onecomp.outgal"", ""PGC012633_twocomp.outgal""]",
PGC012664,https://irsa.ipac.caltech.edu/data/SPITZER/S4G/galaxies/PGC012664/P4/,200,3,3,PGC012664_dbar.outgal,"[""PGC012664_dbar.outgal"", ""PGC012664_onecomp.outgal"", ""PGC012664_twocomp.outgal""]",
PGC012981,https://irsa.ipac.caltech.edu/data/SPITZER/S4G/galaxies/PGC012981/P4/,200,3,3,PGC012981_dbar.outgal,"[""PGC012981_dbar.outgal"", ""PGC012981_onecomp.outgal"", ""PGC012981_twocomp.outgal""]",
PGC013084,https://irsa.ipac.caltech.edu/data/SPITZER/S4G/galaxies/PGC013084/P4/,404,0,0,,[],
PGC013097,https://irsa.ipac.caltech.edu/data/SPITZER/S4G/galaxies/PGC013097/P4/,404,0,0,,[],
PGC013343,https://irsa.ipac.caltech.edu/data/SPITZER/S4G/galaxies/PGC013343/P4/,404,0,0,,[],
PGC013635,https://irsa.ipac.caltech.edu/data/SPITZER/S4G/galaxies/PGC013635/P4/,404,0,0,,[],
PGC013821,https://irsa.ipac.caltech.edu/data/SPITZER/S4G/galaxies/PGC013821/P4/,200,3,3,PGC013821_dbarf.outgal,"[""PGC013821_dbarf.outgal"", ""PGC013821_onecomp.outgal"", ""PGC013821_twocomp.outgal""]",
PGC014125,https://irsa.ipac.caltech.edu/data/SPITZER/S4G/galaxies/PGC014125/P4/,404,0,0,,[],
PGC014487,https://irsa.ipac.caltech.edu/data/SPITZER/S4G/galaxies/PGC014487/P4/,200,3,3,PGC014487_dd.outgal,"[""PGC014487_dd.outgal"", ""PGC014487_onecomp.outgal"", ""PGC014487_twocomp.outgal""]",
PGC015214,https://irsa.ipac.caltech.edu/data/SPITZER/S4G/galaxies/PGC015214/P4/,200,3,3,PGC015214_dd.outgal,"[""PGC015214_dd.outgal"", ""PGC015214_onecomp.outgal"", ""PGC015214_twocomp.outgal""]",
PGC015869,https://irsa.ipac.caltech.edu/data/SPITZER/S4G/galaxies/PGC015869/P4/,200,3,3,PGC015869_dbar.outgal,"[""PGC015869_dbar.outgal"", ""PGC015869_onecomp.outgal"", ""PGC015869_twocomp.outgal""]",
PGC016389,https://irsa.ipac.caltech.edu/data/SPITZER/S4G/galaxies/PGC016389/P4/,200,3,3,PGC016389_d.outgal,"[""PGC016389_d.outgal"", ""PGC016389_onecomp.outgal"", ""PGC016389_twocomp.outgal""]",
PGC016784,https://irsa.ipac.caltech.edu/data/SPITZER/S4G/galaxies/PGC016784/P4/,200,3,3,PGC016784_dbar.outgal,"[""PGC016784_dbar.outgal"", ""PGC016784_onecomp.outgal"", ""PGC016784_twocomp.outgal""]",
PGC024031,https://irsa.ipac.caltech.edu/data/SPITZER/S4G/galaxies/PGC024031/P4/,404,0,0,,[],
PGC026260,https://irsa.ipac.caltech.edu/data/SPITZER/S4G/galaxies/PGC026260/P4/,404,0,0,,[],
PGC027616,https://irsa.ipac.caltech.edu/data/SPITZER/S4G/galaxies/PGC027616/P4/,200,3,3,PGC027616_dbar.outgal,"[""PGC027616_dbar.outgal"", ""PGC027616_onecomp.outgal"", ""PGC027616_twocomp.outgal""]",
PGC027656,https://irsa.ipac.caltech.edu/data/SPITZER/S4G/galaxies/PGC027656/P4/,404,0,0,,[],
PGC027696,https://irsa.ipac.caltech.edu/data/SPITZER/S4G/galaxies/PGC027696/P4/,404,0,0,,[],
PGC028195,https://irsa.ipac.caltech.edu/data/SPITZER/S4G/galaxies/PGC028195/P4/,404,0,0,,[],
PGC028253,https://irsa.ipac.caltech.edu/data/SPITZER/S4G/galaxies/PGC028253/P4/,404,0,0,,[],
PGC028380,https://irsa.ipac.caltech.edu/data/SPITZER/S4G/galaxies/PGC028380/P4/,200,3,3,PGC028380_dbar.outgal,"[""PGC028380_dbar.outgal"", ""PGC028380_onecomp.outgal"", ""PGC028380_twocomp.outgal""]",
PGC029300,https://irsa.ipac.caltech.edu/data/SPITZER/S4G/galaxies/PGC029300/P4/,200,3,3,PGC029300_dn.outgal,"[""PGC029300_dn.outgal"", ""PGC029300_onecomp.outgal"", ""PGC029300_twocomp.outgal""]",
PGC029653,https://irsa.ipac.caltech.edu/data/SPITZER/S4G/galaxies/PGC029653/P4/,200,3,3,PGC029653_d.outgal,"[""PGC029653_d.outgal"", ""PGC029653_onecomp.outgal"", ""PGC029653_twocomp.outgal""]",
PGC031979,https://irsa.ipac.caltech.edu/data/SPITZER/S4G/galaxies/PGC031979/P4/,200,3,3,PGC031979_bd.outgal,"[""PGC031979_bd.outgal"", ""PGC031979_onecomp.outgal"", ""PGC031979_twocomp.outgal""]",
PGC032091,https://irsa.ipac.caltech.edu/data/SPITZER/S4G/galaxies/PGC032091/P4/,200,3,3,PGC032091_bdbarf.outgal,"[""PGC032091_bdbarf.outgal"", ""PGC032091_onecomp.outgal"", ""PGC032091_twocomp.outgal""]",
PGC033447,https://irsa.ipac.caltech.edu/data/SPITZER/S4G/galaxies/PGC033447/P4/,404,0,0,,[],
PGC033523,https://irsa.ipac.caltech.edu/data/SPITZER/S4G/galaxies/PGC033523/P4/,404,0,0,,[],
PGC034407,https://irsa.ipac.caltech.edu/data/SPITZER/S4G/galaxies/PGC034407/P4/,404,0,0,,[],
PGC034493,https://irsa.ipac.caltech.edu/data/SPITZER/S4G/galaxies/PGC034493/P4/,404,0,0,,[],
PGC034625,https://irsa.ipac.caltech.edu/data/SPITZER/S4G/galaxies/PGC034625/P4/,404,0,0,,[],
PGC035111,https://irsa.ipac.caltech.edu/data/SPITZER/S4G/galaxies/PGC035111/P4/,404,0,0,,[],
PGC035451,https://irsa.ipac.caltech.edu/data/SPITZER/S4G/galaxies/PGC035451/P4/,404,0,0,,[],
PGC035570,https://irsa.ipac.caltech.edu/data/SPITZER/S4G/galaxies/PGC035570/P4/,404,0,0,,[],
PGC035684,https://irsa.ipac.caltech.edu/data/SPITZER/S4G/galaxies/PGC035684/P4/,200,3,3,PGC035684_d.outgal,"[""PGC035684_d.outgal"", ""PGC035684_onecomp.outgal"", ""PGC035684_twocomp.outgal""]",
PGC035705,https://irsa.ipac.caltech.edu/data/SPITZER/S4G/galaxies/PGC035705/P4/,200,3,3,PGC035705_d.outgal,"[""PGC035705_d.outgal"", ""PGC035705_onecomp.outgal"", ""PGC035705_twocomp.outgal""]",
PGC036217,https://irsa.ipac.caltech.edu/data/SPITZER/S4G/galaxies/PGC036217/P4/,200,3,3,PGC036217_dbarn.outgal,"[""PGC036217_dbarn.outgal"", ""PGC036217_onecomp.outgal"", ""PGC036217_twocomp.outgal""]",
PGC037373,https://irsa.ipac.caltech.edu/data/SPITZER/S4G/galaxies/PGC037373/P4/,200,3,3,PGC037373_dbar.outgal,"[""PGC037373_dbar.outgal"", ""PGC037373_onecomp.outgal"", ""PGC037373_twocomp.outgal""]",
PGC037625,https://irsa.ipac.caltech.edu/data/SPITZER/S4G/galaxies/PGC037625/P4/,404,0,0,,[],
PGC037712,https://irsa.ipac.caltech.edu/data/SPITZER/S4G/galaxies/PGC037712/P4/,404,0,0,,[],
PGC038250,https://irsa.ipac.caltech.edu/data/SPITZER/S4G/galaxies/PGC038250/P4/,200,3,3,PGC038250_dbar.outgal,"[""PGC038250_dbar.outgal"", ""PGC038250_onecomp.outgal"", ""PGC038250_twocomp.outgal""]",
PGC038717,https://irsa.ipac.caltech.edu/data/SPITZER/S4G/galaxies/PGC038717/P4/,404,0,0,,[],
PGC039052,https://irsa.ipac.caltech.edu/data/SPITZER/S4G/galaxies/PGC039052/P4/,404,0,0,,[],
PGC039359,https://irsa.ipac.caltech.edu/data/SPITZER/S4G/galaxies/PGC039359/P4/,404,0,0,,[],
PGC039413,https://irsa.ipac.caltech.edu/data/SPITZER/S4G/galaxies/PGC039413/P4/,404,0,0,,[],
PGC040045,https://irsa.ipac.caltech.edu/data/SPITZER/S4G/galaxies/PGC040045/P4/,404,0,0,,[],
PGC040447,https://irsa.ipac.caltech.edu/data/SPITZER/S4G/galaxies/PGC040447/P4/,200,3,3,PGC040447_d.outgal,"[""PGC040447_d.outgal"", ""PGC040447_onecomp.outgal"", ""PGC040447_twocomp.outgal""]",
PGC040547,https://irsa.ipac.caltech.edu/data/SPITZER/S4G/galaxies/PGC040547/P4/,404,0,0,,[],
PGC040869,https://irsa.ipac.caltech.edu/data/SPITZER/S4G/galaxies/PGC040869/P4/,404,0,0,,[],
PGC040889,https://irsa.ipac.caltech.edu/data/SPITZER/S4G/galaxies/PGC040889/P4/,404,0,0,,[],
PGC041314,https://irsa.ipac.caltech.edu/data/SPITZER/S4G/galaxies/PGC041314/P4/,404,0,0,,[],
PGC041463,https://irsa.ipac.caltech.edu/data/SPITZER/S4G/galaxies/PGC041463/P4/,404,0,0,,[],
PGC042068,https://irsa.ipac.caltech.edu/data/SPITZER/S4G/galaxies/PGC042068/P4/,200,3,3,PGC042068_bdn.outgal,"[""PGC042068_bdn.outgal"", ""PGC042068_onecomp.outgal"", ""PGC042068_twocomp.outgal""]",
PGC042160,https://irsa.ipac.caltech.edu/data/SPITZER/S4G/galaxies/PGC042160/P4/,200,3,3,PGC042160_d.outgal,"[""PGC042160_d.outgal"", ""PGC042160_onecomp.outgal"", ""PGC042160_twocomp.outgal""]",
PGC042868,https://irsa.ipac.caltech.edu/data/SPITZER/S4G/galaxies/PGC042868/P4/,200,3,3,PGC042868_dbarn.outgal,"[""PGC042868_dbarn.outgal"", ""PGC042868_onecomp.outgal"", ""PGC042868_twocomp.outgal""]",
PGC043020,https://irsa.ipac.caltech.edu/data/SPITZER/S4G/galaxies/PGC043020/P4/,200,3,3,PGC043020_d.outgal,"[""PGC043020_d.outgal"", ""PGC043020_onecomp.outgal"", ""PGC043020_twocomp.outgal""]",
PGC043151,https://irsa.ipac.caltech.edu/data/SPITZER/S4G/galaxies/PGC043151/P4/,404,0,0,,[],
PGC043283,https://irsa.ipac.caltech.edu/data/SPITZER/S4G/galaxies/PGC043283/P4/,404,0,0,,[],
PGC043600,https://irsa.ipac.caltech.edu/data/SPITZER/S4G/galaxies/PGC043600/P4/,404,0,0,,[],
PGC043690,https://irsa.ipac.caltech.edu/data/SPITZER/S4G/galaxies/PGC043690/P4/,404,0,0,,[],
PGC044278,https://irsa.ipac.caltech.edu/data/SPITZER/S4G/galaxies/PGC044278/P4/,200,2,2,PGC044278_twocomp.outgal,"[""PGC044278_onecomp.outgal"", ""PGC044278_twocomp.outgal""]",
PGC044701,https://irsa.ipac.caltech.edu/data/SPITZER/S4G/galaxies/PGC044701/P4/,404,0,0,,[],
PGC044733,https://irsa.ipac.caltech.edu/data/SPITZER/S4G/galaxies/PGC044733/P4/,404,0,0,,[],
PGC044812,https://irsa.ipac.caltech.edu/data/SPITZER/S4G/galaxies/PGC044812/P4/,404,0,0,,[],
PGC044906,https://irsa.ipac.caltech.edu/data/SPITZER/S4G/galaxies/PGC044906/P4/,200,3,3,PGC044906_d.outgal,"[""PGC044906_d.outgal"", ""PGC044906_onecomp.outgal"", ""PGC044906_twocomp.outgal""]",
PGC044952,https://irsa.ipac.caltech.edu/data/SPITZER/S4G/galaxies/PGC044952/P4/,200,3,3,PGC044952_d.outgal,"[""PGC044952_d.outgal"", ""PGC044952_onecomp.outgal"", ""PGC044952_twocomp.outgal""]",
PGC044982,https://irsa.ipac.caltech.edu/data/SPITZER/S4G/galaxies/PGC044982/P4/,200,3,3,PGC044982_d.outgal,"[""PGC044982_d.outgal"", ""PGC044982_onecomp.outgal"", ""PGC044982_twocomp.outgal""]",
PGC044983,https://irsa.ipac.caltech.edu/data/SPITZER/S4G/galaxies/PGC044983/P4/,404,0,0,,[],
PGC045195,https://irsa.ipac.caltech.edu/data/SPITZER/S4G/galaxies/PGC045195/P4/,200,3,3,PGC045195_dbar.outgal,"[""PGC045195_dbar.outgal"", ""PGC045195_onecomp.outgal"", ""PGC045195_twocomp.outgal""]",
PGC045257,https://irsa.ipac.caltech.edu/data/SPITZER/S4G/galaxies/PGC045257/P4/,200,3,3,PGC045257_d.outgal,"[""PGC045257_d.outgal"", ""PGC045257_onecomp.outgal"", ""PGC045257_twocomp.outgal""]",
PGC045512,https://irsa.ipac.caltech.edu/data/SPITZER/S4G/galaxies/PGC045512/P4/,404,0,0,,[],
PGC045652,https://irsa.ipac.caltech.edu/data/SPITZER/S4G/galaxies/PGC045652/P4/,200,1,1,PGC045652_onecomp.outgal,"[""PGC045652_onecomp.outgal""]",
PGC045711,https://irsa.ipac.caltech.edu/data/SPITZER/S4G/galaxies/PGC045711/P4/,404,0,0,,[],
PGC045824,https://irsa.ipac.caltech.edu/data/SPITZER/S4G/galaxies/PGC045824/P4/,200,3,3,PGC045824_dd.outgal,"[""PGC045824_dd.outgal"", ""PGC045824_onecomp.outgal"", ""PGC045824_twocomp.outgal""]",
PGC045955,https://irsa.ipac.caltech.edu/data/SPITZER/S4G/galaxies/PGC045955/P4/,404,0,0,,[],
PGC045958,https://irsa.ipac.caltech.edu/data/SPITZER/S4G/galaxies/PGC045958/P4/,200,2,2,PGC045958_twocomp.outgal,"[""PGC045958_onecomp.outgal"", ""PGC045958_twocomp.outgal""]",
PGC046256,https://irsa.ipac.caltech.edu/data/SPITZER/S4G/galaxies/PGC046256/P4/,404,0,0,,[],
PGC046382,https://irsa.ipac.caltech.edu/data/SPITZER/S4G/galaxies/PGC046382/P4/,200,3,3,PGC046382_dn.outgal,"[""PGC046382_dn.outgal"", ""PGC046382_onecomp.outgal"", ""PGC046382_twocomp.outgal""]",
PGC046436,https://irsa.ipac.caltech.edu/data/SPITZER/S4G/galaxies/PGC046436/P4/,404,0,0,,[],
PGC046474,https://irsa.ipac.caltech.edu/data/SPITZER/S4G/galaxies/PGC046474/P4/,404,0,0,,[],
PGC046630,https://irsa.ipac.caltech.edu/data/SPITZER/S4G/galaxies/PGC046630/P4/,404,0,0,,[],
PGC047721,https://irsa.ipac.caltech.edu/data/SPITZER/S4G/galaxies/PGC047721/P4/,200,3,3,PGC047721_dbarn.outgal,"[""PGC047721_dbarn.outgal"", ""PGC047721_onecomp.outgal"", ""PGC047721_twocomp.outgal""]",
PGC047770,https://irsa.ipac.caltech.edu/data/SPITZER/S4G/galaxies/PGC047770/P4/,404,0,0,,[],
PGC047846,https://irsa.ipac.caltech.edu/data/SPITZER/S4G/galaxies/PGC047846/P4/,200,3,3,PGC047846_d.outgal,"[""PGC047846_d.outgal"", ""PGC047846_onecomp.outgal"", ""PGC047846_twocomp.outgal""]",
PGC048087,https://irsa.ipac.caltech.edu/data/SPITZER/S4G/galaxies/PGC048087/P4/,200,3,3,PGC048087_dbarn.outgal,"[""PGC048087_dbarn.outgal"", ""PGC048087_onecomp.outgal"", ""PGC048087_twocomp.outgal""]",
PGC048179,https://irsa.ipac.caltech.edu/data/SPITZER/S4G/galaxies/PGC048179/P4/,200,3,3,PGC048179_dbarf.outgal,"[""PGC048179_dbarf.outgal"", ""PGC048179_onecomp.outgal"", ""PGC048179_twocomp.outgal""]",
PGC049341,https://irsa.ipac.caltech.edu/data/SPITZER/S4G/galaxies/PGC049341/P4/,404,0,0,,[],
PGC050229,https://irsa.ipac.caltech.edu/data/SPITZER/S4G/galaxies/PGC050229/P4/,200,3,3,PGC050229_ddn.outgal,"[""PGC050229_ddn.outgal"", ""PGC050229_onecomp.outgal"", ""PGC050229_twocomp.outgal""]",
PGC051291,https://irsa.ipac.caltech.edu/data/SPITZER/S4G/galaxies/PGC051291/P4/,200,3,3,PGC051291_dbarn.outgal,"[""PGC051291_dbarn.outgal"", ""PGC051291_onecomp.outgal"", ""PGC051291_twocomp.outgal""]",
PGC051309,https://irsa.ipac.caltech.edu/data/SPITZER/S4G/galaxies/PGC051309/P4/,404,0,0,,[],
PGC052460,https://irsa.ipac.caltech.edu/data/SPITZER/S4G/galaxies/PGC052460/P4/,200,3,3,PGC052460_bd.outgal,"[""PGC052460_bd.outgal"", ""PGC052460_onecomp.outgal"", ""PGC052460_twocomp.outgal""]",
PGC052618,https://irsa.ipac.caltech.edu/data/SPITZER/S4G/galaxies/PGC052618/P4/,404,0,0,,[],
PGC052853,https://irsa.ipac.caltech.edu/data/SPITZER/S4G/galaxies/PGC052853/P4/,200,3,3,PGC052853_d.outgal,"[""PGC052853_d.outgal"", ""PGC052853_onecomp.outgal"", ""PGC052853_twocomp.outgal""]",
PGC052935,https://irsa.ipac.caltech.edu/data/SPITZER/S4G/galaxies/PGC052935/P4/,200,1,1,PGC052935_onecomp.outgal,"[""PGC052935_onecomp.outgal""]",
PGC052940,https://irsa.ipac.caltech.edu/data/SPITZER/S4G/galaxies/PGC052940/P4/,200,2,2,PGC052940_twocomp.outgal,"[""PGC052940_onecomp.outgal"", ""PGC052940_twocomp.outgal""]",
PGC053093,https://irsa.ipac.caltech.edu/data/SPITZER/S4G/galaxies/PGC053093/P4/,200,3,3,PGC053093_dbarfn.outgal,"[""PGC053093_dbarfn.outgal"", ""PGC053093_onecomp.outgal"", ""PGC053093_twocomp.outgal""]",
PGC053303,https://irsa.ipac.caltech.edu/data/SPITZER/S4G/galaxies/PGC053303/P4/,404,0,0,,[],
PGC053583,https://irsa.ipac.caltech.edu/data/SPITZER/S4G/galaxies/PGC053583/P4/,404,0,0,,[],
PGC053654,https://irsa.ipac.caltech.edu/data/SPITZER/S4G/galaxies/PGC053654/P4/,404,0,0,,[],
PGC053779,https://irsa.ipac.caltech.edu/data/SPITZER/S4G/galaxies/PGC053779/P4/,200,3,3,PGC053779_ddbar.outgal,"[""PGC053779_ddbar.outgal"", ""PGC053779_onecomp.outgal"", ""PGC053779_twocomp.outgal""]",
PGC053977,https://irsa.ipac.caltech.edu/data/SPITZER/S4G/galaxies/PGC053977/P4/,404,0,0,,[],
PGC054944,https://irsa.ipac.caltech.edu/data/SPITZER/S4G/galaxies/PGC054944/P4/,200,3,3,PGC054944_dbarf.outgal,"[""PGC054944_dbarf.outgal"", ""PGC054944_onecomp.outgal"", ""PGC054944_twocomp.outgal""]",
PGC066242,https://irsa.ipac.caltech.edu/data/SPITZER/S4G/galaxies/PGC066242/P4/,200,3,3,PGC066242_dbar.outgal,"[""PGC066242_dbar.outgal"", ""PGC066242_onecomp.outgal"", ""PGC066242_twocomp.outgal""]",
PGC066559,https://irsa.ipac.caltech.edu/data/SPITZER/S4G/galaxies/PGC066559/P4/,200,3,3,PGC066559_dbarf.outgal,"[""PGC066559_dbarf.outgal"", ""PGC066559_onecomp.outgal"", ""PGC066559_twocomp.outgal""]",
PGC067871,https://irsa.ipac.caltech.edu/data/SPITZER/S4G/galaxies/PGC067871/P4/,200,3,3,PGC067871_dbar.outgal,"[""PGC067871_dbar.outgal"", ""PGC067871_onecomp.outgal"", ""PGC067871_twocomp.outgal""]",
PGC068401,https://irsa.ipac.caltech.edu/data/SPITZER/S4G/galaxies/PGC068401/P4/,404,0,0,,[],
PGC068743,https://irsa.ipac.caltech.edu/data/SPITZER/S4G/galaxies/PGC068743/P4/,404,0,0,,[],
PGC068771,https://irsa.ipac.caltech.edu/data/SPITZER/S4G/galaxies/PGC068771/P4/,200,3,3,PGC068771_dbar.outgal,"[""PGC068771_dbar.outgal"", ""PGC068771_onecomp.outgal"", ""PGC068771_twocomp.outgal""]",
PGC069293,https://irsa.ipac.caltech.edu/data/SPITZER/S4G/galaxies/PGC069293/P4/,200,3,3,PGC069293_d.outgal,"[""PGC069293_d.outgal"", ""PGC069293_onecomp.outgal"", ""PGC069293_twocomp.outgal""]",
PGC069339,https://irsa.ipac.caltech.edu/data/SPITZER/S4G/galaxies/PGC069339/P4/,200,3,3,PGC069339_d.outgal,"[""PGC069339_d.outgal"", ""PGC069339_onecomp.outgal"", ""PGC069339_twocomp.outgal""]",
PGC069381,https://irsa.ipac.caltech.edu/data/SPITZER/S4G/galaxies/PGC069381/P4/,404,0,0,,[],
PGC069448,https://irsa.ipac.caltech.edu/data/SPITZER/S4G/galaxies/PGC069448/P4/,200,3,3,PGC069448_dn.outgal,"[""PGC069448_dn.outgal"", ""PGC069448_onecomp.outgal"", ""PGC069448_twocomp.outgal""]",
PGC070104,https://irsa.ipac.caltech.edu/data/SPITZER/S4G/galaxies/PGC070104/P4/,404,0,0,,[],
PGC070154,https://irsa.ipac.caltech.edu/data/SPITZER/S4G/galaxies/PGC070154/P4/,404,0,0,,[],
PGC070787,https://irsa.ipac.caltech.edu/data/SPITZER/S4G/galaxies/PGC070787/P4/,404,0,0,,[],
PGC072252,https://irsa.ipac.caltech.edu/data/SPITZER/S4G/galaxies/PGC072252/P4/,200,3,3,PGC072252_dbarfn.outgal,"[""PGC072252_dbarfn.outgal"", ""PGC072252_onecomp.outgal"", ""PGC072252_twocomp.outgal""]",
PGC083842,https://irsa.ipac.caltech.edu/data/SPITZER/S4G/galaxies/PGC083842/P4/,404,0,0,,[],
PGC1010767,https://irsa.ipac.caltech.edu/data/SPITZER/S4G/galaxies/PGC1010767/P4/,404,0,0,,[],
PGC1034827,https://irsa.ipac.caltech.edu/data/SPITZER/S4G/galaxies/PGC1034827/P4/,404,0,0,,[],
PGC1059326,https://irsa.ipac.caltech.edu/data/SPITZER/S4G/galaxies/PGC1059326/P4/,200,3,3,PGC1059326_dbar.outgal,"[""PGC1059326_dbar.outgal"", ""PGC1059326_onecomp.outgal"", ""PGC1059326_twocomp.outgal""]",
PGC1063216,https://irsa.ipac.caltech.edu/data/SPITZER/S4G/galaxies/PGC1063216/P4/,200,3,3,PGC1063216_dbarn.outgal,"[""PGC1063216_dbarn.outgal"", ""PGC1063216_onecomp.outgal"", ""PGC1063216_twocomp.outgal""]",
PGC128826,https://irsa.ipac.caltech.edu/data/SPITZER/S4G/galaxies/PGC128826/P4/,404,0,0,,[],
PGC132468,https://irsa.ipac.caltech.edu/data/SPITZER/S4G/galaxies/PGC132468/P4/,404,0,0,,[],
PGC158719,https://irsa.ipac.caltech.edu/data/SPITZER/S4G/galaxies/PGC158719/P4/,404,0,0,,[],
PGC170100,https://irsa.ipac.caltech.edu/data/SPITZER/S4G/galaxies/PGC170100/P4/,404,0,0,,[],
PGC282435,https://irsa.ipac.caltech.edu/data/SPITZER/S4G/galaxies/PGC282435/P4/,404,0,0,,[],
PGC3097691,https://irsa.ipac.caltech.edu/data/SPITZER/S4G/galaxies/PGC3097691/P4/,404,0,0,,[],
PGC3097702,https://irsa.ipac.caltech.edu/data/SPITZER/S4G/galaxies/PGC3097702/P4/,404,0,0,,[],
PGC891484,https://irsa.ipac.caltech.edu/data/SPITZER/S4G/galaxies/PGC891484/P4/,404,0,0,,[],
PGC896975,https://irsa.ipac.caltech.edu/data/SPITZER/S4G/galaxies/PGC896975/P4/,404,0,0,,[],
PGC924727,https://irsa.ipac.caltech.edu/data/SPITZER/S4G/galaxies/PGC924727/P4/,404,0,0,,[],
UGC00017,https://irsa.ipac.caltech.edu/data/SPITZER/S4G/galaxies/UGC00017/P4/,200,3,3,UGC00017_dn.outgal,"[""UGC00017_dn.outgal"", ""UGC00017_onecomp.outgal"", ""UGC00017_twocomp.outgal""]",
UGC00099,https://irsa.ipac.caltech.edu/data/SPITZER/S4G/galaxies/UGC00099/P4/,200,3,3,UGC00099_dbar.outgal,"[""UGC00099_dbar.outgal"", ""UGC00099_onecomp.outgal"", ""UGC00099_twocomp.outgal""]",
UGC00156,https://irsa.ipac.caltech.edu/data/SPITZER/S4G/galaxies/UGC00156/P4/,200,3,3,UGC00156_dd.outgal,"[""UGC00156_dd.outgal"", ""UGC00156_onecomp.outgal"", ""UGC00156_twocomp.outgal""]",
UGC00191,https://irsa.ipac.caltech.edu/data/SPITZER/S4G/galaxies/UGC00191/P4/,200,3,3,UGC00191_dbar.outgal,"[""UGC00191_dbar.outgal"", ""UGC00191_onecomp.outgal"", ""UGC00191_twocomp.outgal""]",
UGC00313,https://irsa.ipac.caltech.edu/data/SPITZER/S4G/galaxies/UGC00313/P4/,200,3,3,UGC00313_dd.outgal,"[""UGC00313_dd.outgal"", ""UGC00313_onecomp.outgal"", ""UGC00313_twocomp.outgal""]",
UGC00634,https://irsa.ipac.caltech.edu/data/SPITZER/S4G/galaxies/UGC00634/P4/,200,3,3,UGC00634_d.outgal,"[""UGC00634_d.outgal"", ""UGC00634_onecomp.outgal"", ""UGC00634_twocomp.outgal""]",
UGC00685,https://irsa.ipac.caltech.edu/data/SPITZER/S4G/galaxies/UGC00685/P4/,404,0,0,,[],
UGC00882,https://irsa.ipac.caltech.edu/data/SPITZER/S4G/galaxies/UGC00882/P4/,200,3,3,UGC00882_d.outgal,"[""UGC00882_d.outgal"", ""UGC00882_onecomp.outgal"", ""UGC00882_twocomp.outgal""]",
UGC00941,https://irsa.ipac.caltech.edu/data/SPITZER/S4G/galaxies/UGC00941/P4/,200,3,3,UGC00941_d.outgal,"[""UGC00941_d.outgal"", ""UGC00941_onecomp.outgal"", ""UGC00941_twocomp.outgal""]",
UGC01014,https://irsa.ipac.caltech.edu/data/SPITZER/S4G/galaxies/UGC01014/P4/,200,3,3,UGC01014_d.outgal,"[""UGC01014_d.outgal"", ""UGC01014_onecomp.outgal"", ""UGC01014_twocomp.outgal""]",
UGC01050,https://irsa.ipac.caltech.edu/data/SPITZER/S4G/galaxies/UGC01050/P4/,404,0,0,,[],
UGC01104,https://irsa.ipac.caltech.edu/data/SPITZER/S4G/galaxies/UGC01104/P4/,200,3,3,UGC01104_d.outgal,"[""UGC01104_d.outgal"", ""UGC01104_onecomp.outgal"", ""UGC01104_twocomp.outgal""]",
UGC01112,https://irsa.ipac.caltech.edu/data/SPITZER/S4G/galaxies/UGC01112/P4/,200,3,3,UGC01112_d.outgal,"[""UGC01112_d.outgal"", ""UGC01112_onecomp.outgal"", ""UGC01112_twocomp.outgal""]",
UGC01176,https://irsa.ipac.caltech.edu/data/SPITZER/S4G/galaxies/UGC01176/P4/,200,3,3,UGC01176_d.outgal,"[""UGC01176_d.outgal"", ""UGC01176_onecomp.outgal"", ""UGC01176_twocomp.outgal""]",
UGC01200,https://irsa.ipac.caltech.edu/data/SPITZER/S4G/galaxies/UGC01200/P4/,200,3,3,UGC01200_d.outgal,"[""UGC01200_d.outgal"", ""UGC01200_onecomp.outgal"", ""UGC01200_twocomp.outgal""]",
UGC01547,https://irsa.ipac.caltech.edu/data/SPITZER/S4G/galaxies/UGC01547/P4/,200,3,3,UGC01547_d.outgal,"[""UGC01547_d.outgal"", ""UGC01547_onecomp.outgal"", ""UGC01547_twocomp.outgal""]",
UGC01551,https://irsa.ipac.caltech.edu/data/SPITZER/S4G/galaxies/UGC01551/P4/,200,3,3,UGC01551_dbarfn.outgal,"[""UGC01551_dbarfn.outgal"", ""UGC01551_onecomp.outgal"", ""UGC01551_twocomp.outgal""]",
UGC01670,https://irsa.ipac.caltech.edu/data/SPITZER/S4G/galaxies/UGC01670/P4/,200,3,3,UGC01670_d.outgal,"[""UGC01670_d.outgal"", ""UGC01670_onecomp.outgal"", ""UGC01670_twocomp.outgal""]",
UGC01862,https://irsa.ipac.caltech.edu/data/SPITZER/S4G/galaxies/UGC01862/P4/,200,3,3,UGC01862_dbarf.outgal,"[""UGC01862_dbarf.outgal"", ""UGC01862_onecomp.outgal"", ""UGC01862_twocomp.outgal""]",
UGC01981,https://irsa.ipac.caltech.edu/data/SPITZER/S4G/galaxies/UGC01981/P4/,200,3,3,UGC01981_d.outgal,"[""UGC01981_d.outgal"", ""UGC01981_onecomp.outgal"", ""UGC01981_twocomp.outgal""]",
UGC02081,https://irsa.ipac.caltech.edu/data/SPITZER/S4G/galaxies/UGC02081/P4/,200,3,3,UGC02081_bd.outgal,"[""UGC02081_bd.outgal"", ""UGC02081_onecomp.outgal"", ""UGC02081_twocomp.outgal""]",
UGC02275,https://irsa.ipac.caltech.edu/data/SPITZER/S4G/galaxies/UGC02275/P4/,200,3,3,UGC02275_d.outgal,"[""UGC02275_d.outgal"", ""UGC02275_onecomp.outgal"", ""UGC02275_twocomp.outgal""]",
UGC02302,https://irsa.ipac.caltech.edu/data/SPITZER/S4G/galaxies/UGC02302/P4/,200,3,3,UGC02302_dd.outgal,"[""UGC02302_dd.outgal"", ""UGC02302_onecomp.outgal"", ""UGC02302_twocomp.outgal""]",
UGC02345,https://irsa.ipac.caltech.edu/data/SPITZER/S4G/galaxies/UGC02345/P4/,200,3,3,UGC02345_dd.outgal,"[""UGC02345_dd.outgal"", ""UGC02345_onecomp.outgal"", ""UGC02345_twocomp.outgal""]",
UGC02443,https://irsa.ipac.caltech.edu/data/SPITZER/S4G/galaxies/UGC02443/P4/,200,3,3,UGC02443_dn.outgal,"[""UGC02443_dn.outgal"", ""UGC02443_onecomp.outgal"", ""UGC02443_twocomp.outgal""]",
UGC03070,https://irsa.ipac.caltech.edu/data/SPITZER/S4G/galaxies/UGC03070/P4/,200,3,3,UGC03070_bd.outgal,"[""UGC03070_bd.outgal"", ""UGC03070_onecomp.outgal"", ""UGC03070_twocomp.outgal""]",
UGC04024,https://irsa.ipac.caltech.edu/data/SPITZER/S4G/galaxies/UGC04024/P4/,200,3,3,UGC04024_dn.outgal,"[""UGC04024_dn.outgal"", ""UGC04024_onecomp.outgal"", ""UGC04024_twocomp.outgal""]",
UGC04151,https://irsa.ipac.caltech.edu/data/SPITZER/S4G/galaxies/UGC04151/P4/,200,3,3,UGC04151_bd.outgal,"[""UGC04151_bd.outgal"", ""UGC04151_onecomp.outgal"", ""UGC04151_twocomp.outgal""]",
UGC04169,https://irsa.ipac.caltech.edu/data/SPITZER/S4G/galaxies/UGC04169/P4/,200,3,3,UGC04169_d.outgal,"[""UGC04169_d.outgal"", ""UGC04169_onecomp.outgal"", ""UGC04169_twocomp.outgal""]",
UGC04238,https://irsa.ipac.caltech.edu/data/SPITZER/S4G/galaxies/UGC04238/P4/,200,3,3,UGC04238_dbar.outgal,"[""UGC04238_dbar.outgal"", ""UGC04238_onecomp.outgal"", ""UGC04238_twocomp.outgal""]",
UGC04305,https://irsa.ipac.caltech.edu/data/SPITZER/S4G/galaxies/UGC04305/P4/,200,3,3,UGC04305_d.outgal,"[""UGC04305_d.outgal"", ""UGC04305_onecomp.outgal"", ""UGC04305_twocomp.outgal""]",
UGC04306,https://irsa.ipac.caltech.edu/data/SPITZER/S4G/galaxies/UGC04306/P4/,200,3,3,UGC04306_dbarn.outgal,"[""UGC04306_dbarn.outgal"", ""UGC04306_onecomp.outgal"", ""UGC04306_twocomp.outgal""]",
UGC04314,https://irsa.ipac.caltech.edu/data/SPITZER/S4G/galaxies/UGC04314/P4/,404,0,0,,[],
UGC04390,https://irsa.ipac.caltech.edu/data/SPITZER/S4G/galaxies/UGC04390/P4/,200,3,3,UGC04390_dbar.outgal,"[""UGC04390_dbar.outgal"", ""UGC04390_onecomp.outgal"", ""UGC04390_twocomp.outgal""]",
UGC04393,https://irsa.ipac.caltech.edu/data/SPITZER/S4G/galaxies/UGC04393/P4/,200,3,3,UGC04393_dbar.outgal,"[""UGC04393_dbar.outgal"", ""UGC04393_onecomp.outgal"", ""UGC04393_twocomp.outgal""]",
UGC04483,https://irsa.ipac.caltech.edu/data/SPITZER/S4G/galaxies/UGC04483/P4/,200,3,3,UGC04483_d.outgal,"[""UGC04483_d.outgal"", ""UGC04483_onecomp.outgal"", ""UGC04483_twocomp.outgal""]",
UGC04514,https://irsa.ipac.caltech.edu/data/SPITZER/S4G/galaxies/UGC04514/P4/,200,3,3,UGC04514_dbar.outgal,"[""UGC04514_dbar.outgal"", ""UGC04514_onecomp.outgal"", ""UGC04514_twocomp.outgal""]",
UGC04543,https://irsa.ipac.caltech.edu/data/SPITZER/S4G/galaxies/UGC04543/P4/,200,3,3,UGC04543_dd.outgal,"[""UGC04543_dd.outgal"", ""UGC04543_onecomp.outgal"", ""UGC04543_twocomp.outgal""]",
UGC04549,https://irsa.ipac.caltech.edu/data/SPITZER/S4G/galaxies/UGC04549/P4/,200,3,3,UGC04549_dd.outgal,"[""UGC04549_dd.outgal"", ""UGC04549_onecomp.outgal"", ""UGC04549_twocomp.outgal""]",
UGC04621,https://irsa.ipac.caltech.edu/data/SPITZER/S4G/galaxies/UGC04621/P4/,200,3,3,UGC04621_dbarfn.outgal,"[""UGC04621_dbarfn.outgal"", ""UGC04621_onecomp.outgal"", ""UGC04621_twocomp.outgal""]",
UGC04701,https://irsa.ipac.caltech.edu/data/SPITZER/S4G/galaxies/UGC04701/P4/,200,3,3,UGC04701_dd.outgal,"[""UGC04701_dd.outgal"", ""UGC04701_onecomp.outgal"", ""UGC04701_twocomp.outgal""]",
UGC04714,https://irsa.ipac.caltech.edu/data/SPITZER/S4G/galaxies/UGC04714/P4/,200,3,3,UGC04714_dbar.outgal,"[""UGC04714_dbar.outgal"", ""UGC04714_onecomp.outgal"", ""UGC04714_twocomp.outgal""]",
UGC04783,https://irsa.ipac.caltech.edu/data/SPITZER/S4G/galaxies/UGC04783/P4/,404,0,0,,[],
UGC04788,https://irsa.ipac.caltech.edu/data/SPITZER/S4G/galaxies/UGC04788/P4/,404,0,0,,[],
UGC04797,https://irsa.ipac.caltech.edu/data/SPITZER/S4G/galaxies/UGC04797/P4/,200,3,3,UGC04797_d.outgal,"[""UGC04797_d.outgal"", ""UGC04797_onecomp.outgal"", ""UGC04797_twocomp.outgal""]",
UGC04834,https://irsa.ipac.caltech.edu/data/SPITZER/S4G/galaxies/UGC04834/P4/,200,3,3,UGC04834_d.outgal,"[""UGC04834_d.outgal"", ""UGC04834_onecomp.outgal"", ""UGC04834_twocomp.outgal""]",
UGC04837,https://irsa.ipac.caltech.edu/data/SPITZER/S4G/galaxies/UGC04837/P4/,200,3,3,UGC04837_d.outgal,"[""UGC04837_d.outgal"", ""UGC04837_onecomp.outgal"", ""UGC04837_twocomp.outgal""]",
UGC04867,https://irsa.ipac.caltech.edu/data/SPITZER/S4G/galaxies/UGC04867/P4/,200,3,3,UGC04867_dbar.outgal,"[""UGC04867_dbar.outgal"", ""UGC04867_onecomp.outgal"", ""UGC04867_twocomp.outgal""]",
UGC04879,https://irsa.ipac.caltech.edu/data/SPITZER/S4G/galaxies/UGC04879/P4/,404,0,0,,[],
UGC04883,https://irsa.ipac.caltech.edu/data/SPITZER/S4G/galaxies/UGC04883/P4/,404,0,0,,[],
UGC04889,https://irsa.ipac.caltech.edu/data/SPITZER/S4G/galaxies/UGC04889/P4/,404,0,0,,[],
UGC04902,https://irsa.ipac.caltech.edu/data/SPITZER/S4G/galaxies/UGC04902/P4/,404,0,0,,[],
UGC04906,https://irsa.ipac.caltech.edu/data/SPITZER/S4G/galaxies/UGC04906/P4/,404,0,0,,[],
UGC04988,https://irsa.ipac.caltech.edu/data/SPITZER/S4G/galaxies/UGC04988/P4/,200,3,3,UGC04988_dn.outgal,"[""UGC04988_dn.outgal"", ""UGC04988_onecomp.outgal"", ""UGC04988_twocomp.outgal""]",
UGC04990,https://irsa.ipac.caltech.edu/data/SPITZER/S4G/galaxies/UGC04990/P4/,404,0,0,,[],
UGC05004,https://irsa.ipac.caltech.edu/data/SPITZER/S4G/galaxies/UGC05004/P4/,200,3,3,UGC05004_dbar.outgal,"[""UGC05004_dbar.outgal"", ""UGC05004_onecomp.outgal"", ""UGC05004_twocomp.outgal""]",
UGC05015,https://irsa.ipac.caltech.edu/data/SPITZER/S4G/galaxies/UGC05015/P4/,200,3,3,UGC05015_dd.outgal,"[""UGC05015_dd.outgal"", ""UGC05015_onecomp.outgal"", ""UGC05015_twocomp.outgal""]",
UGC05076,https://irsa.ipac.caltech.edu/data/SPITZER/S4G/galaxies/UGC05076/P4/,200,3,3,UGC05076_d.outgal,"[""UGC05076_d.outgal"", ""UGC05076_onecomp.outgal"", ""UGC05076_twocomp.outgal""]",
UGC05139,https://irsa.ipac.caltech.edu/data/SPITZER/S4G/galaxies/UGC05139/P4/,200,3,3,UGC05139_d.outgal,"[""UGC05139_d.outgal"", ""UGC05139_onecomp.outgal"", ""UGC05139_twocomp.outgal""]",
UGC05172,https://irsa.ipac.caltech.edu/data/SPITZER/S4G/galaxies/UGC05172/P4/,200,3,3,UGC05172_dbarf.outgal,"[""UGC05172_dbarf.outgal"", ""UGC05172_onecomp.outgal"", ""UGC05172_twocomp.outgal""]",
UGC05179,https://irsa.ipac.caltech.edu/data/SPITZER/S4G/galaxies/UGC05179/P4/,200,3,3,UGC05179_bd.outgal,"[""UGC05179_bd.outgal"", ""UGC05179_onecomp.outgal"", ""UGC05179_twocomp.outgal""]",
UGC05336,https://irsa.ipac.caltech.edu/data/SPITZER/S4G/galaxies/UGC05336/P4/,200,2,2,UGC05336_twocomp.outgal,"[""UGC05336_onecomp.outgal"", ""UGC05336_twocomp.outgal""]",
UGC05348,https://irsa.ipac.caltech.edu/data/SPITZER/S4G/galaxies/UGC05348/P4/,404,0,0,,[],
UGC05354,https://irsa.ipac.caltech.edu/data/SPITZER/S4G/galaxies/UGC05354/P4/,200,3,3,UGC05354_dbar.outgal,"[""UGC05354_dbar.outgal"", ""UGC05354_onecomp.outgal"", ""UGC05354_twocomp.outgal""]",
UGC05364,https://irsa.ipac.caltech.edu/data/SPITZER/S4G/galaxies/UGC05364/P4/,200,2,2,UGC05364_twocomp.outgal,"[""UGC05364_onecomp.outgal"", ""UGC05364_twocomp.outgal""]",
UGC05373,https://irsa.ipac.caltech.edu/data/SPITZER/S4G/galaxies/UGC05373/P4/,200,3,3,UGC05373_d.outgal,"[""UGC05373_d.outgal"", ""UGC05373_onecomp.outgal"", ""UGC05373_twocomp.outgal""]",
UGC05393,https://irsa.ipac.caltech.edu/data/SPITZER/S4G/galaxies/UGC05393/P4/,200,3,3,UGC05393_dbar.outgal,"[""UGC05393_dbar.outgal"", ""UGC05393_onecomp.outgal"", ""UGC05393_twocomp.outgal""]",
UGC05427,https://irsa.ipac.caltech.edu/data/SPITZER/S4G/galaxies/UGC05427/P4/,200,3,3,UGC05427_d.outgal,"[""UGC05427_d.outgal"", ""UGC05427_onecomp.outgal"", ""UGC05427_twocomp.outgal""]",
UGC05454,https://irsa.ipac.caltech.edu/data/SPITZER/S4G/galaxies/UGC05454/P4/,404,0,0,,[],
UGC05464,https://irsa.ipac.caltech.edu/data/SPITZER/S4G/galaxies/UGC05464/P4/,200,3,3,UGC05464_d.outgal,"[""UGC05464_d.outgal"", ""UGC05464_onecomp.outgal"", ""UGC05464_twocomp.outgal""]",
UGC05470,https://irsa.ipac.caltech.edu/data/SPITZER/S4G/galaxies/UGC05470/P4/,404,0,0,,[],
UGC05478,https://irsa.ipac.caltech.edu/data/SPITZER/S4G/galaxies/UGC05478/P4/,200,3,3,UGC05478_dbar.outgal,"[""UGC05478_dbar.outgal"", ""UGC05478_onecomp.outgal"", ""UGC05478_twocomp.outgal""]",
UGC05479,https://irsa.ipac.caltech.edu/data/SPITZER/S4G/galaxies/UGC05479/P4/,404,0,0,,[],
UGC05522,https://irsa.ipac.caltech.edu/data/SPITZER/S4G/galaxies/UGC05522/P4/,200,3,3,UGC05522_dn.outgal,"[""UGC05522_dn.outgal"", ""UGC05522_onecomp.outgal"", ""UGC05522_twocomp.outgal""]",
UGC05612,https://irsa.ipac.caltech.edu/data/SPITZER/S4G/galaxies/UGC05612/P4/,200,3,3,UGC05612_dbar.outgal,"[""UGC05612_dbar.outgal"", ""UGC05612_onecomp.outgal"", ""UGC05612_twocomp.outgal""]",
UGC05633,https://irsa.ipac.caltech.edu/data/SPITZER/S4G/galaxies/UGC05633/P4/,200,3,3,UGC05633_dbar.outgal,"[""UGC05633_dbar.outgal"", ""UGC05633_onecomp.outgal"", ""UGC05633_twocomp.outgal""]",
UGC05676,https://irsa.ipac.caltech.edu/data/SPITZER/S4G/galaxies/UGC05676/P4/,200,3,3,UGC05676_dbar.outgal,"[""UGC05676_dbar.outgal"", ""UGC05676_onecomp.outgal"", ""UGC05676_twocomp.outgal""]",
UGC05688,https://irsa.ipac.caltech.edu/data/SPITZER/S4G/galaxies/UGC05688/P4/,200,3,3,UGC05688_dbar.outgal,"[""UGC05688_dbar.outgal"", ""UGC05688_onecomp.outgal"", ""UGC05688_twocomp.outgal""]",
UGC05692,https://irsa.ipac.caltech.edu/data/SPITZER/S4G/galaxies/UGC05692/P4/,404,0,0,,[],
UGC05707,https://irsa.ipac.caltech.edu/data/SPITZER/S4G/galaxies/UGC05707/P4/,200,3,3,UGC05707_dbar.outgal,"[""UGC05707_dbar.outgal"", ""UGC05707_onecomp.outgal"", ""UGC05707_twocomp.outgal""]",
UGC05740,https://irsa.ipac.caltech.edu/data/SPITZER/S4G/galaxies/UGC05740/P4/,200,3,3,UGC05740_d.outgal,"[""UGC05740_d.outgal"", ""UGC05740_onecomp.outgal"", ""UGC05740_twocomp.outgal""]",
UGC05745,https://irsa.ipac.caltech.edu/data/SPITZER/S4G/galaxies/UGC05745/P4/,404,0,0,,[],
UGC05760,https://irsa.ipac.caltech.edu/data/SPITZER/S4G/galaxies/UGC05760/P4/,404,0,0,,[],
UGC05798,https://irsa.ipac.caltech.edu/data/SPITZER/S4G/galaxies/UGC05798/P4/,200,3,3,UGC05798_dbar.outgal,"[""UGC05798_dbar.outgal"", ""UGC05798_onecomp.outgal"", ""UGC05798_twocomp.outgal""]",
UGC05814,https://irsa.ipac.caltech.edu/data/SPITZER/S4G/galaxies/UGC05814/P4/,200,3,3,UGC05814_bdbarf.outgal,"[""UGC05814_bdbarf.outgal"", ""UGC05814_onecomp.outgal"", ""UGC05814_twocomp.outgal""]",
UGC05829,https://irsa.ipac.caltech.edu/data/SPITZER/S4G/galaxies/UGC05829/P4/,200,3,3,UGC05829_d.outgal,"[""UGC05829_d.outgal"", ""UGC05829_onecomp.outgal"", ""UGC05829_twocomp.outgal""]",
UGC05832,https://irsa.ipac.caltech.edu/data/SPITZER/S4G/galaxies/UGC05832/P4/,200,3,3,UGC05832_dbar.outgal,"[""UGC05832_dbar.outgal"", ""UGC05832_onecomp.outgal"", ""UGC05832_twocomp.outgal""]",
UGC05841,https://irsa.ipac.caltech.edu/data/SPITZER/S4G/galaxies/UGC05841/P4/,200,3,3,UGC05841_bdbarf.outgal,"[""UGC05841_bdbarf.outgal"", ""UGC05841_onecomp.outgal"", ""UGC05841_twocomp.outgal""]",
UGC05846,https://irsa.ipac.caltech.edu/data/SPITZER/S4G/galaxies/UGC05846/P4/,200,3,3,UGC05846_d.outgal,"[""UGC05846_d.outgal"", ""UGC05846_onecomp.outgal"", ""UGC05846_twocomp.outgal""]",
UGC05870,https://irsa.ipac.caltech.edu/data/SPITZER/S4G/galaxies/UGC05870/P4/,404,0,0,,[],
UGC05918,https://irsa.ipac.caltech.edu/data/SPITZER/S4G/galaxies/UGC05918/P4/,200,3,3,UGC05918_d.outgal,"[""UGC05918_d.outgal"", ""UGC05918_onecomp.outgal"", ""UGC05918_twocomp.outgal""]",
UGC05922,https://irsa.ipac.caltech.edu/data/SPITZER/S4G/galaxies/UGC05922/P4/,200,3,3,UGC05922_dn.outgal,"[""UGC05922_dn.outgal"", ""UGC05922_onecomp.outgal"", ""UGC05922_twocomp.outgal""]",
UGC05934,https://irsa.ipac.caltech.edu/data/SPITZER/S4G/galaxies/UGC05934/P4/,200,3,3,UGC05934_dbar.outgal,"[""UGC05934_dbar.outgal"", ""UGC05934_onecomp.outgal"", ""UGC05934_twocomp.outgal""]",
UGC05947,https://irsa.ipac.caltech.edu/data/SPITZER/S4G/galaxies/UGC05947/P4/,200,3,3,UGC05947_d.outgal,"[""UGC05947_d.outgal"", ""UGC05947_onecomp.outgal"", ""UGC05947_twocomp.outgal""]",
UGC05974,https://irsa.ipac.caltech.edu/data/SPITZER/S4G/galaxies/UGC05974/P4/,404,0,0,,[],
UGC05976,https://irsa.ipac.caltech.edu/data/SPITZER/S4G/galaxies/UGC05976/P4/,200,3,3,UGC05976_dd.outgal,"[""UGC05976_dd.outgal"", ""UGC05976_onecomp.outgal"", ""UGC05976_twocomp.outgal""]",
UGC05979,https://irsa.ipac.caltech.edu/data/SPITZER/S4G/galaxies/UGC05979/P4/,200,3,3,UGC05979_d.outgal,"[""UGC05979_d.outgal"", ""UGC05979_onecomp.outgal"", ""UGC05979_twocomp.outgal""]",
UGC05983,https://irsa.ipac.caltech.edu/data/SPITZER/S4G/galaxies/UGC05983/P4/,404,0,0,,[],
UGC06014,https://irsa.ipac.caltech.edu/data/SPITZER/S4G/galaxies/UGC06014/P4/,200,3,3,UGC06014_dbar.outgal,"[""UGC06014_dbar.outgal"", ""UGC06014_onecomp.outgal"", ""UGC06014_twocomp.outgal""]",
UGC06023,https://irsa.ipac.caltech.edu/data/SPITZER/S4G/galaxies/UGC06023/P4/,200,3,3,UGC06023_dn.outgal,"[""UGC06023_dn.outgal"", ""UGC06023_onecomp.outgal"", ""UGC06023_twocomp.outgal""]",
UGC06102,https://irsa.ipac.caltech.edu/data/SPITZER/S4G/galaxies/UGC06102/P4/,404,0,0,,[],
UGC06145,https://irsa.ipac.caltech.edu/data/SPITZER/S4G/galaxies/UGC06145/P4/,200,2,2,UGC06145_twocomp.outgal,"[""UGC06145_onecomp.outgal"", ""UGC06145_twocomp.outgal""]",
UGC06151,https://irsa.ipac.caltech.edu/data/SPITZER/S4G/galaxies/UGC06151/P4/,200,3,3,UGC06151_d.outgal,"[""UGC06151_d.outgal"", ""UGC06151_onecomp.outgal"", ""UGC06151_twocomp.outgal""]",
UGC06157,https://irsa.ipac.caltech.edu/data/SPITZER/S4G/galaxies/UGC06157/P4/,200,3,3,UGC06157_dbar.outgal,"[""UGC06157_dbar.outgal"", ""UGC06157_onecomp.outgal"", ""UGC06157_twocomp.outgal""]",
UGC06162,https://irsa.ipac.caltech.edu/data/SPITZER/S4G/galaxies/UGC06162/P4/,200,3,3,UGC06162_bd.outgal,"[""UGC06162_bd.outgal"", ""UGC06162_onecomp.outgal"", ""UGC06162_twocomp.outgal""]",
UGC06181,https://irsa.ipac.caltech.edu/data/SPITZER/S4G/galaxies/UGC06181/P4/,200,2,2,UGC06181_twocomp.outgal,"[""UGC06181_onecomp.outgal"", ""UGC06181_twocomp.outgal""]",
UGC06194,https://irsa.ipac.caltech.edu/data/SPITZER/S4G/galaxies/UGC06194/P4/,200,3,3,UGC06194_dbar.outgal,"[""UGC06194_dbar.outgal"", ""UGC06194_onecomp.outgal"", ""UGC06194_twocomp.outgal""]",
UGC06249,https://irsa.ipac.caltech.edu/data/SPITZER/S4G/galaxies/UGC06249/P4/,200,3,3,UGC06249_dd.outgal,"[""UGC06249_dd.outgal"", ""UGC06249_onecomp.outgal"", ""UGC06249_twocomp.outgal""]",
UGC06309,https://irsa.ipac.caltech.edu/data/SPITZER/S4G/galaxies/UGC06309/P4/,200,3,3,UGC06309_dbarfn.outgal,"[""UGC06309_dbarfn.outgal"", ""UGC06309_onecomp.outgal"", ""UGC06309_twocomp.outgal""]",
UGC06320,https://irsa.ipac.caltech.edu/data/SPITZER/S4G/galaxies/UGC06320/P4/,200,3,3,UGC06320_d.outgal,"[""UGC06320_d.outgal"", ""UGC06320_onecomp.outgal"", ""UGC06320_twocomp.outgal""]",
UGC06335,https://irsa.ipac.caltech.edu/data/SPITZER/S4G/galaxies/UGC06335/P4/,200,3,3,UGC06335_bd.outgal,"[""UGC06335_bd.outgal"", ""UGC06335_onecomp.outgal"", ""UGC06335_twocomp.outgal""]",
UGC06345,https://irsa.ipac.caltech.edu/data/SPITZER/S4G/galaxies/UGC06345/P4/,200,3,3,UGC06345_dbarf.outgal,"[""UGC06345_dbarf.outgal"", ""UGC06345_onecomp.outgal"", ""UGC06345_twocomp.outgal""]",
UGC06446,https://irsa.ipac.caltech.edu/data/SPITZER/S4G/galaxies/UGC06446/P4/,200,3,3,UGC06446_dd.outgal,"[""UGC06446_dd.outgal"", ""UGC06446_onecomp.outgal"", ""UGC06446_twocomp.outgal""]",
UGC06448,https://irsa.ipac.caltech.edu/data/SPITZER/S4G/galaxies/UGC06448/P4/,404,0,0,,[],
UGC06455,https://irsa.ipac.caltech.edu/data/SPITZER/S4G/galaxies/UGC06455/P4/,404,0,0,,[],
UGC06512,https://irsa.ipac.caltech.edu/data/SPITZER/S4G/galaxies/UGC06512/P4/,200,3,3,UGC06512_bd.outgal,"[""UGC06512_bd.outgal"", ""UGC06512_onecomp.outgal"", ""UGC06512_twocomp.outgal""]",
UGC06517,https://irsa.ipac.caltech.edu/data/SPITZER/S4G/galaxies/UGC06517/P4/,200,3,3,UGC06517_dn.outgal,"[""UGC06517_dn.outgal"", ""UGC06517_onecomp.outgal"", ""UGC06517_twocomp.outgal""]",
UGC06628,https://irsa.ipac.caltech.edu/data/SPITZER/S4G/galaxies/UGC06628/P4/,200,3,3,UGC06628_dbar.outgal,"[""UGC06628_dbar.outgal"", ""UGC06628_onecomp.outgal"", ""UGC06628_twocomp.outgal""]",
UGC06658,https://irsa.ipac.caltech.edu/data/SPITZER/S4G/galaxies/UGC06658/P4/,404,0,0,,[],
UGC06669,https://irsa.ipac.caltech.edu/data/SPITZER/S4G/galaxies/UGC06669/P4/,404,0,0,,[],
UGC06682,https://irsa.ipac.caltech.edu/data/SPITZER/S4G/galaxies/UGC06682/P4/,200,3,3,UGC06682_d.outgal,"[""UGC06682_d.outgal"", ""UGC06682_onecomp.outgal"", ""UGC06682_twocomp.outgal""]",
UGC06713,https://irsa.ipac.caltech.edu/data/SPITZER/S4G/galaxies/UGC06713/P4/,200,3,3,UGC06713_d.outgal,"[""UGC06713_d.outgal"", ""UGC06713_onecomp.outgal"", ""UGC06713_twocomp.outgal""]",
UGC06717,https://irsa.ipac.caltech.edu/data/SPITZER/S4G/galaxies/UGC06717/P4/,404,0,0,,[],
UGC06728,https://irsa.ipac.caltech.edu/data/SPITZER/S4G/galaxies/UGC06728/P4/,404,0,0,,[],
UGC06756,https://irsa.ipac.caltech.edu/data/SPITZER/S4G/galaxies/UGC06756/P4/,404,0,0,,[],
UGC06780,https://irsa.ipac.caltech.edu/data/SPITZER/S4G/galaxies/UGC06780/P4/,200,3,3,UGC06780_bd.outgal,"[""UGC06780_bd.outgal"", ""UGC06780_onecomp.outgal"", ""UGC06780_twocomp.outgal""]",
UGC06782,https://irsa.ipac.caltech.edu/data/SPITZER/S4G/galaxies/UGC06782/P4/,200,3,3,UGC06782_d.outgal,"[""UGC06782_d.outgal"", ""UGC06782_onecomp.outgal"", ""UGC06782_twocomp.outgal""]",
UGC06816,https://irsa.ipac.caltech.edu/data/SPITZER/S4G/galaxies/UGC06816/P4/,200,3,3,UGC06816_dbar.outgal,"[""UGC06816_dbar.outgal"", ""UGC06816_onecomp.outgal"", ""UGC06816_twocomp.outgal""]",
UGC06849,https://irsa.ipac.caltech.edu/data/SPITZER/S4G/galaxies/UGC06849/P4/,200,3,3,UGC06849_dn.outgal,"[""UGC06849_dn.outgal"", ""UGC06849_onecomp.outgal"", ""UGC06849_twocomp.outgal""]",
UGC06881,https://irsa.ipac.caltech.edu/data/SPITZER/S4G/galaxies/UGC06881/P4/,404,0,0,,[],
UGC06900,https://irsa.ipac.caltech.edu/data/SPITZER/S4G/galaxies/UGC06900/P4/,200,3,3,UGC06900_d.outgal,"[""UGC06900_d.outgal"", ""UGC06900_onecomp.outgal"", ""UGC06900_twocomp.outgal""]",
UGC06903,https://irsa.ipac.caltech.edu/data/SPITZER/S4G/galaxies/UGC06903/P4/,200,3,3,UGC06903_dbar.outgal,"[""UGC06903_dbar.outgal"", ""UGC06903_onecomp.outgal"", ""UGC06903_twocomp.outgal""]",
UGC06912,https://irsa.ipac.caltech.edu/data/SPITZER/S4G/galaxies/UGC06912/P4/,200,2,2,UGC06912_twocomp.outgal,"[""UGC06912_onecomp.outgal"", ""UGC06912_twocomp.outgal""]",
UGC06917,https://irsa.ipac.caltech.edu/data/SPITZER/S4G/galaxies/UGC06917/P4/,200,3,3,UGC06917_dbar.outgal,"[""UGC06917_dbar.outgal"", ""UGC06917_onecomp.outgal"", ""UGC06917_twocomp.outgal""]",
UGC06922,https://irsa.ipac.caltech.edu/data/SPITZER/S4G/galaxies/UGC06922/P4/,200,3,3,UGC06922_dd.outgal,"[""UGC06922_dd.outgal"", ""UGC06922_onecomp.outgal"", ""UGC06922_twocomp.outgal""]",
UGC06930,https://irsa.ipac.caltech.edu/data/SPITZER/S4G/galaxies/UGC06930/P4/,200,3,3,UGC06930_dbar.outgal,"[""UGC06930_dbar.outgal"", ""UGC06930_onecomp.outgal"", ""UGC06930_twocomp.outgal""]",
UGC06931,https://irsa.ipac.caltech.edu/data/SPITZER/S4G/galaxies/UGC06931/P4/,200,3,3,UGC06931_d.outgal,"[""UGC06931_d.outgal"", ""UGC06931_onecomp.outgal"", ""UGC06931_twocomp.outgal""]",
UGC06956,https://irsa.ipac.caltech.edu/data/SPITZER/S4G/galaxies/UGC06956/P4/,200,3,3,UGC06956_d.outgal,"[""UGC06956_d.outgal"", ""UGC06956_onecomp.outgal"", ""UGC06956_twocomp.outgal""]",
UGC06983,https://irsa.ipac.caltech.edu/data/SPITZER/S4G/galaxies/UGC06983/P4/,200,3,3,UGC06983_dbar.outgal,"[""UGC06983_dbar.outgal"", ""UGC06983_onecomp.outgal"", ""UGC06983_twocomp.outgal""]",
UGC06992,https://irsa.ipac.caltech.edu/data/SPITZER/S4G/galaxies/UGC06992/P4/,404,0,0,,[],
UGC06998,https://irsa.ipac.caltech.edu/data/SPITZER/S4G/galaxies/UGC06998/P4/,404,0,0,,[],
UGC07038,https://irsa.ipac.caltech.edu/data/SPITZER/S4G/galaxies/UGC07038/P4/,404,0,0,,[],
UGC07053,https://irsa.ipac.caltech.edu/data/SPITZER/S4G/galaxies/UGC07053/P4/,200,3,3,UGC07053_d.outgal,"[""UGC07053_d.outgal"", ""UGC07053_onecomp.outgal"", ""UGC07053_twocomp.outgal""]",
UGC07129,https://irsa.ipac.caltech.edu/data/SPITZER/S4G/galaxies/UGC07129/P4/,200,3,3,UGC07129_dbarfn.outgal,"[""UGC07129_dbarfn.outgal"", ""UGC07129_onecomp.outgal"", ""UGC07129_twocomp.outgal""]",
UGC07133,https://irsa.ipac.caltech.edu/data/SPITZER/S4G/galaxies/UGC07133/P4/,200,3,3,UGC07133_dbar.outgal,"[""UGC07133_dbar.outgal"", ""UGC07133_onecomp.outgal"", ""UGC07133_twocomp.outgal""]",
UGC07138,https://irsa.ipac.caltech.edu/data/SPITZER/S4G/galaxies/UGC07138/P4/,404,0,0,,[],
UGC07143,https://irsa.ipac.caltech.edu/data/SPITZER/S4G/galaxies/UGC07143/P4/,200,3,3,UGC07143_dn.outgal,"[""UGC07143_dn.outgal"", ""UGC07143_onecomp.outgal"", ""UGC07143_twocomp.outgal""]",
UGC07178,https://irsa.ipac.caltech.edu/data/SPITZER/S4G/galaxies/UGC07178/P4/,404,0,0,,[],
UGC07184,https://irsa.ipac.caltech.edu/data/SPITZER/S4G/galaxies/UGC07184/P4/,200,3,3,UGC07184_dbarf.outgal,"[""UGC07184_dbarf.outgal"", ""UGC07184_onecomp.outgal"", ""UGC07184_twocomp.outgal""]",
UGC07189,https://irsa.ipac.caltech.edu/data/SPITZER/S4G/galaxies/UGC07189/P4/,200,3,3,UGC07189_dbar.outgal,"[""UGC07189_dbar.outgal"", ""UGC07189_onecomp.outgal"", ""UGC07189_twocomp.outgal""]",
UGC07239,https://irsa.ipac.caltech.edu/data/SPITZER/S4G/galaxies/UGC07239/P4/,200,3,3,UGC07239_dbar.outgal,"[""UGC07239_dbar.outgal"", ""UGC07239_onecomp.outgal"", ""UGC07239_twocomp.outgal""]",
UGC07257,https://irsa.ipac.caltech.edu/data/SPITZER/S4G/galaxies/UGC07257/P4/,200,3,3,UGC07257_dbar.outgal,"[""UGC07257_dbar.outgal"", ""UGC07257_onecomp.outgal"", ""UGC07257_twocomp.outgal""]",
UGC07271,https://irsa.ipac.caltech.edu/data/SPITZER/S4G/galaxies/UGC07271/P4/,200,3,3,UGC07271_dd.outgal,"[""UGC07271_dd.outgal"", ""UGC07271_onecomp.outgal"", ""UGC07271_twocomp.outgal""]",
UGC07300,https://irsa.ipac.caltech.edu/data/SPITZER/S4G/galaxies/UGC07300/P4/,200,3,3,UGC07300_d.outgal,"[""UGC07300_d.outgal"", ""UGC07300_onecomp.outgal"", ""UGC07300_twocomp.outgal""]",
UGC07332,https://irsa.ipac.caltech.edu/data/SPITZER/S4G/galaxies/UGC07332/P4/,200,2,2,UGC07332_twocomp.outgal,"[""UGC07332_onecomp.outgal"", ""UGC07332_twocomp.outgal""]",
UGC07346,https://irsa.ipac.caltech.edu/data/SPITZER/S4G/galaxies/UGC07346/P4/,404,0,0,,[],
UGC07370,https://irsa.ipac.caltech.edu/data/SPITZER/S4G/galaxies/UGC07370/P4/,404,0,0,,[],
UGC07411,https://irsa.ipac.caltech.edu/data/SPITZER/S4G/galaxies/UGC07411/P4/,404,0,0,,[],
UGC07422,https://irsa.ipac.caltech.edu/data/SPITZER/S4G/galaxies/UGC07422/P4/,404,0,0,,[],
UGC07490,https://irsa.ipac.caltech.edu/data/SPITZER/S4G/galaxies/UGC07490/P4/,200,3,3,UGC07490_d.outgal,"[""UGC07490_d.outgal"", ""UGC07490_onecomp.outgal"", ""UGC07490_twocomp.outgal""]",
UGC07534,https://irsa.ipac.caltech.edu/data/SPITZER/S4G/galaxies/UGC07534/P4/,200,3,3,UGC07534_d.outgal,"[""UGC07534_d.outgal"", ""UGC07534_onecomp.outgal"", ""UGC07534_twocomp.outgal""]",
UGC07557,https://irsa.ipac.caltech.edu/data/SPITZER/S4G/galaxies/UGC07557/P4/,200,2,2,UGC07557_twocomp.outgal,"[""UGC07557_onecomp.outgal"", ""UGC07557_twocomp.outgal""]",
UGC07559,https://irsa.ipac.caltech.edu/data/SPITZER/S4G/galaxies/UGC07559/P4/,200,3,3,UGC07559_d.outgal,"[""UGC07559_d.outgal"", ""UGC07559_onecomp.outgal"", ""UGC07559_twocomp.outgal""]",
UGC07577,https://irsa.ipac.caltech.edu/data/SPITZER/S4G/galaxies/UGC07577/P4/,200,3,3,UGC07577_d.outgal,"[""UGC07577_d.outgal"", ""UGC07577_onecomp.outgal"", ""UGC07577_twocomp.outgal""]",
UGC07590,https://irsa.ipac.caltech.edu/data/SPITZER/S4G/galaxies/UGC07590/P4/,200,3,3,UGC07590_dbar.outgal,"[""UGC07590_dbar.outgal"", ""UGC07590_onecomp.outgal"", ""UGC07590_twocomp.outgal""]",
UGC07599,https://irsa.ipac.caltech.edu/data/SPITZER/S4G/galaxies/UGC07599/P4/,200,3,3,UGC07599_d.outgal,"[""UGC07599_d.outgal"", ""UGC07599_onecomp.outgal"", ""UGC07599_twocomp.outgal""]",
UGC07605,https://irsa.ipac.caltech.edu/data/SPITZER/S4G/galaxies/UGC07605/P4/,200,3,3,UGC07605_d.outgal,"[""UGC07605_d.outgal"", ""UGC07605_onecomp.outgal"", ""UGC07605_twocomp.outgal""]",
UGC07608,https://irsa.ipac.caltech.edu/data/SPITZER/S4G/galaxies/UGC07608/P4/,200,3,3,UGC07608_d.outgal,"[""UGC07608_d.outgal"", ""UGC07608_onecomp.outgal"", ""UGC07608_twocomp.outgal""]",
UGC07639,https://irsa.ipac.caltech.edu/data/SPITZER/S4G/galaxies/UGC07639/P4/,200,3,3,UGC07639_d.outgal,"[""UGC07639_d.outgal"", ""UGC07639_onecomp.outgal"", ""UGC07639_twocomp.outgal""]",
UGC07673,https://irsa.ipac.caltech.edu/data/SPITZER/S4G/galaxies/UGC07673/P4/,200,3,3,UGC07673_d.outgal,"[""UGC07673_d.outgal"", ""UGC07673_onecomp.outgal"", ""UGC07673_twocomp.outgal""]",
UGC07688,https://irsa.ipac.caltech.edu/data/SPITZER/S4G/galaxies/UGC07688/P4/,404,0,0,,[],
UGC07690,https://irsa.ipac.caltech.edu/data/SPITZER/S4G/galaxies/UGC07690/P4/,200,3,3,UGC07690_dd.outgal,"[""UGC07690_dd.outgal"", ""UGC07690_onecomp.outgal"", ""UGC07690_twocomp.outgal""]",
UGC07698,https://irsa.ipac.caltech.edu/data/SPITZER/S4G/galaxies/UGC07698/P4/,200,3,3,UGC07698_d.outgal,"[""UGC07698_d.outgal"", ""UGC07698_onecomp.outgal"", ""UGC07698_twocomp.outgal""]",
UGC07700,https://irsa.ipac.caltech.edu/data/SPITZER/S4G/galaxies/UGC07700/P4/,200,3,3,UGC07700_dbar.outgal,"[""UGC07700_dbar.outgal"", ""UGC07700_onecomp.outgal"", ""UGC07700_twocomp.outgal""]",
UGC07710,https://irsa.ipac.caltech.edu/data/SPITZER/S4G/galaxies/UGC07710/P4/,404,0,0,,[],
UGC07730,https://irsa.ipac.caltech.edu/data/SPITZER/S4G/galaxies/UGC07730/P4/,200,3,3,UGC07730_d.outgal,"[""UGC07730_d.outgal"", ""UGC07730_onecomp.outgal"", ""UGC07730_twocomp.outgal""]",
UGC07739,https://irsa.ipac.caltech.edu/data/SPITZER/S4G/galaxies/UGC07739/P4/,200,3,3,UGC07739_d.outgal,"[""UGC07739_d.outgal"", ""UGC07739_onecomp.outgal"", ""UGC07739_twocomp.outgal""]",
UGC07795,https://irsa.ipac.caltech.edu/data/SPITZER/S4G/galaxies/UGC07795/P4/,200,3,3,UGC07795_d.outgal,"[""UGC07795_d.outgal"", ""UGC07795_onecomp.outgal"", ""UGC07795_twocomp.outgal""]",
UGC07841,https://irsa.ipac.caltech.edu/data/SPITZER/S4G/galaxies/UGC07841/P4/,404,0,0,,[],
UGC07848,https://irsa.ipac.caltech.edu/data/SPITZER/S4G/galaxies/UGC07848/P4/,200,3,3,UGC07848_dn.outgal,"[""UGC07848_dn.outgal"", ""UGC07848_onecomp.outgal"", ""UGC07848_twocomp.outgal""]",
UGC07857,https://irsa.ipac.caltech.edu/data/SPITZER/S4G/galaxies/UGC07857/P4/,404,0,0,,[],
UGC07906,https://irsa.ipac.caltech.edu/data/SPITZER/S4G/galaxies/UGC07906/P4/,200,2,2,UGC07906_twocomp.outgal,"[""UGC07906_onecomp.outgal"", ""UGC07906_twocomp.outgal""]",
UGC07911,https://irsa.ipac.caltech.edu/data/SPITZER/S4G/galaxies/UGC07911/P4/,200,3,3,UGC07911_dbar.outgal,"[""UGC07911_dbar.outgal"", ""UGC07911_onecomp.outgal"", ""UGC07911_twocomp.outgal""]",
UGC07943,https://irsa.ipac.caltech.edu/data/SPITZER/S4G/galaxies/UGC07943/P4/,200,3,3,UGC07943_dbar.outgal,"[""UGC07943_dbar.outgal"", ""UGC07943_onecomp.outgal"", ""UGC07943_twocomp.outgal""]",
UGC07945,https://irsa.ipac.caltech.edu/data/SPITZER/S4G/galaxies/UGC07945/P4/,404,0,0,,[],
UGC07949,https://irsa.ipac.caltech.edu/data/SPITZER/S4G/galaxies/UGC07949/P4/,200,2,2,UGC07949_twocomp.outgal,"[""UGC07949_onecomp.outgal"", ""UGC07949_twocomp.outgal""]",
UGC07950,https://irsa.ipac.caltech.edu/data/SPITZER/S4G/galaxies/UGC07950/P4/,200,3,3,UGC07950_dd.outgal,"[""UGC07950_dd.outgal"", ""UGC07950_onecomp.outgal"", ""UGC07950_twocomp.outgal""]",
UGC08041,https://irsa.ipac.caltech.edu/data/SPITZER/S4G/galaxies/UGC08041/P4/,200,3,3,UGC08041_dbarn.outgal,"[""UGC08041_dbarn.outgal"", ""UGC08041_onecomp.outgal"", ""UGC08041_twocomp.outgal""]",
UGC08042,https://irsa.ipac.caltech.edu/data/SPITZER/S4G/galaxies/UGC08042/P4/,200,3,3,UGC08042_dbar.outgal,"[""UGC08042_dbar.outgal"", ""UGC08042_onecomp.outgal"", ""UGC08042_twocomp.outgal""]",
UGC08053,https://irsa.ipac.caltech.edu/data/SPITZER/S4G/galaxies/UGC08053/P4/,200,3,3,UGC08053_d.outgal,"[""UGC08053_d.outgal"", ""UGC08053_onecomp.outgal"", ""UGC08053_twocomp.outgal""]",
UGC08056,https://irsa.ipac.caltech.edu/data/SPITZER/S4G/galaxies/UGC08056/P4/,200,3,3,UGC08056_bdbarf.outgal,"[""UGC08056_bdbarf.outgal"", ""UGC08056_onecomp.outgal"", ""UGC08056_twocomp.outgal""]",
UGC08084,https://irsa.ipac.caltech.edu/data/SPITZER/S4G/galaxies/UGC08084/P4/,200,3,3,UGC08084_dbar.outgal,"[""UGC08084_dbar.outgal"", ""UGC08084_onecomp.outgal"", ""UGC08084_twocomp.outgal""]",
UGC08101,https://irsa.ipac.caltech.edu/data/SPITZER/S4G/galaxies/UGC08101/P4/,404,0,0,,[],
UGC08153,https://irsa.ipac.caltech.edu/data/SPITZER/S4G/galaxies/UGC08153/P4/,200,3,3,UGC08153_bd.outgal,"[""UGC08153_bd.outgal"", ""UGC08153_onecomp.outgal"", ""UGC08153_twocomp.outgal""]",
UGC08155,https://irsa.ipac.caltech.edu/data/SPITZER/S4G/galaxies/UGC08155/P4/,200,3,3,UGC08155_bd.outgal,"[""UGC08155_bd.outgal"", ""UGC08155_onecomp.outgal"", ""UGC08155_twocomp.outgal""]",
UGC08231,https://irsa.ipac.caltech.edu/data/SPITZER/S4G/galaxies/UGC08231/P4/,404,0,0,,[],
UGC08245,https://irsa.ipac.caltech.edu/data/SPITZER/S4G/galaxies/UGC08245/P4/,404,0,0,,[],
UGC08303,https://irsa.ipac.caltech.edu/data/SPITZER/S4G/galaxies/UGC08303/P4/,200,3,3,UGC08303_d.outgal,"[""UGC08303_d.outgal"", ""UGC08303_onecomp.outgal"", ""UGC08303_twocomp.outgal""]",
UGC08308,https://irsa.ipac.caltech.edu/data/SPITZER/S4G/galaxies/UGC08308/P4/,404,0,0,,[],
UGC08441,https://irsa.ipac.caltech.edu/data/SPITZER/S4G/galaxies/UGC08441/P4/,200,3,3,UGC08441_d.outgal,"[""UGC08441_d.outgal"", ""UGC08441_onecomp.outgal"", ""UGC08441_twocomp.outgal""]",
UGC08507,https://irsa.ipac.caltech.edu/data/SPITZER/S4G/galaxies/UGC08507/P4/,200,3,3,UGC08507_dbarf.outgal,"[""UGC08507_dbarf.outgal"", ""UGC08507_onecomp.outgal"", ""UGC08507_twocomp.outgal""]",
UGC08508,https://irsa.ipac.caltech.edu/data/SPITZER/S4G/galaxies/UGC08508/P4/,200,3,3,UGC08508_d.outgal,"[""UGC08508_d.outgal"", ""UGC08508_onecomp.outgal"", ""UGC08508_twocomp.outgal""]",
UGC08516,https://irsa.ipac.caltech.edu/data/SPITZER/S4G/galaxies/UGC08516/P4/,200,3,3,UGC08516_dn.outgal,"[""UGC08516_dn.outgal"", ""UGC08516_onecomp.outgal"", ""UGC08516_twocomp.outgal""]",
UGC08588,https://irsa.ipac.caltech.edu/data/SPITZER/S4G/galaxies/UGC08588/P4/,200,3,3,UGC08588_d.outgal,"[""UGC08588_d.outgal"", ""UGC08588_onecomp.outgal"", ""UGC08588_twocomp.outgal""]",
UGC08597,https://irsa.ipac.caltech.edu/data/SPITZER/S4G/galaxies/UGC08597/P4/,200,3,3,UGC08597_dbar.outgal,"[""UGC08597_dbar.outgal"", ""UGC08597_onecomp.outgal"", ""UGC08597_twocomp.outgal""]",
UGC08614,https://irsa.ipac.caltech.edu/data/SPITZER/S4G/galaxies/UGC08614/P4/,200,3,3,UGC08614_dbarf.outgal,"[""UGC08614_dbarf.outgal"", ""UGC08614_onecomp.outgal"", ""UGC08614_twocomp.outgal""]",
UGC08639,https://irsa.ipac.caltech.edu/data/SPITZER/S4G/galaxies/UGC08639/P4/,200,3,3,UGC08639_bd.outgal,"[""UGC08639_bd.outgal"", ""UGC08639_onecomp.outgal"", ""UGC08639_twocomp.outgal""]",
UGC08651,https://irsa.ipac.caltech.edu/data/SPITZER/S4G/galaxies/UGC08651/P4/,200,3,3,UGC08651_d.outgal,"[""UGC08651_d.outgal"", ""UGC08651_onecomp.outgal"", ""UGC08651_twocomp.outgal""]",
UGC08658,https://irsa.ipac.caltech.edu/data/SPITZER/S4G/galaxies/UGC08658/P4/,200,3,3,UGC08658_dbarn.outgal,"[""UGC08658_dbarn.outgal"", ""UGC08658_onecomp.outgal"", ""UGC08658_twocomp.outgal""]",
UGC08684,https://irsa.ipac.caltech.edu/data/SPITZER/S4G/galaxies/UGC08684/P4/,200,2,3,UGC08684_zn.outgal,"[""UGC08684_onecomp.outgal"", ""UGC08684_zn.outgal""]",
UGC08688,https://irsa.ipac.caltech.edu/data/SPITZER/S4G/galaxies/UGC08688/P4/,200,3,3,UGC08688_d.outgal,"[""UGC08688_d.outgal"", ""UGC08688_onecomp.outgal"", ""UGC08688_twocomp.outgal""]",
UGC08693,https://irsa.ipac.caltech.edu/data/SPITZER/S4G/galaxies/UGC08693/P4/,200,3,3,UGC08693_d.outgal,"[""UGC08693_d.outgal"", ""UGC08693_onecomp.outgal"", ""UGC08693_twocomp.outgal""]",
UGC08731,https://irsa.ipac.caltech.edu/data/SPITZER/S4G/galaxies/UGC08731/P4/,404,0,0,,[],
UGC08733,https://irsa.ipac.caltech.edu/data/SPITZER/S4G/galaxies/UGC08733/P4/,200,3,3,UGC08733_dbarf.outgal,"[""UGC08733_dbarf.outgal"", ""UGC08733_onecomp.outgal"", ""UGC08733_twocomp.outgal""]",
UGC08736,https://irsa.ipac.caltech.edu/data/SPITZER/S4G/galaxies/UGC08736/P4/,404,0,0,,[],
UGC08741,https://irsa.ipac.caltech.edu/data/SPITZER/S4G/galaxies/UGC08741/P4/,404,0,0,,[],
UGC08839,https://irsa.ipac.caltech.edu/data/SPITZER/S4G/galaxies/UGC08839/P4/,200,3,3,UGC08839_dn.outgal,"[""UGC08839_dn.outgal"", ""UGC08839_onecomp.outgal"", ""UGC08839_twocomp.outgal""]",
UGC08876,https://irsa.ipac.caltech.edu/data/SPITZER/S4G/galaxies/UGC08876/P4/,404,0,0,,[],
UGC08877,https://irsa.ipac.caltech.edu/data/SPITZER/S4G/galaxies/UGC08877/P4/,200,3,3,UGC08877_dbar.outgal,"[""UGC08877_dbar.outgal"", ""UGC08877_onecomp.outgal"", ""UGC08877_twocomp.outgal""]",
UGC08892,https://irsa.ipac.caltech.edu/data/SPITZER/S4G/galaxies/UGC08892/P4/,200,3,3,UGC08892_d.outgal,"[""UGC08892_d.outgal"", ""UGC08892_onecomp.outgal"", ""UGC08892_twocomp.outgal""]",
UGC08909,https://irsa.ipac.caltech.edu/data/SPITZER/S4G/galaxies/UGC08909/P4/,200,3,3,UGC08909_dbar.outgal,"[""UGC08909_dbar.outgal"", ""UGC08909_onecomp.outgal"", ""UGC08909_twocomp.outgal""]",
UGC08970,https://irsa.ipac.caltech.edu/data/SPITZER/S4G/galaxies/UGC08970/P4/,404,0,0,,[],
UGC08986,https://irsa.ipac.caltech.edu/data/SPITZER/S4G/galaxies/UGC08986/P4/,404,0,0,,[],
UGC09112,https://irsa.ipac.caltech.edu/data/SPITZER/S4G/galaxies/UGC09112/P4/,404,0,0,,[],
UGC09126,https://irsa.ipac.caltech.edu/data/SPITZER/S4G/galaxies/UGC09126/P4/,200,2,2,UGC09126_twocomp.outgal,"[""UGC09126_onecomp.outgal"", ""UGC09126_twocomp.outgal""]",
UGC09128,https://irsa.ipac.caltech.edu/data/SPITZER/S4G/galaxies/UGC09128/P4/,200,3,3,UGC09128_d.outgal,"[""UGC09128_d.outgal"", ""UGC09128_onecomp.outgal"", ""UGC09128_twocomp.outgal""]",
UGC09206,https://irsa.ipac.caltech.edu/data/SPITZER/S4G/galaxies/UGC09206/P4/,200,3,3,UGC09206_dd.outgal,"[""UGC09206_dd.outgal"", ""UGC09206_onecomp.outgal"", ""UGC09206_twocomp.outgal""]",
UGC09215,https://irsa.ipac.caltech.edu/data/SPITZER/S4G/galaxies/UGC09215/P4/,200,3,3,UGC09215_dbar.outgal,"[""UGC09215_dbar.outgal"", ""UGC09215_onecomp.outgal"", ""UGC09215_twocomp.outgal""]",
UGC09240,https://irsa.ipac.caltech.edu/data/SPITZER/S4G/galaxies/UGC09240/P4/,200,3,3,UGC09240_d.outgal,"[""UGC09240_d.outgal"", ""UGC09240_onecomp.outgal"", ""UGC09240_twocomp.outgal""]",
UGC09245,https://irsa.ipac.caltech.edu/data/SPITZER/S4G/galaxies/UGC09245/P4/,200,3,3,UGC09245_dbar.outgal,"[""UGC09245_dbar.outgal"", ""UGC09245_onecomp.outgal"", ""UGC09245_twocomp.outgal""]",
UGC09274,https://irsa.ipac.caltech.edu/data/SPITZER/S4G/galaxies/UGC09274/P4/,200,3,3,UGC09274_d.outgal,"[""UGC09274_d.outgal"", ""UGC09274_onecomp.outgal"", ""UGC09274_twocomp.outgal""]",
UGC09282,https://irsa.ipac.caltech.edu/data/SPITZER/S4G/galaxies/UGC09282/P4/,200,3,3,UGC09282_d.outgal,"[""UGC09282_d.outgal"", ""UGC09282_onecomp.outgal"", ""UGC09282_twocomp.outgal""]",
UGC09285,https://irsa.ipac.caltech.edu/data/SPITZER/S4G/galaxies/UGC09285/P4/,404,0,0,,[],
UGC09291,https://irsa.ipac.caltech.edu/data/SPITZER/S4G/galaxies/UGC09291/P4/,200,3,3,UGC09291_dbarfn.outgal,"[""UGC09291_dbarfn.outgal"", ""UGC09291_onecomp.outgal"", ""UGC09291_twocomp.outgal""]",
UGC09299,https://irsa.ipac.caltech.edu/data/SPITZER/S4G/galaxies/UGC09299/P4/,200,3,3,UGC09299_dbar.outgal,"[""UGC09299_dbar.outgal"", ""UGC09299_onecomp.outgal"", ""UGC09299_twocomp.outgal""]",
UGC09356,https://irsa.ipac.caltech.edu/data/SPITZER/S4G/galaxies/UGC09356/P4/,200,3,3,UGC09356_d.outgal,"[""UGC09356_d.outgal"", ""UGC09356_onecomp.outgal"", ""UGC09356_twocomp.outgal""]",
UGC09380,https://irsa.ipac.caltech.edu/data/SPITZER/S4G/galaxies/UGC09380/P4/,200,3,3,UGC09380_d.outgal,"[""UGC09380_d.outgal"", ""UGC09380_onecomp.outgal"", ""UGC09380_twocomp.outgal""]",
UGC09405,https://irsa.ipac.caltech.edu/data/SPITZER/S4G/galaxies/UGC09405/P4/,404,0,0,,[],
UGC09432,https://irsa.ipac.caltech.edu/data/SPITZER/S4G/galaxies/UGC09432/P4/,404,0,0,,[],
UGC09469,https://irsa.ipac.caltech.edu/data/SPITZER/S4G/galaxies/UGC09469/P4/,200,3,3,UGC09469_dd.outgal,"[""UGC09469_dd.outgal"", ""UGC09469_onecomp.outgal"", ""UGC09469_twocomp.outgal""]",
UGC09504,https://irsa.ipac.caltech.edu/data/SPITZER/S4G/galaxies/UGC09504/P4/,404,0,0,,[],
UGC09569,https://irsa.ipac.caltech.edu/data/SPITZER/S4G/galaxies/UGC09569/P4/,200,3,3,UGC09569_dbar.outgal,"[""UGC09569_dbar.outgal"", ""UGC09569_onecomp.outgal"", ""UGC09569_twocomp.outgal""]",
UGC09601,https://irsa.ipac.caltech.edu/data/SPITZER/S4G/galaxies/UGC09601/P4/,200,3,3,UGC09601_dbar.outgal,"[""UGC09601_dbar.outgal"", ""UGC09601_onecomp.outgal"", ""UGC09601_twocomp.outgal""]",
UGC09661,https://irsa.ipac.caltech.edu/data/SPITZER/S4G/galaxies/UGC09661/P4/,200,3,3,UGC09661_dbar.outgal,"[""UGC09661_dbar.outgal"", ""UGC09661_onecomp.outgal"", ""UGC09661_twocomp.outgal""]",
UGC09663,https://irsa.ipac.caltech.edu/data/SPITZER/S4G/galaxies/UGC09663/P4/,200,3,3,UGC09663_d.outgal,"[""UGC09663_d.outgal"", ""UGC09663_onecomp.outgal"", ""UGC09663_twocomp.outgal""]",
UGC09730,https://irsa.ipac.caltech.edu/data/SPITZER/S4G/galaxies/UGC09730/P4/,200,3,3,UGC09730_dbar.outgal,"[""UGC09730_dbar.outgal"", ""UGC09730_onecomp.outgal"", ""UGC09730_twocomp.outgal""]",
UGC09741,https://irsa.ipac.caltech.edu/data/SPITZER/S4G/galaxies/UGC09741/P4/,404,0,0,,[],
UGC09837,https://irsa.ipac.caltech.edu/data/SPITZER/S4G/galaxies/UGC09837/P4/,200,3,3,UGC09837_bd.outgal,"[""UGC09837_bd.outgal"", ""UGC09837_onecomp.outgal"", ""UGC09837_twocomp.outgal""]",
UGC09875,https://irsa.ipac.caltech.edu/data/SPITZER/S4G/galaxies/UGC09875/P4/,200,3,3,UGC09875_dd.outgal,"[""UGC09875_dd.outgal"", ""UGC09875_onecomp.outgal"", ""UGC09875_twocomp.outgal""]",
UGC09936,https://irsa.ipac.caltech.edu/data/SPITZER/S4G/galaxies/UGC09936/P4/,200,3,3,UGC09936_d.outgal,"[""UGC09936_d.outgal"", ""UGC09936_onecomp.outgal"", ""UGC09936_twocomp.outgal""]",
UGC09951,https://irsa.ipac.caltech.edu/data/SPITZER/S4G/galaxies/UGC09951/P4/,200,3,3,UGC09951_dd.outgal,"[""UGC09951_dd.outgal"", ""UGC09951_onecomp.outgal"", ""UGC09951_twocomp.outgal""]",
UGC09992,https://irsa.ipac.caltech.edu/data/SPITZER/S4G/galaxies/UGC09992/P4/,200,3,3,UGC09992_d.outgal,"[""UGC09992_d.outgal"", ""UGC09992_onecomp.outgal"", ""UGC09992_twocomp.outgal""]",
UGC10014,https://irsa.ipac.caltech.edu/data/SPITZER/S4G/galaxies/UGC10014/P4/,200,3,3,UGC10014_d.outgal,"[""UGC10014_d.outgal"", ""UGC10014_onecomp.outgal"", ""UGC10014_twocomp.outgal""]",
UGC10020,https://irsa.ipac.caltech.edu/data/SPITZER/S4G/galaxies/UGC10020/P4/,200,3,3,UGC10020_dd.outgal,"[""UGC10020_dd.outgal"", ""UGC10020_onecomp.outgal"", ""UGC10020_twocomp.outgal""]",
UGC10061,https://irsa.ipac.caltech.edu/data/SPITZER/S4G/galaxies/UGC10061/P4/,200,2,2,UGC10061_twocomp.outgal,"[""UGC10061_onecomp.outgal"", ""UGC10061_twocomp.outgal""]",
UGC10290,https://irsa.ipac.caltech.edu/data/SPITZER/S4G/galaxies/UGC10290/P4/,200,3,3,UGC10290_dbar.outgal,"[""UGC10290_dbar.outgal"", ""UGC10290_onecomp.outgal"", ""UGC10290_twocomp.outgal""]",
UGC10310,https://irsa.ipac.caltech.edu/data/SPITZER/S4G/galaxies/UGC10310/P4/,200,3,3,UGC10310_d.outgal,"[""UGC10310_d.outgal"", ""UGC10310_onecomp.outgal"", ""UGC10310_twocomp.outgal""]",
UGC10437,https://irsa.ipac.caltech.edu/data/SPITZER/S4G/galaxies/UGC10437/P4/,200,3,3,UGC10437_dd.outgal,"[""UGC10437_dd.outgal"", ""UGC10437_onecomp.outgal"", ""UGC10437_twocomp.outgal""]",
UGC10445,https://irsa.ipac.caltech.edu/data/SPITZER/S4G/galaxies/UGC10445/P4/,200,3,3,UGC10445_bd.outgal,"[""UGC10445_bd.outgal"", ""UGC10445_onecomp.outgal"", ""UGC10445_twocomp.outgal""]",
UGC10608,https://irsa.ipac.caltech.edu/data/SPITZER/S4G/galaxies/UGC10608/P4/,200,2,2,UGC10608_twocomp.outgal,"[""UGC10608_onecomp.outgal"", ""UGC10608_twocomp.outgal""]",
UGC10721,https://irsa.ipac.caltech.edu/data/SPITZER/S4G/galaxies/UGC10721/P4/,200,3,3,UGC10721_dn.outgal,"[""UGC10721_dn.outgal"", ""UGC10721_onecomp.outgal"", ""UGC10721_twocomp.outgal""]",
UGC10791,https://irsa.ipac.caltech.edu/data/SPITZER/S4G/galaxies/UGC10791/P4/,200,3,3,UGC10791_dbar.outgal,"[""UGC10791_dbar.outgal"", ""UGC10791_onecomp.outgal"", ""UGC10791_twocomp.outgal""]",
UGC10803,https://irsa.ipac.caltech.edu/data/SPITZER/S4G/galaxies/UGC10803/P4/,200,3,3,UGC10803_ddn.outgal,"[""UGC10803_ddn.outgal"", ""UGC10803_onecomp.outgal"", ""UGC10803_twocomp.outgal""]",
UGC10854,https://irsa.ipac.caltech.edu/data/SPITZER/S4G/galaxies/UGC10854/P4/,200,3,3,UGC10854_dbarf.outgal,"[""UGC10854_dbarf.outgal"", ""UGC10854_onecomp.outgal"", ""UGC10854_twocomp.outgal""]",
UGC10907,https://irsa.ipac.caltech.edu/data/SPITZER/S4G/galaxies/UGC10907/P4/,404,0,0,,[],
UGC10974,https://irsa.ipac.caltech.edu/data/SPITZER/S4G/galaxies/UGC10974/P4/,404,0,0,,[],
UGC11782,https://irsa.ipac.caltech.edu/data/SPITZER/S4G/galaxies/UGC11782/P4/,200,4,3,UGC11782_dbarfn.outgal,"[""UGC11782_dbarf.outgal"", ""UGC11782_dbarfn.outgal"", ""UGC11782_onecomp.outgal"", ""UGC11782_twocomp.outgal""]",
UGC12151,https://irsa.ipac.caltech.edu/data/SPITZER/S4G/galaxies/UGC12151/P4/,200,3,3,UGC12151_dbar.outgal,"[""UGC12151_dbar.outgal"", ""UGC12151_onecomp.outgal"", ""UGC12151_twocomp.outgal""]",
UGC12300,https://irsa.ipac.caltech.edu/data/SPITZER/S4G/galaxies/UGC12300/P4/,404,0,0,,[],
UGC12613,https://irsa.ipac.caltech.edu/data/SPITZER/S4G/galaxies/UGC12613/P4/,200,3,3,UGC12613_d.outgal,"[""UGC12613_d.outgal"", ""UGC12613_onecomp.outgal"", ""UGC12613_twocomp.outgal""]",
UGC12681,https://irsa.ipac.caltech.edu/data/SPITZER/S4G/galaxies/UGC12681/P4/,200,3,3,UGC12681_dbarf.outgal,"[""UGC12681_dbarf.outgal"", ""UGC12681_onecomp.outgal"", ""UGC12681_twocomp.outgal""]",
UGC12682,https://irsa.ipac.caltech.edu/data/SPITZER/S4G/galaxies/UGC12682/P4/,200,3,3,UGC12682_d.outgal,"[""UGC12682_d.outgal"", ""UGC12682_onecomp.outgal"", ""UGC12682_twocomp.outgal""]",
UGC12707,https://irsa.ipac.caltech.edu/data/SPITZER/S4G/galaxies/UGC12707/P4/,200,3,3,UGC12707_dbarfn.outgal,"[""UGC12707_dbarfn.outgal"", ""UGC12707_onecomp.outgal"", ""UGC12707_twocomp.outgal""]",
UGC12709,https://irsa.ipac.caltech.edu/data/SPITZER/S4G/galaxies/UGC12709/P4/,200,3,3,UGC12709_dbar.outgal,"[""UGC12709_dbar.outgal"", ""UGC12709_onecomp.outgal"", ""UGC12709_twocomp.outgal""]",
UGC12729,https://irsa.ipac.caltech.edu/data/SPITZER/S4G/galaxies/UGC12729/P4/,404,0,0,,[],
UGC12732,https://irsa.ipac.caltech.edu/data/SPITZER/S4G/galaxies/UGC12732/P4/,200,3,3,UGC12732_dbar.outgal,"[""UGC12732_dbar.outgal"", ""UGC12732_onecomp.outgal"", ""UGC12732_twocomp.outgal""]",
UGC12846,https://irsa.ipac.caltech.edu/data/SPITZER/S4G/galaxies/UGC12846/P4/,200,3,3,UGC12846_d.outgal,"[""UGC12846_d.outgal"", ""UGC12846_onecomp.outgal"", ""UGC12846_twocomp.outgal""]",
UGC12893,https://irsa.ipac.caltech.edu/data/SPITZER/S4G/galaxies/UGC12893/P4/,200,3,3,UGC12893_bd.outgal,"[""UGC12893_bd.outgal"", ""UGC12893_onecomp.outgal"", ""UGC12893_twocomp.outgal""]",
