name,ra,dec,sample,type,cvrhs,t,incl_deg,dist_mpc,distmod,mabs1_3p6,logmstar,btot_app,b_abs,m_i,mi_source,mabs3_real,p4_url
NGC5493,212.87241,-5.043581,ETG,S0,S0^- sp / E(d)1,-3.0,31.9,19.85,31.488802555495667,-20.477,10.377,12.281,-19.207802555495668,-20.84873860054148,predicted_B,nan,https://irsa.ipac.caltech.edu/data/SPITZER/S4G/galaxies/NGC5493/P4/
ESO462-028,307.739498,-28.925952,DG,Scd,SA\underline{B}(s)m,9.0,48.5,39.8,32.99941536036844,-17.751,9.287,15.12,-17.87941536036844,-18.289,real,-18.289,https://irsa.ipac.caltech.edu/data/SPITZER/S4G/galaxies/ESO462-028/P4/
ESO466-025,329.601814,-32.236364,DG,Sc,S0$^-$ sp / E(d)5,-3.0,61.7,33.35,32.615479191262835,-18.565,9.613,14.88,-17.735479191262833,-19.002,real,-19.002,https://irsa.ipac.caltech.edu/data/SPITZER/S4G/galaxies/ESO466-025/P4/
ESO466-043,330.562275,-31.22023,DG,Sbc,Sb sp / E7,3.0,67.7,36.83,32.831008594274564,-18.609,9.63,15.2,-17.631008594274565,-19.039,real,-19.039,https://irsa.ipac.caltech.edu/data/SPITZER/S4G/galaxies/ESO466-043/P4/
ESO468-006,337.82539,-28.400438,DG,Scd,SA(s)m,9.0,39.5,37.45,32.86725911017743,-17.181,9.059,15.18,-17.68725911017743,-17.784,real,-17.784,https://irsa.ipac.caltech.edu/data/SPITZER/S4G/galaxies/ESO468-006/P4/
ESO468-008,338.005714,-28.024192,DG,Sm,IB(s)m,10.0,57.1,36.63,32.819184593322724,-16.608,8.829,16.08,-16.739184593322726,-17.269,real,-17.269,https://irsa.ipac.caltech.edu/data/SPITZER/S4G/galaxies/ESO468-008/P4/
ESO477-005,27.206763,-27.141226,DG,Sc,SAB(s)cd,6.0,64.7,18.09,31.28719283429907,-15.838,8.522,15.24,-16.047192834299068,-16.572,real,-16.572,https://irsa.ipac.caltech.edu/data/SPITZER/S4G/galaxies/ESO477-005/P4/
ESO480-017,44.811035,-23.660685,DG,Sbc,(R$^{\prime}$)SB(s)cd,6.0,64.9,36.48,32.81027414828189,-17.271,9.094,15.58,-17.230274148281893,-17.863,real,-17.863,https://irsa.ipac.caltech.edu/data/SPITZER/S4G/galaxies/ESO480-017/P4/
ESO482-017,54.430085,-22.909782,DG,Sb,SA(s)cd,6.0,63.7,18.01,31.27756856409767,-16.943,8.963,15.34,-15.93756856409767,-17.57,real,-17.57,https://irsa.ipac.caltech.edu/data/SPITZER/S4G/galaxies/ESO482-017/P4/
ESO482-036,55.580852,-22.755392,DG,SABm,(R$^{\prime}$)S\underline{A}B(s)cd,6.0,33.5,21.01,31.612130262029766,-17.019,8.994,15.01,-16.602130262029767,-17.639,real,-17.639,https://irsa.ipac.caltech.edu/data/SPITZER/S4G/galaxies/ESO482-036/P4/
ESO482-049,58.11075,-23.042931,DG,Sc,Im sp / E5,10.0,63.7,19.83,31.48661357102651,-15.994,8.584,15.54,-15.94661357102651,-16.714,real,-16.714,https://irsa.ipac.caltech.edu/data/SPITZER/S4G/galaxies/ESO482-049/P4/
ESO504-030,179.312343,-27.70004,DG,SBd,(R$^{\prime}$)SB(r\underline{s})cd,6.0,45.0,23.91,31.89289788057887,-17.442,9.163,14.79,-17.102897880578873,-18.015,real,-18.015,https://irsa.ipac.caltech.edu/data/SPITZER/S4G/galaxies/ESO504-030/P4/
ESO505-005,180.46064,-24.123746,DG,S?,(L)SB(s)m,9.0,37.1,22.03,31.715072485753836,-16.537,8.801,15.18,-16.535072485753837,-17.206,real,-17.206,https://irsa.ipac.caltech.edu/data/SPITZER/S4G/galaxies/ESO505-005/P4/
PGC282435,46.355889,-68.939692,DG,Sm,SA(s)cd,6.0,53.3,18.26,31.3075038659914,-16.404,8.748,15.0,-16.3075038659914,-17.085,real,-17.085,https://irsa.ipac.caltech.edu/data/SPITZER/S4G/galaxies/PGC282435/P4/
PGC3097691,6.544448,-11.043567,DG,I,dSph,11.0,45.6,0.79,24.48813545645221,-10.45,6.366,14.4,-10.088135456452209,-11.408,real,-11.408,https://irsa.ipac.caltech.edu/data/SPITZER/S4G/galaxies/PGC3097691/P4/
PGC3097702,166.548522,-14.406327,DG,I,SAB(s)dm,8.0,66.4,13.92,30.718196176372714,-14.139,7.842,15.8,-14.918196176372714,-14.995,real,-14.995,https://irsa.ipac.caltech.edu/data/SPITZER/S4G/galaxies/PGC3097702/P4/
PGC891484,172.776397,-16.926967,DG,S?,(R$^{\prime}$)SA(s)d,7.0,33.0,17.99,31.275155816727754,-15.92,8.554,15.17,-16.105155816727752,-16.647,real,-16.647,https://irsa.ipac.caltech.edu/data/SPITZER/S4G/galaxies/PGC891484/P4/
PGC896975,213.348104,-16.529777,DG,S0,SA0$^-$ sp,-3.0,64.9,29.66,32.36085573346182,-17.889,9.342,15.52,-16.84085573346182,-18.41,real,-18.41,https://irsa.ipac.caltech.edu/data/SPITZER/S4G/galaxies/PGC896975/P4/
PGC924727,195.908355,-14.428597,DG,,SAB(s)dm,8.0,65.9,36.17,32.7917425438081,-17.8,9.306,15.32,-17.471742543808098,-18.332,real,-18.332,https://irsa.ipac.caltech.edu/data/SPITZER/S4G/galaxies/PGC924727/P4/
UGC00685,16.843978,16.684813,DG,Sm,dIAm,10.0,48.5,4.95,28.473025994667843,-14.979,8.178,14.37,-14.103025994667844,-15.443146108746943,predicted_B,nan,https://irsa.ipac.caltech.edu/data/SPITZER/S4G/galaxies/UGC00685/P4/
UGC01050,22.0536,10.43294,DG,Sd,SAB(s)m,9.0,65.4,32.14,32.535229362136626,-16.239,8.681,16.5,-16.035229362136626,-16.935,real,-16.935,https://irsa.ipac.caltech.edu/data/SPITZER/S4G/galaxies/UGC01050/P4/
NGC1380B,54.2874,-35.195077,ETG,E-S0,S0^- sp / E(d)3,-3.0,59.0,18.86,31.37770844200655,-18.829,9.718,13.807,-17.57070844200655,-19.203301483871538,predicted_B,nan,https://irsa.ipac.caltech.edu/data/SPITZER/S4G/galaxies/NGC1380B/P4/
NGC3321,159.710904,-11.64869,S4G,SABc,SAB(\underline{r}s)cd,6.0,63.3,44.53,33.243263475656114,-20.215,10.272,13.617,-19.626263475656113,-20.746646916779188,predicted_B,nan,https://irsa.ipac.caltech.edu/data/SPITZER/S4G/galaxies/NGC3321/P4/
NGC3329,161.16379,76.809535,S4G,Sb,SA(l)a,1.0,56.3,30.3,32.40721314251152,-20.481,10.378,12.959,-19.448213142511523,-20.90829508849021,predicted_B,nan,https://irsa.ipac.caltech.edu/data/SPITZER/S4G/galaxies/NGC3329/P4/
NGC3338,160.531536,13.746848,S4G,Sc,"SA(rs,nl)bc",4.0,56.4,22.47,31.758015362095648,-20.855,10.528,11.439,-20.319015362095648,-21.399043610092477,predicted_B,nan,https://irsa.ipac.caltech.edu/data/SPITZER/S4G/galaxies/NGC3338/P4/
NGC3344,160.879688,24.922415,S4G,Sbc,SAB(r)\underline{b}c,3.5,18.7,11.92,30.38138127702109,-20.355,10.328,10.5,-19.88138127702109,-20.913699600099957,predicted_B,nan,https://irsa.ipac.caltech.edu/data/SPITZER/S4G/galaxies/NGC3344/P4/
NGC3346,160.912476,14.8719,S4G,SBc,SB(rs)cd,6.0,34.1,19.26,31.423281413942576,-19.712,10.071,12.586,-18.837281413942577,-20.176441132276505,predicted_B,nan,https://irsa.ipac.caltech.edu/data/SPITZER/S4G/galaxies/NGC3346/P4/
NGC3351,160.990618,11.703659,S4G,Sb,"(R')SB(r,bl,nr)a",1.0,54.6,9.94,29.986931921986567,-20.784,10.5,10.578,-19.408931921986568,-21.130859001666842,predicted_B,nan,https://irsa.ipac.caltech.edu/data/SPITZER/S4G/galaxies/NGC3351/P4/
NGC3353,161.3433,55.960548,S4G,Sb,Im: / Sph pec,10.0,45.7,19.15,31.410843891523207,-18.521,9.594,13.225,-18.185843891523206,-19.112238314507955,predicted_B,nan,https://irsa.ipac.caltech.edu/data/SPITZER/S4G/galaxies/NGC3353/P4/
NGC3359,161.65304,63.223407,S4G,Sc,SB(rs)c\underline{d},6.5,47.2,15.82,30.996032395808292,-20.028,10.197,11.067,-19.929032395808292,-20.67474261301495,predicted_B,nan,https://irsa.ipac.caltech.edu/data/SPITZER/S4G/galaxies/NGC3359/P4/
NGC3364,162.124375,72.425011,S4G,SABc,SA(s)\underline{b}c,3.5,29.4,36.67,32.82155454980301,-20.079,10.218,13.468,-19.35355454980301,-20.578520319203708,predicted_B,nan,https://irsa.ipac.caltech.edu/data/SPITZER/S4G/galaxies/NGC3364/P4/
NGC3368,161.69035,11.819975,S4G,SABa,"(\underline{R}L)SAB(\underline{r}s,bl,nl)0^+^",-1.0,51.0,10.85,30.177148690922742,-21.343,10.723,10.081,-20.096148690922742,-21.719989942366844,predicted_B,nan,https://irsa.ipac.caltech.edu/data/SPITZER/S4G/galaxies/NGC3368/P4/
NGC3370,161.766981,17.273733,S4G,Sc,SA(s)c,5.0,56.2,26.38,32.10637395605173,-20.358,10.329,12.294,-19.812373956051733,-20.899777879672158,predicted_B,nan,https://irsa.ipac.caltech.edu/data/SPITZER/S4G/galaxies/NGC3370/P4/
NGC4141,182.4471,58.84915,S4G,SBc,SB(s)\underline{d}m,7.5,51.3,27.35,32.184786653347246,-17.691,9.263,14.784,-17.400786653347247,-18.2927998635366,predicted_B,nan,https://irsa.ipac.caltech.edu/data/SPITZER/S4G/galaxies/NGC4141/P4/
NGC4142,182.37572,53.104794,S4G,SBcd,SB(s)d\underline{m},8.5,60.2,25.51,32.03355229304895,-18.083,9.419,13.906,-18.12755229304895,-18.7634697888665,predicted_B,nan,https://irsa.ipac.caltech.edu/data/SPITZER/S4G/galaxies/NGC4142/P4/
NGC4145,182.50716,39.882832,S4G,Scd,SAB(rs)d,7.0,64.3,15.66,30.97395878860962,-19.795,10.104,11.799,-19.174958788609622,-20.31929031532326,predicted_B,nan,https://irsa.ipac.caltech.edu/data/SPITZER/S4G/galaxies/NGC4145/P4/
NGC4151,182.635615,39.405775,S4G,SABa,"SAB_a_(l,nl)0/a",0.0,42.0,9.5,29.888618026444234,-19.775,10.096,11.363,-18.525618026444235,-20.151395236214395,predicted_B,nan,https://irsa.ipac.caltech.edu/data/SPITZER/S4G/galaxies/NGC4151/P4/
NGC4152,182.656236,16.032915,S4G,SABc,SAB(rs)c,5.0,50.6,28.98,32.310491905675775,-20.311,10.31,12.891,-19.419491905675777,-20.77149559783381,predicted_B,nan,https://irsa.ipac.caltech.edu/data/SPITZER/S4G/galaxies/NGC4152/P4/
NGC4158,182.792329,20.175634,S4G,Sb,(RL)SAB_a_(r)0/\underline{a},0.5,39.7,56.76,33.770211933927186,-21.384,10.74,13.121,-20.649211933927184,-21.88132480447289,predicted_B,nan,https://irsa.ipac.caltech.edu/data/SPITZER/S4G/galaxies/NGC4158/P4/
NGC4159,182.723164,76.125665,S4G,Scd,SB(s)m sp,9.0,67.8,17.15,31.171320621893948,-17.718,9.273,14.281,-16.89032062189395,-18.193495346145077,predicted_B,nan,https://irsa.ipac.caltech.edu/data/SPITZER/S4G/galaxies/NGC4159/P4/
NGC4162,182.968735,24.123626,S4G,Sbc,SA(rs)b\underline{c},4.5,55.1,36.18,32.792342812618976,-20.966,10.572,12.463,-20.329342812618975,-21.48638556096546,predicted_B,nan,https://irsa.ipac.caltech.edu/data/SPITZER/S4G/galaxies/NGC4162/P4/
NGC4163,183.03915,36.16925,S4G,I,dSA0 (dIm) / Sph,11.0,54.1,2.93,27.33433810177055,-13.757,7.689,13.697,-13.637338101770549,-14.398879453916079,predicted_B,nan,https://irsa.ipac.caltech.edu/data/SPITZER/S4G/galaxies/NGC4163/P4/
NGC4165,183.049182,13.246485,S4G,SABa,SA(s)a\underline{b},2.5,61.8,45.67,33.29815505803501,-19.818,10.113,14.39,-18.908155058035007,-20.27418643863823,predicted_B,nan,https://irsa.ipac.caltech.edu/data/SPITZER/S4G/galaxies/NGC4165/P4/
NGC4635,190.663404,19.945292,S4G,SABc,SA(s)d,7.0,44.6,16.68,31.1109802315086,-18.232,9.479,13.436,-17.6749802315086,-18.77110035440452,predicted_B,nan,https://irsa.ipac.caltech.edu/data/SPITZER/S4G/galaxies/NGC4635/P4/
NGC4639,190.718303,13.257456,S4G,Sbc,"(R')SA\underline{B}(rs,bl)ab",2.0,51.0,22.6,31.770542195737008,-20.442,10.363,12.194,-19.576542195737005,-20.908617415998197,predicted_B,nan,https://irsa.ipac.caltech.edu/data/SPITZER/S4G/galaxies/NGC4639/P4/
NGC4641,190.781898,12.051248,S4G,S0,dSA[(s)m](rl)0^o^ / Sph,11.0,40.6,8.48,29.641979261283574,-16.4,8.746,14.214,-15.427979261283573,-16.84157512640164,predicted_B,nan,https://irsa.ipac.caltech.edu/data/SPITZER/S4G/galaxies/NGC4641/P4/
NGC4643,190.833916,1.978357,S4G,S0-a,"(L)SB(\underline{r}s,bl,nl)0^{o/+}^",-1.5,42.9,25.7,32.04966561665647,-22.075,11.016,11.674,-20.37566561665647,-22.34565641991427,predicted_B,nan,https://irsa.ipac.caltech.edu/data/SPITZER/S4G/galaxies/NGC4643/P4/
NGC4647,190.885361,11.582566,S4G,SABc,SAB(rs)cd,6.0,31.6,17.59,31.226329197287306,-20.253,10.287,12.084,-19.142329197287307,-20.66199236136252,predicted_B,nan,https://irsa.ipac.caltech.edu/data/SPITZER/S4G/galaxies/NGC4647/P4/
NGC4651,190.927704,16.393353,S4G,Sc,SA(rs)b pec,3.2,49.5,22.75,31.78490700496566,-21.374,10.736,11.38,-20.404907004965658,-21.81626314616693,predicted_B,nan,https://irsa.ipac.caltech.edu/data/SPITZER/S4G/galaxies/NGC4651/P4/
NGC4653,190.962184,-0.561305,S4G,SABc,SA(s)b\underline{c},4.5,26.4,40.2,33.02113026542235,-20.571,10.415,12.812,-20.209130265422353,-21.155960612374255,predicted_B,nan,https://irsa.ipac.caltech.edu/data/SPITZER/S4G/galaxies/NGC4653/P4/
NGC4654,190.985785,13.126684,S4G,Sc,SB(r\underline{s})cd,6.0,59.8,14.71,30.83806336363765,-20.667,10.453,11.029,-19.80906336363765,-21.135384890454848,predicted_B,nan,https://irsa.ipac.caltech.edu/data/SPITZER/S4G/galaxies/NGC4654/P4/
NGC5585,214.950431,56.729396,S4G,SABc,SA(s)\underline{d}m:,7.5,53.1,7.37,29.337337439295254,-17.663,9.251,11.393,-17.944337439295253,-18.399114298234384,predicted_B,nan,https://irsa.ipac.caltech.edu/data/SPITZER/S4G/galaxies/NGC5585/P4/
NGC5595,216.055175,-16.723053,S4G,SABc,SAB(s)cd,6.0,64.0,29.78,32.369623467080785,-20.826,10.516,12.58,-19.789623467080787,-21.252451514763987,predicted_B,nan,https://irsa.ipac.caltech.edu/data/SPITZER/S4G/galaxies/NGC5595/P4/
NGC5597,216.114267,-16.762877,S4G,Sc,(R')SB(s)c\underline{d},6.5,40.0,38.6,32.93293652335878,-21.214,10.672,12.607,-20.325936523358777,-21.67530508298931,predicted_B,nan,https://irsa.ipac.caltech.edu/data/SPITZER/S4G/galaxies/NGC5597/P4/
NGC5600,215.956354,14.638758,S4G,Sc,SB(rs)dm pec,8.0,10.5,87.84,34.71846163553008,-22.915,11.352,12.919,-21.799461635530083,-23.322848484349567,predicted_B,nan,https://irsa.ipac.caltech.edu/data/SPITZER/S4G/galaxies/NGC5600/P4/
NGC5602,215.578395,50.501372,S4G,Sa,(RL)SA(l)0^+^,-1.0,64.4,29.9,32.37835594162215,-20.069,10.214,13.311,-19.067355941622147,-20.503613646281202,predicted_B,nan,https://irsa.ipac.caltech.edu/data/SPITZER/S4G/galaxies/NGC5602/P4/
NGC5604,216.178323,-3.2122,S4G,Sa,SA(s)bc,4.0,64.9,41.8,33.10588140887518,-20.961,10.571,13.566,-19.539881408875175,-21.297037131085666,predicted_B,nan,https://irsa.ipac.caltech.edu/data/SPITZER/S4G/galaxies/NGC5604/P4/
NGC5624,216.6468,51.58553,S4G,Sbc,SB(s)m,9.0,50.0,25.51,32.03355229304895,-18.064,9.412,14.135,-17.89855229304895,-18.695119788866503,predicted_B,nan,https://irsa.ipac.caltech.edu/data/SPITZER/S4G/galaxies/NGC5624/P4/
NGC5750,221.546381,-0.222924,S4G,S0-a,"(RL)SAB(r'l,\underline{r}s,bl)0/a",0.0,66.5,30.09,32.392110938700405,-21.193,10.663,12.552,-19.840110938700406,-21.545071070594595,predicted_B,nan,https://irsa.ipac.caltech.edu/data/SPITZER/S4G/galaxies/NGC5750/P4/
NGC5757,221.943335,-19.078559,S4G,Sb,(R')SB(rs)\underline{a}b,1.7,50.6,39.5,32.982985478132306,-21.577,10.817,13.268,-19.714985478132306,-21.80942658736109,predicted_B,nan,https://irsa.ipac.caltech.edu/data/SPITZER/S4G/galaxies/NGC5757/P4/
NGC5762,222.177364,12.457224,S4G,Sab,SA(l)0^o^:,-2.0,46.6,33.62,32.632988545517264,-19.333,9.919,14.366,-18.266988545517265,-19.752487308196557,predicted_B,nan,https://irsa.ipac.caltech.edu/data/SPITZER/S4G/galaxies/NGC5762/P4/
NGC5768,223.033194,-2.529688,S4G,Sc,SAB(rs)b\underline{c},4.5,41.7,28.82,32.29846988238985,-19.969,10.174,13.524,-18.77446988238985,-20.358285422361615,predicted_B,nan,https://irsa.ipac.caltech.edu/data/SPITZER/S4G/galaxies/NGC5768/P4/
NGC5770,223.31257,3.959727,S4G,S0,"SAB(\underline{r}l,bl)0^+^",-1.0,41.2,20.57,31.56617145847362,-19.625,10.036,13.184,-18.38217145847362,-20.002935292741302,predicted_B,nan,https://irsa.ipac.caltech.edu/data/SPITZER/S4G/galaxies/NGC5770/P4/
NGC5774,223.427648,3.582327,S4G,SABc,SB(s)d,7.0,52.5,21.59,31.671263211671153,-19.043,9.804,13.102,-18.569263211671153,-19.60167185474272,predicted_B,nan,https://irsa.ipac.caltech.edu/data/SPITZER/S4G/galaxies/NGC5774/P4/
NGC5781,224.172071,-17.243358,S4G,SBb,(R)SB(rs)a [d],1.0,60.7,30.9,32.44979239712417,-19.9,10.146,13.82,-18.62979239712417,-20.27150121332418,predicted_B,nan,https://irsa.ipac.caltech.edu/data/SPITZER/S4G/galaxies/NGC5781/P4/
NGC5783,223.367863,52.076198,S4G,Sc,SA(s)c,5.0,54.2,35.96,32.77909841530595,-19.824,10.116,13.797,-18.982098415305952,-20.2961531275969,predicted_B,nan,https://irsa.ipac.caltech.edu/data/SPITZER/S4G/galaxies/NGC5783/P4/
NGC3547,167.483061,10.720932,S4G,Sb,SB(rs)cd,6.0,68.1,23.67,31.87099128964541,-18.984,9.78,13.197,-18.67399128964541,-19.581147953066672,predicted_B,nan,https://irsa.ipac.caltech.edu/data/SPITZER/S4G/galaxies/NGC3547/P4/
NGC3556,167.8791,55.67401,S4G,SBc,SB(s)\underline{d}m sp,7.5,67.5,9.97,29.993475791558282,-20.514,10.392,10.704,-19.28947579155828,-20.896236811016195,predicted_B,nan,https://irsa.ipac.caltech.edu/data/SPITZER/S4G/galaxies/NGC3556/P4/
NGC3583,168.545545,48.318621,S4G,SBb,(R')SAB(rs)ab,2.2,58.7,27.74,32.21553228368633,-21.245,10.684,12.447,-19.76853228368633,-21.568030086666287,predicted_B,nan,https://irsa.ipac.caltech.edu/data/SPITZER/S4G/galaxies/NGC3583/P4/
NGC3589,168.806779,60.701023,S4G,SABc,S/IA(s:)m,9.5,60.5,24.3,31.928031367991558,-17.523,9.195,14.499,-17.429031367991556,-18.170917371478016,predicted_B,nan,https://irsa.ipac.caltech.edu/data/SPITZER/S4G/galaxies/NGC3589/P4/
NGC3596,168.775817,14.787059,S4G,SABc,SA(s)bc,4.0,18.7,17.55,31.221385604009214,-20.052,10.207,11.795,-19.426385604009212,-20.574980616942163,predicted_B,nan,https://irsa.ipac.caltech.edu/data/SPITZER/S4G/galaxies/NGC3596/P4/
NGC3599,168.862334,18.110373,S4G,S0,SA(l)0^{-/o}^,-2.5,28.3,21.09,31.62038289869743,-19.803,10.108,12.882,-18.73838289869743,-20.222814981193896,predicted_B,nan,https://irsa.ipac.caltech.edu/data/SPITZER/S4G/galaxies/NGC3599/P4/
NGC4273,184.98355,5.343328,S4G,Sc,SAB_a_(s)c pec,5.0,26.9,29.04,32.31498306014028,-20.994,10.584,12.313,-20.001983060140276,-21.430876019132963,predicted_B,nan,https://irsa.ipac.caltech.edu/data/SPITZER/S4G/galaxies/NGC4273/P4/
NGC4274,184.960787,29.614801,S4G,SBab,"(R)SA\underline{B}(r,nr)0/a",0.0,68.0,13.91,30.71663564996023,-21.012,10.591,11.326,-19.39063564996023,-21.300979377740656,predicted_B,nan,https://irsa.ipac.caltech.edu/data/SPITZER/S4G/galaxies/NGC4274/P4/
NGC4276,185.031128,7.691909,S4G,SABd,SB(s)dm,8.0,30.7,27.9,32.22802101636799,-19.216,9.872,13.478,-18.750021016367988,-19.77649493884648,predicted_B,nan,https://irsa.ipac.caltech.edu/data/SPITZER/S4G/galaxies/NGC4276/P4/
NGC4288,185.158842,46.291796,S4G,SBcd,SB(s)d\underline{m},8.5,42.1,14.83,30.855705755141912,-17.699,9.266,13.298,-17.55770575514191,-18.33579585245835,predicted_B,nan,https://irsa.ipac.caltech.edu/data/SPITZER/S4G/galaxies/NGC4288/P4/
NGC4293,185.303467,18.38261,S4G,S0-a,(\underline{R}L)SB_x_(r\underline{s})0/a,0.0,59.4,14.47,30.80234265559519,-20.733,10.48,11.047,-19.75534265559519,-21.17325052406487,predicted_B,nan,https://irsa.ipac.caltech.edu/data/SPITZER/S4G/galaxies/NGC4293/P4/
NGC4298,185.386497,14.606122,S4G,Sc,(R')SA(rs)bc,4.0,58.4,15.98,31.01788387488986,-20.159,10.25,12.064,-18.95388387488986,-20.545797710599118,predicted_B,nan,https://irsa.ipac.caltech.edu/data/SPITZER/S4G/galaxies/NGC4298/P4/
NGC4789A,193.5219,27.14908,S4G,I,Im,10.0,22.6,4.31,28.172386350803656,-12.899,7.346,14.1,-14.072386350803656,-13.844745792438859,predicted_B,nan,https://irsa.ipac.caltech.edu/data/SPITZER/S4G/galaxies/NGC4789A/P4/
NGC4790,193.716481,-10.247756,S4G,SBc,SA(s)bc,4.0,58.8,22.92,31.80107306647676,-19.537,10.001,12.769,-19.032073066476762,-20.088342170622038,predicted_B,nan,https://irsa.ipac.caltech.edu/data/SPITZER/S4G/galaxies/NGC4790/P4/
NGC4791,193.683173,8.053144,S4G,SBa,(R')SA(s)0/a,0.0,52.9,33.83,32.646509988939904,-18.642,9.643,15.179,-17.467509988939902,-19.035994847400875,predicted_B,nan,https://irsa.ipac.caltech.edu/data/SPITZER/S4G/galaxies/NGC4791/P4/
NGC4793,193.669277,28.938712,S4G,Sc,SA(r\underline{s})c,5.0,61.1,30.12,32.394274837643316,-21.215,10.672,12.303,-20.091274837643315,-21.62092458684618,predicted_B,nan,https://irsa.ipac.caltech.edu/data/SPITZER/S4G/galaxies/NGC4793/P4/
NGC4795,193.761969,8.065514,S4G,SBa,"(R')SA\underline{B}_a_(l,bl)a pec",1.0,53.2,37.37,32.862615489248185,-21.219,10.674,13.191,-19.671615489248182,-21.525364639973326,predicted_B,nan,https://irsa.ipac.caltech.edu/data/SPITZER/S4G/galaxies/NGC4795/P4/
NGC4799,193.814776,2.896736,S4G,Sb,SA(l)0^o^:,-2.0,68.7,40.0,33.01029995663981,-20.586,10.421,14.088,-18.92229995663981,-20.865030489810355,predicted_B,nan,https://irsa.ipac.caltech.edu/data/SPITZER/S4G/galaxies/NGC4799/P4/
NGC4800,193.657441,46.531158,S4G,Sb,(R')SA(r\underline{s})a,1.0,47.2,24.67,31.96084574744868,-21.002,10.587,12.327,-19.63384574744868,-21.35048375065044,predicted_B,nan,https://irsa.ipac.caltech.edu/data/SPITZER/S4G/galaxies/NGC4800/P4/
NGC4802,193.95696,-12.055179,S4G,S0,SA(r\underline{l})0^{-/o}^,-2.5,34.1,11.55,30.312909921140815,-18.857,9.729,12.39,-17.922909921140814,-19.307488831468092,predicted_B,nan,https://irsa.ipac.caltech.edu/data/SPITZER/S4G/galaxies/NGC4802/P4/
NGC4806,194.051696,-29.502817,S4G,Sc,SA(s)\underline{c}d,5.5,32.9,32.31,32.54668479008822,-19.695,10.064,13.427,-19.119684790088222,-20.229800925670734,predicted_B,nan,https://irsa.ipac.caltech.edu/data/SPITZER/S4G/galaxies/NGC4806/P4/
NGC4808,193.953948,4.304154,S4G,Sc,SA\underline{B}_a_(s)\underline{c}d,5.5,69.2,18.4,31.324089115047684,-19.883,10.139,12.299,-19.025089115047685,-20.351390942036204,predicted_B,nan,https://irsa.ipac.caltech.edu/data/SPITZER/S4G/galaxies/NGC4808/P4/
PGC044278,194.315894,-5.345941,S4G,Sd,dE1: /Sph,11.0,55.2,22.63,31.773422769773646,-17.778,9.297,13.815,-17.958422769773648,-18.490399350896805,predicted_B,nan,https://irsa.ipac.caltech.edu/data/SPITZER/S4G/galaxies/PGC044278/P4/
PGC044906,195.388374,-4.775687,S4G,SBd,SB(s)m pec,9.0,68.3,30.1,32.392832477969215,-17.168,9.053,15.34,-17.052832477969215,-17.810935632322764,predicted_B,nan,https://irsa.ipac.caltech.edu/data/SPITZER/S4G/galaxies/PGC044906/P4/
PGC044952,195.513674,-14.882421,S4G,SABc,SA(r)cd:,6.0,60.7,28.75,32.29318924512825,-18.796,9.704,14.015,-18.278189245128246,-19.344314472605138,predicted_B,nan,https://irsa.ipac.caltech.edu/data/SPITZER/S4G/galaxies/PGC044952/P4/
PGC044982,195.55994,-17.23754,S4G,IB,dE4 / Sph,11.0,60.5,11.81,30.36124948806757,-15.426,8.357,15.083,-15.278249488067571,-16.06127862969588,predicted_B,nan,https://irsa.ipac.caltech.edu/data/SPITZER/S4G/galaxies/PGC044982/P4/
UGC05427,151.170613,29.364377,S4G,SABd,dI\underline{A}B:m / Sph,10.0,52.1,7.4,29.34615859865488,-14.334,7.92,15.185,-14.16115859865488,-14.963382270683896,predicted_B,nan,https://irsa.ipac.caltech.edu/data/SPITZER/S4G/galaxies/UGC05427/P4/
UGC05464,152.032153,29.542962,S4G,Sm,dIm / Sph,10.0,57.6,13.64,30.6740718516023,-15.005,8.188,15.632,-15.0420718516023,-15.683711885126542,predicted_B,nan,https://irsa.ipac.caltech.edu/data/SPITZER/S4G/galaxies/UGC05464/P4/
UGC05478,152.382549,30.14989,S4G,IB,SB(s)d\underline{m},8.5,23.8,23.4,31.846079287050713,-17.291,9.103,14.752,-17.09407928705071,-17.91472363245692,predicted_B,nan,https://irsa.ipac.caltech.edu/data/SPITZER/S4G/galaxies/UGC05478/P4/
UGC05522,153.495419,7.024039,S4G,Sc,SA(l)b\underline{c},4.5,62.4,39.01,32.95587975155896,-18.783,9.699,14.614,-18.34187975155896,-19.349336741616355,predicted_B,nan,https://irsa.ipac.caltech.edu/data/SPITZER/S4G/galaxies/UGC05522/P4/
UGC08303,198.323333,36.2175,S4G,IAB,IA(s:)m,10.0,53.6,20.3,31.53748018956606,-17.451,9.167,13.657,-17.88048018956606,-18.221927844548024,predicted_B,nan,https://irsa.ipac.caltech.edu/data/SPITZER/S4G/galaxies/UGC08303/P4/
UGC08441,201.37155,57.8215,S4G,I,IA(s:)m,10.0,54.3,26.8,32.14067397014394,-17.466,9.173,15.407,-16.733673970143943,-17.963903382983826,predicted_B,nan,https://irsa.ipac.caltech.edu/data/SPITZER/S4G/galaxies/UGC08441/P4/
NGC7070,322.60566,-43.087133,S4G,Sc,SB(s)c,5.0,30.8,30.3,32.40721314251152,-20.147,10.245,12.797,-19.610213142511522,-20.690855088490206,predicted_B,nan,https://irsa.ipac.caltech.edu/data/SPITZER/S4G/galaxies/NGC7070/P4/
NGC7079,323.146792,-44.0676,S4G,S0,"(L)SA\underline{B}_a_(s,bl)0^o^:",-2.0,61.9,24.72,31.96524233208389,-20.597,10.425,12.485,-19.48024233208389,-21.004561948039715,predicted_B,nan,https://irsa.ipac.caltech.edu/data/SPITZER/S4G/galaxies/NGC7079/P4/
NGC7091,323.53305,-36.65376,S4G,Sd,SB(s)m,9.0,51.3,17.3,31.190230515643975,-17.625,9.236,13.615,-17.575230515643973,-18.283304171176333,predicted_B,nan,https://irsa.ipac.caltech.edu/data/SPITZER/S4G/galaxies/NGC7091/P4/
NGC7098,326.067337,-75.111288,S4G,Sa,"(R)SAB_a_(r'l,nb)0/a",0.0,65.3,29.1,32.319464944929535,-21.58,10.818,12.537,-19.782464944929536,-21.82757926205844,predicted_B,nan,https://irsa.ipac.caltech.edu/data/SPITZER/S4G/galaxies/NGC7098/P4/
NGC7140,328.063665,-55.5697,S4G,SABb,"(R')SA\underline{B}_x_(rs,nrl)a\underline{b}",2.5,48.9,30.16,32.39715668598868,-20.929,10.558,12.306,-20.091156685988686,-21.40210682120734,predicted_B,nan,https://irsa.ipac.caltech.edu/data/SPITZER/S4G/galaxies/NGC7140/P4/
NGC7154,328.837836,-34.814275,S4G,I,SB(s)dm,8.0,34.5,27.37,32.186373987050615,-19.538,10.001,12.827,-19.359373987050617,-20.166022886956895,predicted_B,nan,https://irsa.ipac.caltech.edu/data/SPITZER/S4G/galaxies/NGC7154/P4/
NGC7162A,330.1482,-43.14054,S4G,Sm,SB(s)\underline{d}m,7.5,49.6,26.25,32.09564653870988,-18.793,9.703,13.1,-18.995646538709877,-19.51062193659682,predicted_B,nan,https://irsa.ipac.caltech.edu/data/SPITZER/S4G/galaxies/NGC7162A/P4/
PGC045195,196.12994,-3.57232,S4G,Sd,SAB(s)m,9.0,37.6,14.04,30.736835538968933,-17.526,9.196,14.339,-16.397835538968934,-17.9308813516577,predicted_B,nan,https://irsa.ipac.caltech.edu/data/SPITZER/S4G/galaxies/PGC045195/P4/
PGC045257,196.314558,-16.888153,S4G,Sm,SAB(s)m:,9.0,68.8,38.62,32.93406134721688,-17.979,9.378,15.05,-17.884061347216882,-18.626689416595966,predicted_B,nan,https://irsa.ipac.caltech.edu/data/SPITZER/S4G/galaxies/PGC045257/P4/
PGC045652,197.44545,-10.32547,S4G,SABc,0.0,0.0,19.1,21.95,31.707172622890702,-17.316,9.113,14.5,-17.207172622890702,-17.960425566379314,predicted_B,nan,https://irsa.ipac.caltech.edu/data/SPITZER/S4G/galaxies/PGC045652/P4/
PGC045824,197.992614,-12.06428,S4G,SBcd,SA\underline{B}(s)m,9.0,61.0,31.0,32.456808469171364,-17.608,9.23,14.535,-17.921808469171363,-18.35174499025527,predicted_B,nan,https://irsa.ipac.caltech.edu/data/SPITZER/S4G/galaxies/PGC045824/P4/
PGC045958,198.393151,-15.43181,S4G,SABd,SA(rs)c,5.0,52.6,36.4,32.805506918245285,-20.238,10.282,13.865,-18.940506918245283,-20.60308912578764,predicted_B,nan,https://irsa.ipac.caltech.edu/data/SPITZER/S4G/galaxies/PGC045958/P4/
PGC046382,199.670839,-8.445982,S4G,IB,I\underline{A}B(s)m,10.0,49.1,23.3,31.836779605130097,-17.627,9.237,14.131,-17.705779605130097,-18.315513207205573,predicted_B,nan,https://irsa.ipac.caltech.edu/data/SPITZER/S4G/galaxies/PGC046382/P4/
PGC047721,203.308,-16.121375,S4G,Sbc,"(R,R')SA(s)\underline{a}b",1.5,56.7,31.16,32.46798724500263,-20.543,10.403,14.107,-18.360987245002633,-20.70022700257562,predicted_B,nan,https://irsa.ipac.caltech.edu/data/SPITZER/S4G/galaxies/PGC047721/P4/
PGC047846,203.666017,-12.329857,S4G,SABm,dIm / Sph,10.0,52.5,12.4,30.467108425811176,-16.095,8.624,15.59,-14.877108425811176,-16.478795480065624,predicted_B,nan,https://irsa.ipac.caltech.edu/data/SPITZER/S4G/galaxies/PGC047846/P4/
NGC4393,186.463736,27.560969,S4G,Scd,SAB(s)m:,9.0,22.4,11.65,30.33162962681019,-17.179,9.058,13.868,-16.46362962681019,-17.680887962300393,predicted_B,nan,https://irsa.ipac.caltech.edu/data/SPITZER/S4G/galaxies/NGC4393/P4/
NGC4394,186.481842,18.213953,S4G,SBb,"(\underline{R}L)SB(rs,bl,nl)0/a",0.0,16.6,17.8,31.25210001154447,-20.641,10.442,11.587,-19.66510001154447,-21.08166350271295,predicted_B,nan,https://irsa.ipac.caltech.edu/data/SPITZER/S4G/galaxies/NGC4394/P4/
NGC4405,186.529746,16.181045,S4G,S0-a,(R)SAB(\underline{r}s)0/\underline{a},0.5,55.4,17.85,31.258191102241064,-19.307,9.909,12.961,-18.297191102241065,-19.73969490902665,predicted_B,nan,https://irsa.ipac.caltech.edu/data/SPITZER/S4G/galaxies/NGC4405/P4/
NGC4409,186.74355,2.49457,S4G,SBc,SA(s)\underline{d}m:,7.5,63.3,17.0,31.152244606891372,-19.098,9.825,12.865,-18.28724460689137,-19.57747248261947,predicted_B,nan,https://irsa.ipac.caltech.edu/data/SPITZER/S4G/galaxies/NGC4409/P4/
NGC4411A,186.624589,8.872196,S4G,Sc,SB(rs)c\underline{d},6.5,54.4,15.84,30.998775886267374,-17.589,9.222,13.536,-17.462775886267373,-18.22933733327283,predicted_B,nan,https://irsa.ipac.caltech.edu/data/SPITZER/S4G/galaxies/NGC4411A/P4/
NGC4411B,186.696822,8.884604,S4G,SABc,SA(s)c,5.0,26.6,22.4,31.751240091670816,-18.86,9.73,13.038,-18.713240091670816,-19.49551142154264,predicted_B,nan,https://irsa.ipac.caltech.edu/data/SPITZER/S4G/galaxies/NGC4411B/P4/
NGC4412,186.650361,3.964702,S4G,SBb,SA\underline{B}(rs)\underline{b}c,3.5,26.8,35.6,32.75724998986438,-20.605,10.428,13.16,-19.597249989864377,-21.03817874761813,predicted_B,nan,https://irsa.ipac.caltech.edu/data/SPITZER/S4G/galaxies/NGC4412/P4/
NGC4413,186.634496,12.611609,S4G,Sab,(R'L)SB(\underline{r}s)bc,4.0,48.2,15.74,30.98502364011523,-18.867,9.733,12.873,-18.112023640115233,-19.35958055542708,predicted_B,nan,https://irsa.ipac.caltech.edu/data/SPITZER/S4G/galaxies/NGC4413/P4/
NGC4414,186.613032,31.223453,S4G,Sc,SA(r\underline{s})b\underline{c} / E3,4.5,56.6,18.11,31.28959225157029,-21.851,10.927,10.991,-20.29859225157029,-22.156184179119016,predicted_B,nan,https://irsa.ipac.caltech.edu/data/SPITZER/S4G/galaxies/NGC4414/P4/
NGC5079,199.908528,-12.698959,S4G,SBbc,(R')S\underline{A}B(s)bc pec,4.0,51.8,30.95,32.45330326678068,-19.999,10.186,13.037,-19.41630326678068,-20.53206626769346,predicted_B,nan,https://irsa.ipac.caltech.edu/data/SPITZER/S4G/galaxies/NGC5079/P4/
NGC5085,200.073944,-24.439675,S4G,Sc,SA(rs)bc,4.0,37.6,27.8,32.22022397959038,-21.616,10.833,13.471,-18.74922397959038,-21.612307635203738,predicted_B,nan,https://irsa.ipac.caltech.edu/data/SPITZER/S4G/galaxies/NGC5085/P4/
NGC5101,200.442364,-27.430411,S4G,S0-a,"(R_1_R_2_')SB(\underline{r}s,bl)0/a",0.0,22.3,17.23,31.181426387240144,-21.364,10.732,11.576,-19.605426387240144,-21.620735201001434,predicted_B,nan,https://irsa.ipac.caltech.edu/data/SPITZER/S4G/galaxies/NGC5101/P4/
NGC5103,200.125372,43.083982,S4G,S0,S0^-^ sp / E(d)1-2,-3.0,63.4,17.03,31.156073239813004,-19.01,9.79,13.454,-17.702073239813004,-19.372637211356057,predicted_B,nan,https://irsa.ipac.caltech.edu/data/SPITZER/S4G/galaxies/NGC5103/P4/
NGC5105,200.454615,-13.206722,S4G,Sc,SAB(s)cd,6.0,46.2,39.72,32.99504619911672,-19.916,10.153,12.811,-20.18404619911672,-20.64899085679243,predicted_B,nan,https://irsa.ipac.caltech.edu/data/SPITZER/S4G/galaxies/NGC5105/P4/
NGC5112,200.4852,38.73459,S4G,SBc,SB(s)c\underline{d},6.5,53.6,18.55,31.341719569755327,-19.301,9.906,12.635,-18.70671956975533,-19.8313440988925,predicted_B,nan,https://irsa.ipac.caltech.edu/data/SPITZER/S4G/galaxies/NGC5112/P4/
NGC5117,200.735539,28.316484,S4G,SBc,(R')SAB(s)c\underline{d},6.5,62.5,37.64,32.8782480737761,-19.357,9.929,14.43,-18.4482480737761,-19.813443297337383,predicted_B,nan,https://irsa.ipac.caltech.edu/data/SPITZER/S4G/galaxies/NGC5117/P4/
NGC5122,201.062268,-10.654242,S4G,S0-a,S0^-^ sp + PR sp,-3.0,33.3,37.85,32.89032941918046,-20.136,10.24,14.27,-18.62032941918046,-20.449817413507407,predicted_B,nan,https://irsa.ipac.caltech.edu/data/SPITZER/S4G/galaxies/NGC5122/P4/
NGC6155,246.534706,48.366805,S4G,Sc,"(RL,R')SB(rs)cd",6.0,51.5,26.1,32.0832025366914,-19.664,10.052,13.362,-18.7212025366914,-20.11244259612248,predicted_B,nan,https://irsa.ipac.caltech.edu/data/SPITZER/S4G/galaxies/NGC6155/P4/
NGC6181,248.087333,19.826457,S4G,SABc,SAB(rs)b\underline{c},4.7,68.2,31.28,32.47633372193905,-21.395,10.744,12.235,-20.24133372193905,-21.793888424655677,predicted_B,nan,https://irsa.ipac.caltech.edu/data/SPITZER/S4G/galaxies/NGC6181/P4/
NGC6207,250.76556,36.83217,S4G,Sc,SAB(r\underline{s})c\underline{d},6.5,64.7,16.98,31.149688429539665,-19.652,10.047,11.857,-19.292688429539666,-20.23756178094182,predicted_B,nan,https://irsa.ipac.caltech.edu/data/SPITZER/S4G/galaxies/NGC6207/P4/
NGC6217,248.163341,78.198158,S4G,Sbc,(R'L)SB(rs)b,3.0,44.8,20.64,31.573548464775868,-20.535,10.4,11.886,-19.68754846477587,-21.005848889222328,predicted_B,nan,https://irsa.ipac.caltech.edu/data/SPITZER/S4G/galaxies/NGC6217/P4/
NGC6236,251.143417,70.780095,S4G,SABc,SB(s)dm,8.0,55.2,22.99,31.807694856346394,-18.643,9.643,13.165,-18.642694856346395,-19.312928291241402,predicted_B,nan,https://irsa.ipac.caltech.edu/data/SPITZER/S4G/galaxies/NGC6236/P4/
NGC6237,251.592597,70.356372,S4G,SBc,SB(s)m,9.0,52.7,15.25,30.916349218414027,-16.941,8.963,14.362,-16.554349218414025,-17.520137066327294,predicted_B,nan,https://irsa.ipac.caltech.edu/data/SPITZER/S4G/galaxies/NGC6237/P4/
NGC1387,54.237795,-35.50663,ETG,E-S0,SB(bl)0^-,-3.0,19.6,17.69,31.238639164548616,-21.173,10.655,11.765,-19.473639164548615,-21.443650203668923,predicted_B,nan,https://irsa.ipac.caltech.edu/data/SPITZER/S4G/galaxies/NGC1387/P4/
NGC1393,54.66072,-18.427912,ETG,S0,(R)SA_B0^+,-1.0,59.9,27.2,32.172844520171,-20.387,10.341,13.014,-19.158844520170998,-20.768383462240184,predicted_B,nan,https://irsa.ipac.caltech.edu/data/SPITZER/S4G/galaxies/NGC1393/P4/
NGC5839,226.364415,1.634752,ETG,S0,S_AB(rs)0^-,-3.0,29.9,22.87,31.796330823033742,-19.944,10.164,13.695,-18.10133082303374,-20.18097274341293,predicted_B,nan,https://irsa.ipac.caltech.edu/data/SPITZER/S4G/galaxies/NGC5839/P4/
NGC3611,169.37572,4.55558,S4G,Sa,(R'L)SA(\underline{r}l)0/\underline{a}: pec,0.5,63.2,33.93,32.65291929822559,-20.824,10.516,12.845,-19.807919298225592,-21.255221035083014,predicted_B,nan,https://irsa.ipac.caltech.edu/data/SPITZER/S4G/galaxies/NGC3611/P4/
NGC3614,169.588937,45.748199,S4G,SABc,SA(r)bc,4.0,47.0,36.93,32.83689653825489,-20.632,10.439,13.053,-19.78389653825489,-21.102695686489902,predicted_B,nan,https://irsa.ipac.caltech.edu/data/SPITZER/S4G/galaxies/NGC3614/P4/
NGC3622,170.051685,67.2419,S4G,Sc,SAB(s)d\underline{m} / Sph,8.5,68.3,21.17,31.62860429009706,-18.435,9.56,13.629,-17.99960429009706,-19.00268200817281,predicted_B,nan,https://irsa.ipac.caltech.edu/data/SPITZER/S4G/galaxies/NGC3622/P4/
NGC3626,170.015888,18.356862,S4G,S0-a,"(RL,R)SAB(\underline{r}l)\underline{0}/a",-0.5,55.9,17.75,31.245991786955564,-20.473,10.375,11.806,-19.439991786955567,-20.900243069934557,predicted_B,nan,https://irsa.ipac.caltech.edu/data/SPITZER/S4G/galaxies/NGC3626/P4/
NGC3627,170.062528,12.991503,S4G,SABb,SB_x_(s)b pec,3.0,67.5,9.62,29.915875360189062,-21.607,10.829,9.736,-20.17987536018906,-21.94162570964443,predicted_B,nan,https://irsa.ipac.caltech.edu/data/SPITZER/S4G/galaxies/NGC3627/P4/
NGC3629,170.132478,26.963377,S4G,SABc,SA(s)cd,6.0,51.2,30.73,32.437812801281886,-19.318,9.913,13.169,-19.268812801281886,-19.976441008301244,predicted_B,nan,https://irsa.ipac.caltech.edu/data/SPITZER/S4G/galaxies/NGC3629/P4/
NGC3631,170.262092,53.169623,S4G,Sc,SA(s)b\underline{c},4.5,34.7,9.42,29.870254513964383,-19.425,9.956,10.711,-19.159254513964385,-20.03254981078163,predicted_B,nan,https://irsa.ipac.caltech.edu/data/SPITZER/S4G/galaxies/NGC3631/P4/
NGC3637,170.164854,-10.257324,S4G,S0,"(RL)SB_a_(r\underline{l},bl)0^{o/+}^",-1.5,33.5,24.1,31.910085212874343,-20.495,10.384,13.514,-18.396085212874343,-20.671755025025472,predicted_B,nan,https://irsa.ipac.caltech.edu/data/SPITZER/S4G/galaxies/NGC3637/P4/
NGC4299,185.417996,11.503073,S4G,SABm,SA(s)d\underline{m},8.5,22.9,21.91,31.703211887803526,-18.925,9.756,12.7,-19.003211887803527,-19.61337979363383,predicted_B,nan,https://irsa.ipac.caltech.edu/data/SPITZER/S4G/galaxies/NGC4299/P4/
NGC4303,185.478896,4.473746,S4G,Sbc,"SAB(rs,nl)b\underline{c}",4.5,18.1,14.62,30.82473686310921,-21.555,10.808,10.142,-20.68273686310921,-22.020018162830663,predicted_B,nan,https://irsa.ipac.caltech.edu/data/SPITZER/S4G/galaxies/NGC4303/P4/
NGC4303A,185.613501,4.566198,S4G,Sc,S\underline{A}B(s)dm,8.0,16.0,17.19,31.17637938343526,-17.468,9.173,13.437,-17.739379383435264,-18.201774155107287,predicted_B,nan,https://irsa.ipac.caltech.edu/data/SPITZER/S4G/galaxies/NGC4303A/P4/
NGC4314,185.633408,29.895454,S4G,Sa,"(R_1_')SB(r\underline{l},bl,nr)a",1.0,16.2,9.7,29.933858671331222,-19.862,10.131,11.417,-18.51685867133122,-20.215891787762835,predicted_B,nan,https://irsa.ipac.caltech.edu/data/SPITZER/S4G/galaxies/NGC4314/P4/
NGC4321,185.728879,15.8223,S4G,SABb,"SAB(rs,nr,nb)bc",4.0,23.4,16.12,31.036825187345357,-21.999,10.986,10.02,-21.016825187345358,-22.438188919026157,predicted_B,nan,https://irsa.ipac.caltech.edu/data/SPITZER/S4G/galaxies/NGC4321/P4/
NGC4826,194.181848,21.683075,S4G,Sab,"(RL,R')SA(rs,r,nl)0/\underline{a}",0.5,63.9,5.42,28.66999643269193,-20.704,10.468,9.295,-19.37499643269193,-21.061684161682603,predicted_B,nan,https://irsa.ipac.caltech.edu/data/SPITZER/S4G/galaxies/NGC4826/P4/
NGC4880,195.044177,12.483317,S4G,S0-a,(R'L)SA\underline{0}/a[c],-0.5,47.6,15.7,30.97949826204617,-19.107,9.829,13.116,-17.86349826204617,-19.48477709158085,predicted_B,nan,https://irsa.ipac.caltech.edu/data/SPITZER/S4G/galaxies/NGC4880/P4/
NGC4897,195.220631,-13.449838,S4G,Sbc,SAB(r)b,3.0,38.3,44.97,33.26461443783971,-21.056,10.608,13.243,-20.02161443783971,-21.48291939289233,predicted_B,nan,https://irsa.ipac.caltech.edu/data/SPITZER/S4G/galaxies/NGC4897/P4/
NGC4814,193.841356,58.344109,S4G,Sb,(R')SA(s)bc,4.0,45.0,38.68,32.93743232705482,-21.335,10.72,12.832,-20.10543232705482,-21.716051596857884,predicted_B,nan,https://irsa.ipac.caltech.edu/data/SPITZER/S4G/galaxies/NGC4814/P4/
NGC5789,224.148698,30.233703,S4G,SBd,SA(s)m,9.0,29.8,24.26,31.92445398265277,-17.846,9.325,14.071,-17.853453982652773,-18.5177516859234,predicted_B,nan,https://irsa.ipac.caltech.edu/data/SPITZER/S4G/galaxies/NGC5789/P4/
NGC5798,224.408158,29.968434,S4G,IB,S\underline{A}B(s)d,7.0,55.3,45.45,33.28766943778993,-19.888,10.141,13.386,-19.90166943778993,-20.561212317880635,predicted_B,nan,https://irsa.ipac.caltech.edu/data/SPITZER/S4G/galaxies/NGC5798/P4/
NGC5806,225.001656,1.891348,S4G,Sb,"(R'L)SAB(rs,nrl)ab",2.0,60.4,24.63,31.95732205919552,-21.012,10.591,12.349,-19.60832205919552,-21.352135683910948,predicted_B,nan,https://irsa.ipac.caltech.edu/data/SPITZER/S4G/galaxies/NGC5806/P4/
NGC5821,224.748525,53.923295,S4G,Sc,S\underline{A}B(r)a,1.0,60.2,48.18,33.41433397831162,-19.769,10.094,14.661,-18.753333978311616,-20.200318484903228,predicted_B,nan,https://irsa.ipac.caltech.edu/data/SPITZER/S4G/galaxies/NGC5821/P4/
NGC5832,224.440085,71.681681,S4G,Sb,SAB(s)d\underline{m},8.5,69.5,9.95,29.989115403728626,-17.613,9.231,13.595,-16.394115403728627,-17.996562119876227,predicted_B,nan,https://irsa.ipac.caltech.edu/data/SPITZER/S4G/galaxies/NGC5832/P4/
NGC5850,226.781983,1.544284,S4G,Sb,"(R')SB(r,bl,nr,nb)\underline{a}b",1.5,46.9,18.7,31.359208032682496,-20.837,10.521,11.887,-19.472208032682495,-21.186273887680386,predicted_B,nan,https://irsa.ipac.caltech.edu/data/SPITZER/S4G/galaxies/NGC5850/P4/
NGC5861,227.317086,-11.321713,S4G,SABc,SA(s)c,5.0,69.5,25.39,32.02331350436861,-21.013,10.591,12.338,-19.685313504368608,-21.370993673526623,predicted_B,nan,https://irsa.ipac.caltech.edu/data/SPITZER/S4G/galaxies/NGC5861/P4/
NGC5866B,228.029517,55.784904,S4G,SABd,dSA\underline{B}0^o^[d]: / Sph,11.0,50.8,16.1,31.03412938015925,-17.115,9.032,15.225,-15.80912938015925,-17.47812040433742,predicted_B,nan,https://irsa.ipac.caltech.edu/data/SPITZER/S4G/galaxies/NGC5866B/P4/
ESO297-020,25.199402,-41.212721,DG,SBcd,SB(s)d,7.0,67.0,19.27,31.424408573277262,-15.713,8.471,15.59,-15.834408573277262,-16.457,real,-16.457,https://irsa.ipac.caltech.edu/data/SPITZER/S4G/galaxies/ESO297-020/P4/
ESO299-011,38.896161,-39.025245,DG,Sc,SB(s)d,7.0,69.6,27.15,32.16884916962433,-16.341,8.722,16.07,-16.09884916962433,-17.028,real,-17.028,https://irsa.ipac.caltech.edu/data/SPITZER/S4G/galaxies/ESO299-011/P4/
ESO301-011,50.976874,-37.510083,DG,IAB,(R)K / S0/a,0.0,23.1,18.8,31.370789246318395,-18.008,9.389,13.75,-17.620789246318395,-18.514,real,-18.514,https://irsa.ipac.caltech.edu/data/SPITZER/S4G/galaxies/ESO301-011/P4/
ESO306-013,84.742763,-41.737104,DG,SBc,I0 / IAB(s)m,0.0,25.0,13.97,30.72598203057091,-17.165,9.052,14.04,-16.685982030570912,-17.769,real,-17.769,https://irsa.ipac.caltech.edu/data/SPITZER/S4G/galaxies/ESO306-013/P4/
ESO340-012,304.638094,-39.336525,DG,Sc,SA(s)cd,6.0,12.9,35.3,32.73887352693911,-19.405,9.948,13.89,-18.84887352693911,-19.723,real,-19.723,https://irsa.ipac.caltech.edu/data/SPITZER/S4G/galaxies/ESO340-012/P4/
ESO340-021,305.621054,-41.900933,DG,Sab,(R$^{\prime}$)SA(r\underline{s})b,3.0,36.4,34.78,32.706647888333464,-20.081,10.219,13.86,-18.846647888333464,-20.298,real,-20.298,https://irsa.ipac.caltech.edu/data/SPITZER/S4G/galaxies/ESO340-021/P4/
PGC043283,192.182061,-5.253596,DG,IB,IABm,10.0,35.9,14.16,30.75531626676875,-16.041,8.603,13.7,-17.055316266768752,-16.757,real,-16.757,https://irsa.ipac.caltech.edu/data/SPITZER/S4G/galaxies/PGC043283/P4/
PGC043600,192.97486,-4.577083,DG,I,SB(s)d,7.0,62.4,35.41,32.74562963379056,-17.823,9.316,15.2,-17.545629633790558,-18.353,real,-18.353,https://irsa.ipac.caltech.edu/data/SPITZER/S4G/galaxies/PGC043600/P4/
PGC043690,193.144572,-9.77658,DG,SABa,(R$_1^{\prime}$)SAB$_\textrm{a}$(\underline{r}l)a,1.0,47.9,35.16,32.730244332008674,-19.563,10.012,14.16,-18.570244332008674,-19.859,real,-19.859,https://irsa.ipac.caltech.edu/data/SPITZER/S4G/galaxies/PGC043690/P4/
PGC044701,195.021755,-15.36506,DG,SBm,I0 sp pec / E6,0.0,57.8,17.3,31.190230515643975,-17.572,9.215,14.41,-16.780230515643975,-18.131,real,-18.131,https://irsa.ipac.caltech.edu/data/SPITZER/S4G/galaxies/PGC044701/P4/
PGC044733,195.073422,-3.066333,DG,SBm,S0c: sp,5.0,68.9,14.89,30.86447348876088,-15.415,8.352,15.54,-15.32447348876088,-16.184,real,-16.184,https://irsa.ipac.caltech.edu/data/SPITZER/S4G/galaxies/PGC044733/P4/
PGC044812,195.181796,-15.714754,DG,IB,(R$^{\prime}$)SAB(s)cd,6.0,37.5,22.9,31.79917741169944,-17.315,9.112,15.0,-16.79917741169944,-17.902,real,-17.902,https://irsa.ipac.caltech.edu/data/SPITZER/S4G/galaxies/PGC044812/P4/
PGC044983,195.567303,-11.236327,DG,Sc,(R$^{\prime}$)SB(s)c,5.0,44.2,36.36,32.80311937274965,-18.545,9.604,15.05,-17.753119372749648,-18.983,real,-18.983,https://irsa.ipac.caltech.edu/data/SPITZER/S4G/galaxies/PGC044983/P4/
PGC045512,196.986018,-16.68897,DG,Sd,"dE3,N",11.0,52.9,7.9,29.488135456452213,-15.19,8.262,14.85,-14.638135456452213,-15.73031183226627,predicted_B,nan,https://irsa.ipac.caltech.edu/data/SPITZER/S4G/galaxies/PGC045512/P4/
PGC045711,197.604829,-16.930912,DG,Sa,SA(s)c,5.0,53.4,32.51,32.56008484748064,-19.253,9.888,14.57,-17.990084847480638,-19.595,real,-19.595,https://irsa.ipac.caltech.edu/data/SPITZER/S4G/galaxies/PGC045711/P4/
IC3612,189.76953,14.730857,ETG,S0,dE6,11.0,64.0,14.65,30.829188123450642,-16.317,8.713,15.027,-15.802188123450643,-16.8660192090109,predicted_B,nan,https://irsa.ipac.caltech.edu/data/SPITZER/S4G/galaxies/IC3612/P4/
IC3735,191.33505,13.692744,ETG,E,dE2,11.0,57.5,15.44,30.94323647999859,-17.001,8.987,14.574,-16.36923647999859,-17.52253557279967,predicted_B,nan,https://irsa.ipac.caltech.edu/data/SPITZER/S4G/galaxies/IC3735/P4/
IC4180,196.735425,-23.917055,ETG,S0-a,"SB(r,bl)a",1.0,48.0,39.93,33.00649655097169,-20.989,10.582,13.725,-19.28149655097169,-21.257736689478346,predicted_B,nan,https://irsa.ipac.caltech.edu/data/SPITZER/S4G/galaxies/IC4180/P4/
IC5131,326.855475,-34.883679,ETG,E-S0,SB(bl)0^-,-3.0,23.2,33.3,32.6122211675316,-20.647,10.445,13.27,-19.3422211675316,-21.010376974369926,predicted_B,nan,https://irsa.ipac.caltech.edu/data/SPITZER/S4G/galaxies/IC5131/P4/
IC5267B,344.238135,-43.7604,ETG,S0,SAB_x0^o spw / E(d)4-5,-2.0,56.9,23.26,31.83304855196215,-19.182,9.859,13.651,-18.18204855196215,-19.617011409711104,predicted_B,nan,https://irsa.ipac.caltech.edu/data/SPITZER/S4G/galaxies/IC5267B/P4/
NGC4720,192.678255,-4.155806,ETG,E-S0,dSB0^o: pec,11.0,69.3,20.2,31.526756847233116,-18.243,9.483,14.18,-17.346756847233117,-18.70238285909978,predicted_B,nan,https://irsa.ipac.caltech.edu/data/SPITZER/S4G/galaxies/NGC4720/P4/
NGC5633,216.868226,46.146513,S4G,Sb,SA(\underline{r}s)b,3.0,50.7,35.81,32.77002160505952,-20.805,10.508,13.109,-19.661021605059517,-21.206165077188988,predicted_B,nan,https://irsa.ipac.caltech.edu/data/SPITZER/S4G/galaxies/NGC5633/P4/
NGC5636,217.412613,3.266328,S4G,S0-a,SAB_a_(r)0/a,0.0,55.6,22.1,31.721961368425553,-18.634,9.64,13.85,-17.871961368425552,-19.124920921580006,predicted_B,nan,https://irsa.ipac.caltech.edu/data/SPITZER/S4G/galaxies/NGC5636/P4/
NGC3377A,161.84295,14.06938,S4G,SABm,IA:m / Sph,10.0,18.0,7.44,29.357864677729395,-15.395,8.344,14.397,-14.960864677729395,-15.962978199266407,predicted_B,nan,https://irsa.ipac.caltech.edu/data/SPITZER/S4G/galaxies/NGC3377A/P4/
NGC3380,162.050769,28.6019,S4G,SBa,"(R\underline{L})SAB(\underline{r}s,bl)0/a",0.0,27.7,9.77,29.94947281859387,-17.516,9.192,13.419,-16.530472818593868,-17.954401112369556,predicted_B,nan,https://irsa.ipac.caltech.edu/data/SPITZER/S4G/galaxies/NGC3380/P4/
NGC3381,162.103649,34.711411,S4G,SBb,SB(s)dm,8.0,26.3,21.8,31.692282468023024,-19.135,9.84,12.915,-18.777282468023024,-19.72093637998541,predicted_B,nan,https://irsa.ipac.caltech.edu/data/SPITZER/S4G/galaxies/NGC3381/P4/
NGC3389,162.116243,12.533251,S4G,Sc,(R')S\underline{A}B(r\underline{s})c,5.0,66.2,21.98,31.710138440437362,-19.839,10.122,12.511,-19.199138440437363,-20.358632533502778,predicted_B,nan,https://irsa.ipac.caltech.edu/data/SPITZER/S4G/galaxies/NGC3389/P4/
NGC3395,162.458909,32.982951,S4G,Sc,SA(s)c pec,5.0,57.8,16.62,31.10315509724046,-18.939,9.762,12.396,-18.70715509724046,-19.55451644785151,predicted_B,nan,https://irsa.ipac.caltech.edu/data/SPITZER/S4G/galaxies/NGC3395/P4/
NGC3423,162.809667,5.840103,S4G,Sc,SA(s)b\underline{c},4.5,32.1,12.89,30.55126458676702,-19.337,9.921,11.605,-18.94626458676702,-19.91517717789025,predicted_B,nan,https://irsa.ipac.caltech.edu/data/SPITZER/S4G/galaxies/NGC3423/P4/
NGC3430,163.047466,32.95043,S4G,Sc,SAB(s)bc,4.0,58.0,26.36,32.10472702960986,-20.765,10.492,12.185,-19.91972702960986,-21.236360851958317,predicted_B,nan,https://irsa.ipac.caltech.edu/data/SPITZER/S4G/galaxies/NGC3430/P4/
PGC046474,199.92813,-11.474556,ETG,S0-a,(L)S(r)0^+: pec,-1.0,66.2,34.63,32.6972624577473,-18.565,9.612,14.43,-18.2672624577473,-19.165031677570617,predicted_B,nan,https://irsa.ipac.caltech.edu/data/SPITZER/S4G/galaxies/PGC046474/P4/
ESO508-007,196.782378,-24.110334,S4G,SBcd,SA\underline{B}(r\underline{s})\underline{d}m,7.5,68.2,32.66,32.57008090200324,-17.421,9.155,15.128,-17.44208090200324,-18.09595401197076,predicted_B,nan,https://irsa.ipac.caltech.edu/data/SPITZER/S4G/galaxies/ESO508-007/P4/
ESO508-015,197.3286,-24.38456,S4G,IB,IA:m,10.0,50.0,40.1,33.01572186310091,-18.091,9.422,14.855,-18.160721863100907,-18.777384637828714,predicted_B,nan,https://irsa.ipac.caltech.edu/data/SPITZER/S4G/galaxies/ESO508-015/P4/
ESO508-024,197.69156,-23.865773,S4G,SBc,SAB(rs)c,5.0,35.1,40.0,33.01029995663981,-20.163,10.251,13.864,-19.14629995663981,-20.594075489810358,predicted_B,nan,https://irsa.ipac.caltech.edu/data/SPITZER/S4G/galaxies/ESO508-024/P4/
ESO509-026,202.1028,-27.56976,S4G,SABm,S/Im:,9.5,65.5,27.1,32.164846454372025,-16.291,8.702,15.302,-16.862846454372026,-17.095383916777426,predicted_B,nan,https://irsa.ipac.caltech.edu/data/SPITZER/S4G/galaxies/ESO509-026/P4/
ESO510-026,209.39918,-25.790803,S4G,SBm,S/IAB:m:,9.5,63.4,22.4,31.751240091670816,-17.012,8.991,15.559,-16.19224009167082,-17.48935642154264,predicted_B,nan,https://irsa.ipac.caltech.edu/data/SPITZER/S4G/galaxies/ESO510-026/P4/
ESO510-058,211.155747,-24.833142,S4G,SBc,(R')SAB(r\underline{s})m,9.0,50.8,31.35,32.48118772583368,-19.55,10.006,13.954,-18.527187725833677,-19.979639115570915,predicted_B,nan,https://irsa.ipac.caltech.edu/data/SPITZER/S4G/galaxies/ESO510-058/P4/
ESO510-059,211.19264,-24.82708,S4G,SBc,SB(r\underline{s})c,5.0,48.5,33.6,32.631696386949216,-19.242,9.883,13.482,-19.149696386949216,-19.890308650933065,predicted_B,nan,https://irsa.ipac.caltech.edu/data/SPITZER/S4G/galaxies/ESO510-059/P4/
ESO532-022,332.297317,-27.16584,S4G,Sc,SA\underline{B}(r\underline{s})d,7.0,61.6,28.53,32.27650885828538,-17.794,9.304,14.647,-17.629508858285384,-18.425344581697065,predicted_B,nan,https://irsa.ipac.caltech.edu/data/SPITZER/S4G/galaxies/ESO532-022/P4/
ESO533-028,336.663972,-24.87167,S4G,Sc,SA(s)bc,4.0,62.9,32.48,32.558080102845686,-19.329,9.918,13.786,-18.772080102845685,-19.868123824168737,predicted_B,nan,https://irsa.ipac.caltech.edu/data/SPITZER/S4G/galaxies/ESO533-028/P4/
ESO539-007,4.701543,-19.007968,S4G,SABm,SA\underline{B}(s)m,9.0,56.8,25.6,32.04119982655924,-16.81,8.91,15.024,-17.017199826559242,-17.52869195924142,predicted_B,nan,https://irsa.ipac.caltech.edu/data/SPITZER/S4G/galaxies/ESO539-007/P4/
ESO541-004,14.741564,-18.742712,S4G,Sbc,S\underline{A}B(s)\underline{b}c,3.5,65.5,30.32,32.40864598480008,-19.991,10.182,13.151,-19.25764598480008,-20.48866180642802,predicted_B,nan,https://irsa.ipac.caltech.edu/data/SPITZER/S4G/galaxies/ESO541-004/P4/
ESO544-030,33.7386,-20.21175,S4G,Sd,SAB(s)m,9.0,55.5,14.73,30.841013734213156,-17.628,9.237,13.426,-17.415013734213154,-18.247948227540093,predicted_B,nan,https://irsa.ipac.caltech.edu/data/SPITZER/S4G/galaxies/ESO544-030/P4/
NGC4887,195.163545,-14.66625,ETG,S0-a,SAB(s)a: pec,1.0,69.2,36.08,32.78633264434952,-19.427,9.957,14.14,-18.64633264434952,-19.913543171422138,predicted_B,nan,https://irsa.ipac.caltech.edu/data/SPITZER/S4G/galaxies/NGC4887/P4/
NGC4993,197.44875,-23.383944,ETG,E-S0,(L)SA(rl)0^-,-3.0,35.8,38.91,32.95030615401871,-21.164,10.652,13.452,-19.498306154018714,-21.4425619461944,predicted_B,nan,https://irsa.ipac.caltech.edu/data/SPITZER/S4G/galaxies/NGC4993/P4/
NGC5006,197.94072,-19.261735,ETG,S0-a,(RPL)SAB(r)0/a,0.0,41.2,33.8,32.644583501388276,-20.802,10.507,13.396,-19.248583501388275,-21.106947122826245,predicted_B,nan,https://irsa.ipac.caltech.edu/data/SPITZER/S4G/galaxies/NGC5006/P4/
NGC5010,198.10962,-15.797897,ETG,S0-a,SA(l)0^o sp / E(d)1-2,-2.0,47.0,39.97,33.00867074130053,-21.351,10.727,14.402,-18.606670741300526,-21.376082624205623,predicted_B,nan,https://irsa.ipac.caltech.edu/data/SPITZER/S4G/galaxies/NGC5010/P4/
NGC5030,198.475605,-16.490944,ETG,S0-a,(L)SB_{xa}0^o,-2.0,57.1,32.16,32.53658020038207,-20.231,10.279,14.025,-18.51158020038207,-20.496936347089786,predicted_B,nan,https://irsa.ipac.caltech.edu/data/SPITZER/S4G/galaxies/NGC5030/P4/
ESO345-002,335.57324,-40.089044,DG,Sb,SA(r$^{\prime}$l)d,7.0,64.9,30.84,32.445571846894595,-19.042,9.803,13.87,-18.575571846894597,-19.413,real,-19.413,https://irsa.ipac.caltech.edu/data/SPITZER/S4G/galaxies/ESO345-002/P4/
ESO346-018,344.299554,-40.098777,DG,Sd,SA(s)cd,6.0,67.8,25.19,32.00614083749056,-17.871,9.335,14.53,-17.47614083749056,-18.395,real,-18.395,https://irsa.ipac.caltech.edu/data/SPITZER/S4G/galaxies/ESO346-018/P4/
ESO347-020,352.882385,-42.146854,DG,Sc,SAc:,5.0,68.0,23.37,31.843293561961133,-16.753,8.887,14.96,-16.883293561961132,-17.4,real,-17.4,https://irsa.ipac.caltech.edu/data/SPITZER/S4G/galaxies/ESO347-020/P4/
ESO352-036,19.466887,-36.313472,DG,Sb,SAB(rs)d:,7.0,62.6,29.94,32.38125898003516,-17.561,9.211,15.26,-17.121258980035165,-18.121,real,-18.121,https://irsa.ipac.caltech.edu/data/SPITZER/S4G/galaxies/ESO352-036/P4/
ESO356-026,45.090505,-36.921197,DG,Sc,SB(s:)dm:,8.0,69.9,21.84,31.696263170163498,-16.746,8.885,15.07,-16.626263170163497,-17.394,real,-17.394,https://irsa.ipac.caltech.edu/data/SPITZER/S4G/galaxies/ESO356-026/P4/
ESO400-027,307.075442,-35.850051,DG,Sbc,Sbc:,4.0,64.4,32.22,32.540627680415994,-17.37,9.134,15.29,-17.250627680415995,-17.951,real,-17.951,https://irsa.ipac.caltech.edu/data/SPITZER/S4G/galaxies/ESO400-027/P4/
ESO404-028,331.06335,-32.604196,DG,Sb,SA(rs)ab,2.0,57.5,31.37,32.482572593488726,-18.496,9.585,15.14,-17.342572593488725,-18.941,real,-18.941,https://irsa.ipac.caltech.edu/data/SPITZER/S4G/galaxies/ESO404-028/P4/
ESO404-039,332.9241,-33.885897,DG,S0-a,SA(\underline{r}l)0/a,8.0,64.6,33.91,32.65163894889043,-19.382,9.939,14.4,-18.25163894889043,-19.704,real,-19.704,https://irsa.ipac.caltech.edu/data/SPITZER/S4G/galaxies/ESO404-039/P4/
PGC045955,198.384214,-17.078647,DG,Sa,SA(rl)0/a,0.0,27.8,38.2,32.91031681455854,-20.333,10.32,14.27,-18.640316814558542,-20.511,real,-20.511,https://irsa.ipac.caltech.edu/data/SPITZER/S4G/galaxies/PGC045955/P4/
PGC046256,199.234181,-16.59276,DG,Sbc,S0$^-$ sp / E(d)7-8,-3.0,69.4,23.28,31.834914879889254,-18.338,9.522,15.1,-16.734914879889253,-18.631274996773975,predicted_B,nan,https://irsa.ipac.caltech.edu/data/SPITZER/S4G/galaxies/PGC046256/P4/
PGC046436,199.822949,-15.156977,DG,Sab,SB$_\textrm{x}$(r)0$^+$ / E(d)6-7,-1.0,63.8,33.8,32.644583501388276,-19.286,9.901,14.7,-17.944583501388276,-19.623,real,-19.623,https://irsa.ipac.caltech.edu/data/SPITZER/S4G/galaxies/PGC046436/P4/
PGC046630,200.34975,57.69455,DG,I,Im pec / E7,10.0,66.4,27.4,32.18875281410194,-16.931,8.959,15.3,-16.888752814101938,-17.56,real,-17.56,https://irsa.ipac.caltech.edu/data/SPITZER/S4G/galaxies/PGC046630/P4/
PGC049341,208.317605,40.79597,DG,Sd,SB(s)dm,8.0,57.6,26.32,32.101429424709586,-16.848,8.925,15.45,-16.651429424709587,-17.486,real,-17.486,https://irsa.ipac.caltech.edu/data/SPITZER/S4G/galaxies/PGC049341/P4/
PGC051309,215.404817,50.390419,DG,Sab,SB(s)a,1.0,60.8,30.95,32.45330326678068,-18.72,9.674,15.15,-17.30330326678068,-19.05707626769346,predicted_B,nan,https://irsa.ipac.caltech.edu/data/SPITZER/S4G/galaxies/PGC051309/P4/
UGC07178,182.76511,2.00564,DG,I,SB(rs)d,7.0,20.1,23.2,31.827439924454495,-16.233,8.679,15.36,-16.467439924454496,-16.931,real,-16.931,https://irsa.ipac.caltech.edu/data/SPITZER/S4G/galaxies/UGC07178/P4/
UGC07346,184.673481,17.718962,DG,E-S0,dE$^+$0,11.0,17.0,9.02,29.77603268770971,-15.667,8.453,14.43,-15.346032687709709,-16.415,real,-16.415,https://irsa.ipac.caltech.edu/data/SPITZER/S4G/galaxies/UGC07346/P4/
NGC2679,132.88728,30.865347,ETG,S0,(RL)SAB(rl)0^+,-1.0,0.0,25.0,31.989700043360187,-19.746,10.085,14.066,-17.923700043360185,-19.987759510189644,predicted_B,nan,https://irsa.ipac.caltech.edu/data/SPITZER/S4G/galaxies/NGC2679/P4/
NGC2853,140.822265,40.200082,ETG,S0-a,"(RP,L)SA(r)ab",2.0,63.0,28.2,32.2512455415968,-18.45,9.566,14.441,-17.8102455415968,-18.969657702275246,predicted_B,nan,https://irsa.ipac.caltech.edu/data/SPITZER/S4G/galaxies/NGC2853/P4/
NGC2950,145.64637,58.85123,ETG,S0,"(RL)SB_a_(l,bl)0^{o/+}^",-1.0,61.8,18.37,31.32054578152904,-20.8,10.506,11.928,-19.39254578152904,-21.139248258659325,predicted_B,nan,https://irsa.ipac.caltech.edu/data/SPITZER/S4G/galaxies/NGC2950/P4/
NGC3292,158.89341,-6.179639,ETG,S0,S0^- sp / E(d)4,-3.0,47.1,29.9,32.37835594162215,-18.982,9.779,14.79,-17.588355941622147,-19.324493646281205,predicted_B,nan,https://irsa.ipac.caltech.edu/data/SPITZER/S4G/galaxies/NGC3292/P4/
NGC6239,252.520879,42.739887,S4G,SBb,SA\underline{B}(s)m pec / cc,9.0,65.9,19.22,31.418766916662634,-18.989,9.782,12.889,-18.529766916662634,-19.55108022541572,predicted_B,nan,https://irsa.ipac.caltech.edu/data/SPITZER/S4G/galaxies/NGC6239/P4/
NGC6255,253.69698,36.50183,S4G,SBc,SB(s)\underline{d}m,7.5,65.7,20.69,31.578802453328677,-18.014,9.392,13.566,-18.012802453328675,-18.68371857653224,predicted_B,nan,https://irsa.ipac.caltech.edu/data/SPITZER/S4G/galaxies/NGC6255/P4/
NGC6267,254.53606,22.985143,S4G,Sc,SB(rs)b,3.0,41.5,53.95,33.659957245094645,-21.04,10.602,13.82,-19.839957245094645,-21.42798995259724,predicted_B,nan,https://irsa.ipac.caltech.edu/data/SPITZER/S4G/galaxies/NGC6267/P4/
NGC6339,259.277283,40.844976,S4G,Sc,SB(r\underline{s})cd,6.0,52.0,28.81,32.29771629140207,-19.741,10.083,13.836,-18.46171629140207,-20.110368328479485,predicted_B,nan,https://irsa.ipac.caltech.edu/data/SPITZER/S4G/galaxies/NGC6339/P4/
NGC6340,257.603321,72.304458,S4G,S0-a,(R')SA(l)0/a,0.0,19.9,19.52,31.45239906665337,-20.649,10.446,11.966,-19.48639906665337,-21.045788780663543,predicted_B,nan,https://irsa.ipac.caltech.edu/data/SPITZER/S4G/galaxies/NGC6340/P4/
NGC3779,174.712489,-10.583813,S4G,SBcd,SAB(s)m pec,9.0,60.8,22.59,31.769581154601816,-17.138,9.041,14.345,-17.424581154601817,-17.875346571331427,predicted_B,nan,https://irsa.ipac.caltech.edu/data/SPITZER/S4G/galaxies/NGC3779/P4/
NGC3780,174.843182,56.270703,S4G,Sc,SA(rs)b\underline{c},4.5,35.3,33.62,32.632988545517264,-21.256,10.689,12.129,-20.503988545517267,-21.749277308196557,predicted_B,nan,https://irsa.ipac.caltech.edu/data/SPITZER/S4G/galaxies/NGC3780/P4/
NGC3782,174.836452,46.513874,S4G,Scd,SB(r\underline{s})m,9.0,60.3,12.81,30.53774564872343,-17.384,9.14,13.092,-17.44574564872343,-18.068510227450005,predicted_B,nan,https://irsa.ipac.caltech.edu/data/SPITZER/S4G/galaxies/NGC3782/P4/
NGC3786,174.92709,31.909477,S4G,SABa,(R')SA_x_(r)0/a pec,0.0,65.2,46.18,33.32226964290579,-21.49,10.782,13.466,-19.856269642905787,-21.77607336608286,predicted_B,nan,https://irsa.ipac.caltech.edu/data/SPITZER/S4G/galaxies/NGC3786/P4/
NGC3794,175.225897,56.202077,S4G,SABc,SA(s)d pec,7.0,57.8,19.19,31.415374873677358,-18.067,9.413,13.726,-17.68937487367736,-18.64825809531418,predicted_B,nan,https://irsa.ipac.caltech.edu/data/SPITZER/S4G/galaxies/NGC3794/P4/
NGC3795A,174.83715,58.26821,S4G,Sc,SAB(s)dm,8.0,44.0,23.35,31.841434424510652,-18.306,9.509,14.254,-17.587434424510654,-18.807137089760005,predicted_B,nan,https://irsa.ipac.caltech.edu/data/SPITZER/S4G/galaxies/NGC3795A/P4/
NGC3810,175.244835,11.471085,S4G,Sc,SA(s)c,5.0,48.2,15.49,30.95025708879603,-20.611,10.431,11.27,-19.68025708879603,-21.062275415867067,predicted_B,nan,https://irsa.ipac.caltech.edu/data/SPITZER/S4G/galaxies/NGC3810/P4/
NGC3813,175.327698,36.546894,S4G,Sb,SA(s)bc,4.0,57.6,23.51,31.856263145624695,-20.631,10.438,12.277,-19.579263145624694,-21.053841839221803,predicted_B,nan,https://irsa.ipac.caltech.edu/data/SPITZER/S4G/galaxies/NGC3813/P4/
NGC3846A,176.061724,55.034941,S4G,IB,SB(s)m,9.0,41.5,25.3,32.01560260587909,-18.453,9.567,14.44,-17.57560260587909,-18.916811612381586,predicted_B,nan,https://irsa.ipac.caltech.edu/data/SPITZER/S4G/galaxies/NGC3846A/P4/
NGC3850,176.398437,55.886969,S4G,Sc,SB(s)m,9.0,69.1,18.31,31.313441721508482,-17.678,9.257,14.452,-16.861441721508484,-18.156108804554496,predicted_B,nan,https://irsa.ipac.caltech.edu/data/SPITZER/S4G/galaxies/NGC3850/P4/
NGC4416,186.694731,7.918558,S4G,Sc,(RL)SB(rs)dm / Sph,8.0,29.4,20.06,31.511654643422,-18.987,9.781,13.117,-18.394654643421998,-19.51779884120417,predicted_B,nan,https://irsa.ipac.caltech.edu/data/SPITZER/S4G/galaxies/NGC4416/P4/
NGC4424,186.798453,9.42055,S4G,SBa,(R_2_'L)SB(s)0/a[cd] pec,0.0,65.0,14.11,30.747635068771743,-19.237,9.881,12.385,-18.362635068771745,-19.70152424116136,predicted_B,nan,https://irsa.ipac.caltech.edu/data/SPITZER/S4G/galaxies/NGC4424/P4/
NGC4428,186.867823,-8.167922,S4G,SABc,SA(s)bc,4.0,68.2,36.02,32.78271854241757,-20.809,10.51,13.206,-19.57671854241757,-21.18941385746813,predicted_B,nan,https://irsa.ipac.caltech.edu/data/SPITZER/S4G/galaxies/NGC4428/P4/
NGC4430,186.860045,6.262747,S4G,Sb,SA\underline{B}(rs)dm,8.0,43.9,19.28,31.42553514783406,-19.398,9.945,12.767,-18.658535147834062,-19.894225759741005,predicted_B,nan,https://irsa.ipac.caltech.edu/data/SPITZER/S4G/galaxies/NGC4430/P4/
NGC4448,187.064371,28.620289,S4G,SBab,"(R)SB(r,bl)0/\underline{a}",0.5,52.5,22.57,31.767657795388814,-21.294,10.704,12.038,-19.729657795388814,-21.59637958191637,predicted_B,nan,https://irsa.ipac.caltech.edu/data/SPITZER/S4G/galaxies/NGC4448/P4/
NGC4449,187.046335,44.09364,S4G,IB,IB(s)m,10.0,63.5,3.87,27.938554825094556,-18.142,9.443,9.5,-18.438554825094556,-18.88169038389722,predicted_B,nan,https://irsa.ipac.caltech.edu/data/SPITZER/S4G/galaxies/NGC4449/P4/
NGC3023,147.468653,0.619035,S4G,SABc,SB(s)dm,8.0,60.7,26.72,32.13418226901754,-19.132,9.839,13.514,-18.620182269017544,-19.681722833219123,predicted_B,nan,https://irsa.ipac.caltech.edu/data/SPITZER/S4G/galaxies/NGC3023/P4/
NGC3027,148.918147,72.20381,S4G,Sc,SB(s)dm,8.0,69.9,15.79,30.991910650041476,-18.402,9.547,12.196,-18.795910650041478,-19.164569002759748,predicted_B,nan,https://irsa.ipac.caltech.edu/data/SPITZER/S4G/galaxies/NGC3027/P4/
NGC3031,148.888327,69.065347,S4G,Sab,"SA(r,rs,nb)a",1.0,62.7,3.67,27.82333032126045,-21.458,10.77,7.79,-20.03333032126045,-21.793202625496203,predicted_B,nan,https://irsa.ipac.caltech.edu/data/SPITZER/S4G/galaxies/NGC3031/P4/
NGC3032,148.033996,29.236235,S4G,S0,"SA(r\underline{l},rl)0^o^",-2.0,26.4,19.79,31.48222897103198,-19.246,9.885,13.069,-18.413228971031977,-19.720298808192513,predicted_B,nan,https://irsa.ipac.caltech.edu/data/SPITZER/S4G/galaxies/NGC3032/P4/
NGC3041,148.279758,16.677649,S4G,SABc,SA(rs)\underline{b}c,3.5,51.5,22.27,31.738601085170195,-20.362,10.331,12.304,-19.434601085170193,-20.814061255014995,predicted_B,nan,https://irsa.ipac.caltech.edu/data/SPITZER/S4G/galaxies/NGC3041/P4/
NGC3049,148.706654,9.2712,S4G,SBb,SB(r\underline{s})ab:,2.0,58.1,23.14,31.821816773078652,-19.379,9.938,13.666,-18.15581677307865,-19.761551941673485,predicted_B,nan,https://irsa.ipac.caltech.edu/data/SPITZER/S4G/galaxies/NGC3049/P4/
NGC3055,148.825245,4.269998,S4G,SABc,S\underline{A}B(s)b\underline{c},4.5,57.1,25.96,32.071523440641656,-20.156,10.248,12.655,-19.416523440641654,-20.652223008550788,predicted_B,nan,https://irsa.ipac.caltech.edu/data/SPITZER/S4G/galaxies/NGC3055/P4/
NGC3057,151.414585,80.286652,S4G,Sd,SB(s)\underline{d}m,7.5,58.3,19.37,31.435648103595554,-17.865,9.332,13.589,-17.846648103595555,-18.530687304344955,predicted_B,nan,https://irsa.ipac.caltech.edu/data/SPITZER/S4G/galaxies/NGC3057/P4/
NGC3904,177.305115,-29.276819,S4G,E,"SA(l,nl)0^-^",-3.0,68.1,25.61,32.04204789234215,-21.786,10.901,11.795,-20.247047892342145,-22.094346254700405,predicted_B,nan,https://irsa.ipac.caltech.edu/data/SPITZER/S4G/galaxies/NGC3904/P4/
NGC3906,177.418986,48.42613,S4G,SBcd,SB(r'l)dm,8.0,52.4,12.82,30.539440125914,-17.468,9.173,13.525,-17.014440125914,-18.03141342958979,predicted_B,nan,https://irsa.ipac.caltech.edu/data/SPITZER/S4G/galaxies/NGC3906/P4/
NGC3912,177.51853,26.478859,S4G,Sb,SB(s:)m: pec,9.0,68.0,23.43,31.848861442984813,-19.529,9.998,13.341,-18.50786144298481,-19.95903243910143,predicted_B,nan,https://irsa.ipac.caltech.edu/data/SPITZER/S4G/galaxies/NGC3912/P4/
NGC3913,177.662391,55.353792,S4G,Scd,SA(s)dm:,8.0,33.3,8.3,29.59539046188037,-16.512,8.791,13.355,-16.24039046188037,-17.118171758541887,predicted_B,nan,https://irsa.ipac.caltech.edu/data/SPITZER/S4G/galaxies/NGC3913/P4/
NGC4899,195.235971,-13.944218,S4G,SABc,S\underline{A}B(s)c,5.0,56.3,30.48,32.42007481333781,-20.434,10.36,12.662,-19.758074813337814,-20.94515758113439,predicted_B,nan,https://irsa.ipac.caltech.edu/data/SPITZER/S4G/galaxies/NGC4899/P4/
NGC4900,195.163183,2.501229,S4G,SBc,(R_2_')SB(s)cd,6.0,19.0,21.53,31.66522014911743,-20.34,10.322,11.912,-19.753220149117432,-20.872106735042596,predicted_B,nan,https://irsa.ipac.caltech.edu/data/SPITZER/S4G/galaxies/NGC4900/P4/
NGC4902,195.248961,-14.513546,S4G,Sb,"SB(\underline{r}s,bl)a\underline{b}",2.5,26.6,33.76,32.64201218976809,-21.865,10.932,11.811,-20.83101218976809,-22.2920128645955,predicted_B,nan,https://irsa.ipac.caltech.edu/data/SPITZER/S4G/galaxies/NGC4902/P4/
NGC4904,195.244504,-0.02761,S4G,Sc,(R')SB(s)cd,6.0,52.6,20.64,31.573548464775868,-19.682,10.059,12.674,-18.89954846477587,-20.16812388922233,predicted_B,nan,https://irsa.ipac.caltech.edu/data/SPITZER/S4G/galaxies/NGC4904/P4/
NGC4920,195.51782,-11.378805,S4G,I,S/IB:m / Sph,9.5,44.6,18.2,31.30035693992538,-17.26,9.09,14.15,-17.15035693992538,-17.904233880882465,predicted_B,nan,https://irsa.ipac.caltech.edu/data/SPITZER/S4G/galaxies/NGC4920/P4/
NGC4928,195.752374,-8.084897,S4G,Sbc,SA(s)b\underline{c} / E2-3,4.5,41.8,26.45,32.112128381856024,-19.409,9.95,12.92,-19.192128381856023,-20.028035169736164,predicted_B,nan,https://irsa.ipac.caltech.edu/data/SPITZER/S4G/galaxies/NGC4928/P4/
NGC4941,196.054612,-5.551558,S4G,SABa,(RL)SA(\underline{r}s)0/a,0.0,36.6,13.66,30.677253496727566,-19.952,10.167,11.902,-18.775253496727565,-20.34546457173098,predicted_B,nan,https://irsa.ipac.caltech.edu/data/SPITZER/S4G/galaxies/NGC4941/P4/
NGC5885,228.767336,-10.086035,S4G,SABc,SA\underline{B}(s)c,5.0,33.3,22.05,31.717042969019282,-20.185,10.26,12.337,-19.380042969019282,-20.66583509771953,predicted_B,nan,https://irsa.ipac.caltech.edu/data/SPITZER/S4G/galaxies/NGC5885/P4/
NGC5892,228.450962,-15.463805,S4G,SABc,SB(r\underline{s})cd,6.0,39.1,27.28,32.179221829922206,-20.207,10.269,13.265,-18.914221829922205,-20.57319713003172,predicted_B,nan,https://irsa.ipac.caltech.edu/data/SPITZER/S4G/galaxies/NGC5892/P4/
NGC5899,228.763592,42.049875,S4G,Sc,SAB(s)bc,4.0,68.9,38.56,32.93068512615397,-21.864,10.932,12.557,-20.373685126153966,-22.183776004646184,predicted_B,nan,https://irsa.ipac.caltech.edu/data/SPITZER/S4G/galaxies/NGC5899/P4/
NGC5915,230.387934,-13.091746,S4G,SBb,SA:(r:)\underline{d}m: pec / cc pec,7.5,44.3,21.41,31.653083336472193,-19.787,10.101,12.672,-18.981083336472192,-20.267609584070964,predicted_B,nan,https://irsa.ipac.caltech.edu/data/SPITZER/S4G/galaxies/NGC5915/P4/
NGC5921,230.485416,5.07065,S4G,Sbc,SB(\underline{r}s)b,3.0,49.5,17.37,31.198999092235496,-20.405,10.348,11.681,-19.5179990922355,-20.866554786675344,predicted_B,nan,https://irsa.ipac.caltech.edu/data/SPITZER/S4G/galaxies/NGC5921/P4/
NGC3642,170.574635,59.074523,S4G,Sbc,SA(r'l)ab pec,2.0,32.2,8.38,29.616220093151384,-18.121,9.434,11.711,-17.905220093151385,-18.740291721890575,predicted_B,nan,https://irsa.ipac.caltech.edu/data/SPITZER/S4G/galaxies/NGC3642/P4/
NGC3654,171.0447,69.41308,S4G,Sbc,SB(s:)d pec,7.0,57.1,33.39,32.61808209527185,-19.491,9.983,13.265,-19.35308209527185,-20.128589292388885,predicted_B,nan,https://irsa.ipac.caltech.edu/data/SPITZER/S4G/galaxies/NGC3654/P4/
NGC3655,170.727582,16.590137,S4G,Sc,SA(s)bc / E2-3,4.0,47.1,30.86,32.446979608635644,-21.255,10.688,12.318,-20.128979608635646,-21.660385208029375,predicted_B,nan,https://irsa.ipac.caltech.edu/data/SPITZER/S4G/galaxies/NGC3655/P4/
NGC3659,170.939545,17.818502,S4G,SBd,SB(s)dm,8.0,68.8,24.41,31.93783889708594,-19.362,9.931,12.917,-19.020838897085937,-19.951827140815194,predicted_B,nan,https://irsa.ipac.caltech.edu/data/SPITZER/S4G/galaxies/NGC3659/P4/
NGC3664,171.100947,3.324848,S4G,SBm,SB(r\underline{s})m,9.0,57.1,24.4,31.936949131693652,-18.572,9.615,13.314,-18.62294913169365,-19.25397304594801,predicted_B,nan,https://irsa.ipac.caltech.edu/data/SPITZER/S4G/galaxies/NGC3664/P4/
NGC3672,171.260309,-9.795331,S4G,Sc,SA(s)c,5.0,56.2,24.64,31.95820351746194,-21.274,10.696,12.075,-19.88320351746194,-21.617162826603558,predicted_B,nan,https://irsa.ipac.caltech.edu/data/SPITZER/S4G/galaxies/NGC3672/P4/
NGC3673,171.303583,-26.736739,S4G,Sb,(R')SA\underline{B}_x_(rs)ab,2.0,50.6,22.57,31.767657795388814,-20.679,10.458,12.481,-19.286657795388813,-21.02179958191637,predicted_B,nan,https://irsa.ipac.caltech.edu/data/SPITZER/S4G/galaxies/NGC3673/P4/
NGC3675,171.535686,43.586001,S4G,Sb,"(R',R')SA(ls)b / E4",3.0,59.5,16.09,31.032780220495148,-21.687,10.861,10.963,-20.069780220495147,-21.97695335181636,predicted_B,nan,https://irsa.ipac.caltech.edu/data/SPITZER/S4G/galaxies/NGC3675/P4/
NGC3681,171.624147,16.86343,S4G,Sbc,"SAB(r,l)a",1.0,15.2,28.38,32.26506195560728,-20.622,10.435,12.42,-19.845061955607278,-21.109419559567712,predicted_B,nan,https://irsa.ipac.caltech.edu/data/SPITZER/S4G/galaxies/NGC3681/P4/
NGC3682,171.92163,66.589826,S4G,S0-a,SA(r)0^+^,-1.0,56.7,15.1,30.894884736465848,-19.177,9.857,13.244,-17.650884736465848,-19.488362913069473,predicted_B,nan,https://irsa.ipac.caltech.edu/data/SPITZER/S4G/galaxies/NGC3682/P4/
NGC3683,171.882472,56.876877,S4G,SBc,SAB(s)b\underline{c} sp / E3,4.5,68.8,32.15,32.5359048863012,-21.616,10.832,13.026,-19.509904886301204,-21.791067648280784,predicted_B,nan,https://irsa.ipac.caltech.edu/data/SPITZER/S4G/galaxies/NGC3683/P4/
NGC3683A,172.299025,57.132329,S4G,SBc,SAB(rs)bc,4.0,44.4,40.81,33.05383297386635,-20.789,10.502,12.965,-20.08883297386635,-21.294460748858594,predicted_B,nan,https://irsa.ipac.caltech.edu/data/SPITZER/S4G/galaxies/NGC3683A/P4/
NGC3684,171.796673,17.030224,S4G,Sbc,(R')SAB(s)c,5.0,50.8,20.57,31.56617145847362,-19.812,10.111,12.314,-19.25217145847362,-20.3504402927413,predicted_B,nan,https://irsa.ipac.caltech.edu/data/SPITZER/S4G/galaxies/NGC3684/P4/
NGC3686,171.933239,17.224113,S4G,SBbc,SAB(s)bc,4.0,42.0,16.14,31.039517651930254,-20.02,10.194,12.003,-19.036517651930254,-20.458881648203608,predicted_B,nan,https://irsa.ipac.caltech.edu/data/SPITZER/S4G/galaxies/NGC3686/P4/
NGC3689,172.045933,25.661113,S4G,SABc,SA(r)b,3.0,50.2,39.35,32.97472368347542,-21.24,10.682,13.007,-19.96772368347542,-21.611015065616723,predicted_B,nan,https://irsa.ipac.caltech.edu/data/SPITZER/S4G/galaxies/NGC3689/P4/
NGC3691,172.039075,16.92031,S4G,SBb,S/IB(rs)m,9.5,47.4,30.37,32.41222395959133,-19.336,9.921,12.637,-19.77522395959133,-20.109217630503963,predicted_B,nan,https://irsa.ipac.caltech.edu/data/SPITZER/S4G/galaxies/NGC3691/P4/
NGC3701,172.370591,24.093465,S4G,Sbc,SA(rs)b\underline{c},4.5,64.3,45.55,33.292441906545086,-20.217,10.273,13.501,-19.79144190654509,-20.786993848038094,predicted_B,nan,https://irsa.ipac.caltech.edu/data/SPITZER/S4G/galaxies/NGC3701/P4/
NGC3715,172.884739,-14.23143,S4G,SBbc,SA(rs)ab,2.0,51.0,38.93,32.951422018590804,-20.903,10.547,13.445,-19.506422018590804,-21.244804174368838,predicted_B,nan,https://irsa.ipac.caltech.edu/data/SPITZER/S4G/galaxies/NGC3715/P4/
NGC4369,186.150834,39.382945,S4G,Sa,(R)SB(r\underline{s})0/a[m]: pec,0.0,18.9,29.72,32.365244025442685,-20.951,10.567,12.355,-20.010244025442685,-21.399922345979032,predicted_B,nan,https://irsa.ipac.caltech.edu/data/SPITZER/S4G/galaxies/NGC4369/P4/
NGC4370,186.228891,7.444458,S4G,Sa,"S0^{-/o}^ sp / E(b,nd)4",-2.5,53.2,37.25,32.85563138542156,-21.001,10.587,13.532,-19.32363138542156,-21.276818375574067,predicted_B,nan,https://irsa.ipac.caltech.edu/data/SPITZER/S4G/galaxies/NGC4370/P4/
PGC013084,52.85331,-35.331025,ETG,S0,SAB(s)0/a,0.0,53.2,18.94,31.38689987333627,-17.47,9.174,14.563,-16.823899873336266,-17.98816647023402,predicted_B,nan,https://irsa.ipac.caltech.edu/data/SPITZER/S4G/galaxies/PGC013084/P4/
PGC013097,52.948545,-35.051856,ETG,S0,dE2-3,11.0,50.0,21.02,31.613163558461117,-16.768,8.893,15.301,-16.312163558461116,-17.33087843623836,predicted_B,nan,https://irsa.ipac.caltech.edu/data/SPITZER/S4G/galaxies/PGC013097/P4/
IC3647,190.221517,10.476074,DG,I,dS0(5),11.0,54.8,8.47,29.63941705165353,-14.766,8.092,15.13,-14.50941705165353,-15.582,real,-15.582,https://irsa.ipac.caltech.edu/data/SPITZER/S4G/galaxies/IC3647/P4/
IC3720,191.19749,12.064627,DG,E,dE6-7,11.0,63.5,23.04,31.81241237375587,-17.222,9.075,14.98,-16.83241237375587,-17.82,real,-17.82,https://irsa.ipac.caltech.edu/data/SPITZER/S4G/galaxies/IC3720/P4/
IC4946,305.992017,-43.995246,DG,S0-a,(RL)SB$_\textrm{x}$0/a,0.0,66.9,37.9,32.89319604984036,-21.712,10.871,12.62,-20.273196049840365,-21.65,real,-21.65,https://irsa.ipac.caltech.edu/data/SPITZER/S4G/galaxies/IC4946/P4/
IC5028,310.842746,-65.647049,DG,I,I\underline{A}Bm,10.0,46.6,19.9,31.494265382048532,-16.157,8.649,15.25,-16.244265382048532,-16.862,real,-16.862,https://irsa.ipac.caltech.edu/data/SPITZER/S4G/galaxies/IC5028/P4/
IC5162,332.014171,-52.714058,DG,Sc,S\underline{A}B:m pec,9.0,55.1,23.28,31.834914879889254,-16.667,8.853,15.08,-16.754914879889256,-17.324,real,-17.324,https://irsa.ipac.caltech.edu/data/SPITZER/S4G/galaxies/IC5162/P4/
IC5224,337.625322,-45.995485,DG,Sab,I0 sp pec,0.0,67.0,23.86,31.88835219667161,-17.922,9.355,14.35,-17.53835219667161,-18.439,real,-18.439,https://irsa.ipac.caltech.edu/data/SPITZER/S4G/galaxies/IC5224/P4/
IC5267A,343.984319,-43.43451,DG,Sbc,SB(s)d,7.0,69.7,19.87,31.490989335549074,-18.185,9.46,13.87,-17.620989335549076,-18.67,real,-18.67,https://irsa.ipac.caltech.edu/data/SPITZER/S4G/galaxies/IC5267A/P4/
NGC0586,22.903475,-6.893742,DG,Sa,SA(rs)ab,2.0,53.6,25.12,32.00009817532579,-19.184,9.86,14.08,-17.92009817532579,-19.536,real,-19.536,https://irsa.ipac.caltech.edu/data/SPITZER/S4G/galaxies/NGC0586/P4/
NGC0853,32.922327,-9.304909,DG,Sm,(R$^{\prime}$L)SAB(s)dm,8.0,48.2,20.12,31.518139881919453,-18.788,9.702,15.87,-15.648139881919453,-19.195,real,-19.195,https://irsa.ipac.caltech.edu/data/SPITZER/S4G/galaxies/NGC0853/P4/
NGC1189,45.850065,-15.622713,DG,Sd,SB(s)d,7.0,34.5,34.14,32.66631758389357,-19.296,9.905,14.42,-18.24631758389357,-19.719324632214988,predicted_B,nan,https://irsa.ipac.caltech.edu/data/SPITZER/S4G/galaxies/NGC1189/P4/
UGC07370,184.917798,2.080142,DG,SBbc,SB(s)d,7.0,69.0,25.8,32.05809852981615,-17.779,9.298,14.76,-17.29809852981615,-18.313,real,-18.313,https://irsa.ipac.caltech.edu/data/SPITZER/S4G/galaxies/UGC07370/P4/
UGC07411,185.391927,4.779517,DG,S0-a,SAB0$^-$ / E5,-3.0,62.3,28.45,32.27041135365545,-18.496,9.585,14.69,-17.58041135365545,-18.941,real,-18.941,https://irsa.ipac.caltech.edu/data/SPITZER/S4G/galaxies/UGC07411/P4/
UGC07422,185.505262,5.100022,DG,SBab,(RL)SB(r)ab,2.0,65.2,25.22,32.00872541118531,-18.339,9.522,14.64,-17.36872541118531,-18.804,real,-18.804,https://irsa.ipac.caltech.edu/data/SPITZER/S4G/galaxies/UGC07422/P4/
UGC07688,188.134458,8.045362,DG,I,(R$^{\prime}$)dSA(r)d,7.0,43.0,5.66,28.764082155941352,-14.325,7.916,14.36,-14.404082155941353,-15.17,real,-15.17,https://irsa.ipac.caltech.edu/data/SPITZER/S4G/galaxies/UGC07688/P4/
UGC07710,188.440013,-2.649037,DG,IAB,IA(s)m,10.0,18.6,33.32,32.61352496367375,-17.832,9.318,15.02,-17.593524963673747,-18.359,real,-18.359,https://irsa.ipac.caltech.edu/data/SPITZER/S4G/galaxies/UGC07710/P4/
UGC07841,190.298363,1.410417,DG,Sb,I0 pec,0.0,55.4,22.66,31.776299527636894,-17.475,9.176,14.72,-17.056299527636895,-18.044,real,-18.044,https://irsa.ipac.caltech.edu/data/SPITZER/S4G/galaxies/UGC07841/P4/
UGC07857,190.476111,13.772892,DG,Sc,"dE4,N",11.0,60.8,6.3,28.99670274726791,-14.842,8.123,14.46,-14.53670274726791,-15.653,real,-15.653,https://irsa.ipac.caltech.edu/data/SPITZER/S4G/galaxies/UGC07857/P4/
UGC07945,191.754112,-1.578052,DG,Sd,SAB(s)cd,6.0,52.6,36.41,32.80610339466972,-18.051,9.406,15.11,-17.69610339466972,-18.551,real,-18.551,https://irsa.ipac.caltech.edu/data/SPITZER/S4G/galaxies/UGC07945/P4/
UGC08101,194.234461,84.102527,DG,Sbc,SB(\underline{r}s)d,7.0,65.1,25.15,32.002689946959734,-18.05,9.406,15.34,-16.662689946959734,-18.552,real,-18.552,https://irsa.ipac.caltech.edu/data/SPITZER/S4G/galaxies/UGC08101/P4/
NGC3516,166.69779,72.56854,ETG,S0,(R)SB(l)0^+,-1.0,36.9,51.5,33.55903614520595,-22.375,11.136,12.537,-21.022036145205952,-22.7270534941234,predicted_B,nan,https://irsa.ipac.caltech.edu/data/SPITZER/S4G/galaxies/NGC3516/P4/
NGC3607,169.22766,18.051856,ETG,E-S0,SA(rl)0^-,1.0,35.0,21.4,31.652068866745957,-22.274,11.096,10.931,-20.72106886674596,-22.5790611836853,predicted_B,nan,https://irsa.ipac.caltech.edu/data/SPITZER/S4G/galaxies/NGC3607/P4/
NGC3928,177.948492,48.683185,S4G,E,"SA(l,nl)0^+^",-1.0,32.0,16.16,31.042206782192835,-18.898,9.745,13.161,-17.881206782192834,-19.329053593815317,predicted_B,nan,https://irsa.ipac.caltech.edu/data/SPITZER/S4G/galaxies/NGC3928/P4/
NGC3930,177.941185,38.015242,S4G,SABc,SAB(s)d,7.0,43.0,12.97,30.5646998804204,-17.957,9.369,13.435,-17.129699880420397,-18.432584471898792,predicted_B,nan,https://irsa.ipac.caltech.edu/data/SPITZER/S4G/galaxies/NGC3930/P4/
NGC3938,178.206054,44.120741,S4G,Sc,SA(ls)c,5.0,14.1,12.69,30.51730811047352,-20.288,10.301,10.921,-19.596308110473522,-20.795452405961278,predicted_B,nan,https://irsa.ipac.caltech.edu/data/SPITZER/S4G/galaxies/NGC3938/P4/
NGC3941,178.230691,36.986351,S4G,S0,(R)SB_a_(bl)0^o^,-2.0,58.0,11.82,30.363087382726178,-20.312,10.311,11.274,-19.089087382726177,-20.694615534940652,predicted_B,nan,https://irsa.ipac.caltech.edu/data/SPITZER/S4G/galaxies/NGC3941/P4/
NGC3949,178.423881,47.858747,S4G,Sbc,SAB(s)\underline{c}d,5.5,56.5,16.8,31.126546408629316,-20.165,10.252,11.372,-19.754546408629317,-20.73854340602789,predicted_B,nan,https://irsa.ipac.caltech.edu/data/SPITZER/S4G/galaxies/NGC3949/P4/
NGC4489,187.717761,16.758762,S4G,E,SA(l)0^-^,-3.0,34.3,15.21,30.91064607026499,-18.842,9.723,12.845,-18.06564607026499,-19.32955682651227,predicted_B,nan,https://irsa.ipac.caltech.edu/data/SPITZER/S4G/galaxies/NGC4489/P4/
NGC4491,187.738123,11.483284,S4G,SBa,SB(r\underline{s})\underline{0}/a,-0.5,64.0,6.78,29.156148469335314,-16.623,8.835,13.465,-15.691148469335314,-17.0740148902938,predicted_B,nan,https://irsa.ipac.caltech.edu/data/SPITZER/S4G/galaxies/NGC4491/P4/
NGC4496A,187.913727,3.939422,S4G,SBd,SB(s)d,7.0,38.5,15.18,30.906358857797308,-19.131,9.839,12.118,-18.788358857797306,-19.720479331582368,predicted_B,nan,https://irsa.ipac.caltech.edu/data/SPITZER/S4G/galaxies/NGC4496A/P4/
NGC4498,187.91478,16.85274,S4G,Sc,SB(r\underline{s})d,7.0,57.3,15.57,30.9614430628406,-18.727,9.677,12.783,-18.1784430628406,-19.26808911976754,predicted_B,nan,https://irsa.ipac.caltech.edu/data/SPITZER/S4G/galaxies/NGC4498/P4/
NGC4501,187.996511,14.420326,S4G,Sb,SA(r\underline{s})a\underline{b},2.7,62.9,17.98,31.273948436986046,-22.443,11.163,10.191,-21.082948436986044,-22.79338788269172,predicted_B,nan,https://irsa.ipac.caltech.edu/data/SPITZER/S4G/galaxies/NGC4501/P4/
NGC4502,188.013493,16.68768,S4G,Sc,S/IA\underline{B}(s:)m:,9.5,60.2,31.68,32.50392586458728,-18.228,9.477,14.59,-17.91392586458728,-18.824192578178014,predicted_B,nan,https://irsa.ipac.caltech.edu/data/SPITZER/S4G/galaxies/NGC4502/P4/
NGC4504,188.072592,-7.563575,S4G,SABc,SAB(r\underline{s})c,5.0,52.9,17.06,31.159895134157523,-19.487,9.981,12.168,-18.991895134157524,-20.040650356527017,predicted_B,nan,https://irsa.ipac.caltech.edu/data/SPITZER/S4G/galaxies/NGC4504/P4/
NGC4506,188.043908,13.419629,S4G,SABa,dSA(r\underline{s})0/a / Sph,0.0,50.5,7.49,29.372409088497335,-16.49,8.782,13.708,-15.664409088497335,-16.96598613579687,predicted_B,nan,https://irsa.ipac.caltech.edu/data/SPITZER/S4G/galaxies/NGC4506/P4/
NGC5311,207.233606,39.985205,S4G,S0-a,"(L)SA(l,nl)0^-^",-3.0,37.5,35.63,32.75907911175508,-20.983,10.579,13.383,-19.37607911175508,-21.275373591262444,predicted_B,nan,https://irsa.ipac.caltech.edu/data/SPITZER/S4G/galaxies/NGC5311/P4/
NGC5313,207.434784,39.984754,S4G,Sb,SA(r)b,3.0,57.2,42.52,33.14296627925629,-21.793,10.903,12.783,-20.35996627925629,-22.126237075625227,predicted_B,nan,https://irsa.ipac.caltech.edu/data/SPITZER/S4G/galaxies/NGC5313/P4/
NGC5320,207.584997,41.366269,S4G,SABc,SA(s)b\underline{c},4.5,61.8,34.11,32.66440859703699,-20.404,10.348,13.386,-19.27840859703699,-20.80948602030369,predicted_B,nan,https://irsa.ipac.caltech.edu/data/SPITZER/S4G/galaxies/NGC5320/P4/
NGC5334,208.226925,-1.114638,S4G,Sc,"SB(rs,x_1_r)cd",6.0,44.8,33.32,32.61352496367375,-20.686,10.461,12.967,-19.64652496367375,-21.11172336646333,predicted_B,nan,https://irsa.ipac.caltech.edu/data/SPITZER/S4G/galaxies/NGC5334/P4/
NGC5336,208.040902,43.242907,S4G,Sc,SAB(rs)c,5.0,41.8,31.22,32.47216449363199,-18.964,9.772,13.853,-18.61916449363199,-19.552963656003516,predicted_B,nan,https://irsa.ipac.caltech.edu/data/SPITZER/S4G/galaxies/NGC5336/P4/
NGC5337,208.095945,39.687306,S4G,Sab,"SB(rs,bl)0/a",0.0,66.3,52.2,33.58835251501131,-21.002,10.587,13.436,-20.15235251501131,-21.472332841027658,predicted_B,nan,https://irsa.ipac.caltech.edu/data/SPITZER/S4G/galaxies/NGC5337/P4/
NGC5339,208.50113,-7.930663,S4G,Sa,"SA\underline{B}(rs,bl)ab",2.0,37.1,36.8,32.82923909336759,-20.812,10.511,12.835,-19.99423909336759,-21.289826186941383,predicted_B,nan,https://irsa.ipac.caltech.edu/data/SPITZER/S4G/galaxies/NGC5339/P4/
NGC5346,208.257954,39.580807,S4G,Sc,SA(s)b\underline{c}:,4.5,68.0,39.26,32.969751476319935,-19.16,9.85,14.791,-18.178751476319935,-19.599406596935186,predicted_B,nan,https://irsa.ipac.caltech.edu/data/SPITZER/S4G/galaxies/NGC5346/P4/
NGC5347,208.324208,33.490854,S4G,Sab,"SB(rs,bl)a",1.0,45.3,19.57,31.457954128290005,-19.485,9.98,13.442,-18.015954128290005,-19.80977422014815,predicted_B,nan,https://irsa.ipac.caltech.edu/data/SPITZER/S4G/galaxies/NGC5347/P4/
NGC3061,149.050248,75.866441,S4G,Sc,SAB(rs)b pec,3.0,39.6,55.1,33.705757994258924,-20.556,10.409,13.481,-20.224757994258923,-21.14815812865085,predicted_B,nan,https://irsa.ipac.caltech.edu/data/SPITZER/S4G/galaxies/NGC3061/P4/
NGC3065,150.480181,72.170348,S4G,S0,(L)SA(l)0^o^,-2.0,19.4,28.56,32.27879101552068,-20.568,10.413,11.755,-20.52379101552068,-21.227610888647362,predicted_B,nan,https://irsa.ipac.caltech.edu/data/SPITZER/S4G/galaxies/NGC3065/P4/
NGC3066,150.545762,72.125321,S4G,SABb,SAB(rs)ab pec,2.0,18.6,32.4,32.55272505103306,-20.021,10.195,13.517,-19.035725051033058,-20.45946038699277,predicted_B,nan,https://irsa.ipac.caltech.edu/data/SPITZER/S4G/galaxies/NGC3066/P4/
NGC3073,150.216899,55.61886,S4G,E-S0,SA:0^-^,-3.0,31.8,26.86,32.145530041663484,-18.936,9.76,14.108,-18.037530041663484,-19.39485955979092,predicted_B,nan,https://irsa.ipac.caltech.edu/data/SPITZER/S4G/galaxies/NGC3073/P4/
NGC3077,150.82955,68.733766,S4G,S?,SA:(l:)0^-^,-3.0,38.1,3.63,27.79953312518056,-18.092,9.423,10.627,-17.172533125180557,-18.54592528441743,predicted_B,nan,https://irsa.ipac.caltech.edu/data/SPITZER/S4G/galaxies/NGC3077/P4/
NGC3094,150.358116,15.770114,S4G,SBa,SB:a:,1.0,46.2,39.4,32.977481109127865,-21.775,10.896,13.376,-19.601481109127867,-21.93422306064505,predicted_B,nan,https://irsa.ipac.caltech.edu/data/SPITZER/S4G/galaxies/NGC3094/P4/
NGC3104,150.9879,40.75575,S4G,IAB,IAB(s)m,10.0,53.8,9.89,29.975981457985895,-16.609,8.83,13.647,-16.328981457985897,-17.213195642626687,predicted_B,nan,https://irsa.ipac.caltech.edu/data/SPITZER/S4G/galaxies/NGC3104/P4/
NGC3147,154.223547,73.400756,S4G,Sbc,S\underline{A}B(r'l)b,3.0,31.2,39.61,32.98902421202146,-23.094,11.424,11.255,-21.73402421202146,-23.444405689825043,predicted_B,nan,https://irsa.ipac.caltech.edu/data/SPITZER/S4G/galaxies/NGC3147/P4/
NGC4376,186.3252,5.74111,S4G,I,IA(rs:)m / Sph,10.0,62.1,21.77,31.68929214520547,-18.139,9.442,13.867,-17.82229214520547,-18.734573654123285,predicted_B,nan,https://irsa.ipac.caltech.edu/data/SPITZER/S4G/galaxies/NGC4376/P4/
NGC4378,186.325498,4.925144,S4G,Sa,(R')SA(l)a,1.0,23.9,27.75,32.216314937293475,-21.26,10.69,12.604,-19.612314937293476,-21.542794010263968,predicted_B,nan,https://irsa.ipac.caltech.edu/data/SPITZER/S4G/galaxies/NGC4378/P4/
NGC4380,186.342423,10.016819,S4G,Sab,"(R)SA(r,l)ab",2.0,62.0,18.9,31.382309020866217,-20.226,10.277,12.631,-18.751309020866216,-20.54944761990356,predicted_B,nan,https://irsa.ipac.caltech.edu/data/SPITZER/S4G/galaxies/NGC4380/P4/
NGC4384,186.299872,54.506337,S4G,Sa,(L)SB(rs)dm,8.0,41.8,22.58,31.76861968794475,-18.764,9.692,13.524,-18.24461968794475,-19.311945626667015,predicted_B,nan,https://irsa.ipac.caltech.edu/data/SPITZER/S4G/galaxies/NGC4384/P4/
NGC4385,186.428378,0.572676,S4G,S0-a,SA\underline{B}(rs)ab,2.0,66.5,14.28,30.773641037200775,-18.499,9.586,13.176,-17.597641037200773,-18.95718064374218,predicted_B,nan,https://irsa.ipac.caltech.edu/data/SPITZER/S4G/galaxies/NGC4385/P4/
NGC4389,186.395406,45.685032,S4G,SBbc,SB(rs)a[d],1.0,50.0,11.49,30.301600143441426,-18.707,9.669,12.556,-17.74560014344143,-19.151071033708735,predicted_B,nan,https://irsa.ipac.caltech.edu/data/SPITZER/S4G/galaxies/NGC4389/P4/
NGC4390,186.461145,10.459107,S4G,SABc,SAB(s)c,5.0,43.3,22.54,31.76476955855044,-18.809,9.71,13.318,-18.446769558550443,-19.393875846259355,predicted_B,nan,https://irsa.ipac.caltech.edu/data/SPITZER/S4G/galaxies/NGC4390/P4/
NGC5012,197.904381,22.915584,S4G,Sc,SA(s)\underline{b}c,3.5,58.8,37.45,32.86725911017743,-21.546,10.805,12.832,-20.035259110177428,-21.860975890891694,predicted_B,nan,https://irsa.ipac.caltech.edu/data/SPITZER/S4G/galaxies/NGC5012/P4/
NGC5016,198.027832,24.095029,S4G,SABb,S\underline{A}B(\underline{r}s)b\underline{c},4.5,44.8,42.48,33.140922540367065,-20.861,10.531,13.389,-19.751922540367065,-21.27036679698626,predicted_B,nan,https://irsa.ipac.caltech.edu/data/SPITZER/S4G/galaxies/NGC5016/P4/
NGC5033,198.36451,36.593835,S4G,Sc,(R')SA(rs)\underline{c}d,5.5,64.6,16.47,31.08346799584877,-21.661,10.851,10.698,-20.38546799584877,-22.031249979024462,predicted_B,nan,https://irsa.ipac.caltech.edu/data/SPITZER/S4G/galaxies/NGC5033/P4/
NGC5042,198.87923,-23.983885,S4G,SABc,SAB(s)cd,6.0,60.0,14.68,30.833630277900255,-19.346,9.924,12.579,-18.254630277900254,-19.75952811530656,predicted_B,nan,https://irsa.ipac.caltech.edu/data/SPITZER/S4G/galaxies/NGC5042/P4/
NGC5054,199.243655,-16.634561,S4G,Sbc,"(R')SA(s,nr)bc",4.0,57.0,16.82,31.129129957309466,-21.005,10.588,11.636,-19.493129957309467,-21.319710539967723,predicted_B,nan,https://irsa.ipac.caltech.edu/data/SPITZER/S4G/galaxies/NGC5054/P4/
NGC5055,198.955285,42.029353,S4G,Sbc,"SA(rs,rl)bc",4.0,54.9,7.71,29.435271890254782,-21.405,10.748,9.323,-20.11227189025478,-21.771208894209874,predicted_B,nan,https://irsa.ipac.caltech.edu/data/SPITZER/S4G/galaxies/NGC5055/P4/
NGC5068,199.728107,-21.038735,S4G,Sc,SB(s)d,7.0,26.9,5.88,28.846886630380688,-18.987,9.781,10.64,-18.206886630380687,-19.47367335813946,predicted_B,nan,https://irsa.ipac.caltech.edu/data/SPITZER/S4G/galaxies/NGC5068/P4/
NGC5970,234.624809,12.186594,S4G,SBc,SB(s)c,5.0,47.7,26.48,32.114589903838315,-20.843,10.523,11.995,-20.119589903838317,-21.342998627402004,predicted_B,nan,https://irsa.ipac.caltech.edu/data/SPITZER/S4G/galaxies/NGC5970/P4/
NGC5985,234.904449,59.332081,S4G,Sb,SAB(r\underline{s})a\underline{b},2.5,63.3,37.3,32.85854415904344,-22.088,11.021,11.955,-20.90354415904344,-22.47965287737521,predicted_B,nan,https://irsa.ipac.caltech.edu/data/SPITZER/S4G/galaxies/NGC5985/P4/
NGC6012,238.557973,14.601196,S4G,SBab,"(R')SB(\underline{r}l,x_1_r)ab",2.0,46.9,19.53,31.453511216439274,-19.576,10.017,12.874,-18.579511216439272,-20.01182513586323,predicted_B,nan,https://irsa.ipac.caltech.edu/data/SPITZER/S4G/galaxies/NGC6012/P4/
NGC6014,238.989244,5.931938,S4G,S0,"SAB(rs,bl)\underline{0}/a",-0.5,41.4,31.94,32.52167455901232,-20.168,10.253,13.641,-18.88067455901232,-20.535478521367896,predicted_B,nan,https://irsa.ipac.caltech.edu/data/SPITZER/S4G/galaxies/NGC6014/P4/
NGC6015,237.85512,62.310045,S4G,Sc,S\underline{A}B_a_(s)cd,6.0,65.7,14.76,30.845431787435118,-19.914,10.152,11.606,-19.239431787435116,-20.425476470047254,predicted_B,nan,https://irsa.ipac.caltech.edu/data/SPITZER/S4G/galaxies/NGC6015/P4/
NGC6063,241.804177,7.979013,S4G,Sc,SA(s)bc,4.0,60.2,46.17,33.321799372755706,-20.275,10.296,14.019,-19.302799372755707,-20.71653285259759,predicted_B,nan,https://irsa.ipac.caltech.edu/data/SPITZER/S4G/galaxies/NGC6063/P4/
NGC6070,242.494549,0.709305,S4G,Sc,"SA(r\underline{s},nrl)c",5.0,59.8,28.65,32.28562313151704,-21.328,10.717,12.416,-19.86962313151704,-21.655281435906506,predicted_B,nan,https://irsa.ipac.caltech.edu/data/SPITZER/S4G/galaxies/NGC6070/P4/
NGC6106,244.696615,7.410886,S4G,Sc,S\underline{A}B(s)c,5.0,59.2,22.27,31.738601085170195,-19.608,10.029,12.791,-18.947601085170195,-20.122806255014996,predicted_B,nan,https://irsa.ipac.caltech.edu/data/SPITZER/S4G/galaxies/NGC6106/P4/
NGC6118,245.452571,-2.283432,S4G,Sc,SAB(s)cd,6.0,68.7,20.64,31.573548464775868,-20.745,10.484,12.44,-19.13354846477587,-21.03630888922233,predicted_B,nan,https://irsa.ipac.caltech.edu/data/SPITZER/S4G/galaxies/NGC6118/P4/
NGC6140,245.241847,65.390646,S4G,Sc,SB(r\underline{s})d,7.0,32.2,11.52,30.307262395435963,-18.263,9.491,12.254,-18.053262395435965,-18.883711662927453,predicted_B,nan,https://irsa.ipac.caltech.edu/data/SPITZER/S4G/galaxies/NGC6140/P4/
NGC3718,173.145228,53.067944,S4G,Sa,"S\underline{A}B(r,l,nl)a pec",1.0,66.5,14.67,30.83215056921641,-20.553,10.407,11.524,-19.30815056921641,-20.93046038376586,predicted_B,nan,https://irsa.ipac.caltech.edu/data/SPITZER/S4G/galaxies/NGC3718/P4/
NGC3726,173.338078,47.029241,S4G,Sc,SA\underline{B}(r)bc,4.0,49.2,13.92,30.718196176372714,-20.451,10.366,10.683,-20.035196176372715,-21.02328610144759,predicted_B,nan,https://irsa.ipac.caltech.edu/data/SPITZER/S4G/galaxies/NGC3726/P4/
NGC3729,173.455785,53.125554,S4G,Sa,(L)SB(r)0/a,0.0,46.9,20.16,31.522452638867435,-20.406,10.349,11.722,-19.800452638867434,-20.933696370133845,predicted_B,nan,https://irsa.ipac.caltech.edu/data/SPITZER/S4G/galaxies/NGC3729/P4/
NGC3738,173.95238,54.523905,S4G,I,dIm (dE) / Sph,10.0,50.0,4.21,28.121410479178344,-15.975,8.576,11.553,-16.568410479178343,-16.78445146260691,predicted_B,nan,https://irsa.ipac.caltech.edu/data/SPITZER/S4G/galaxies/NGC3738/P4/
NGC3755,174.138961,36.410322,S4G,SABc,(R')SAB(s)c pec,5.0,69.1,33.48,32.623927246606115,-19.661,10.051,13.789,-18.834927246606114,-20.136872902952437,predicted_B,nan,https://irsa.ipac.caltech.edu/data/SPITZER/S4G/galaxies/NGC3755/P4/
NGC3756,174.200202,54.293545,S4G,SABb,SA(s)bc,4.0,62.2,19.45,31.444598028308633,-20.168,10.253,12.08,-19.364598028308635,-20.64920053665253,predicted_B,nan,https://irsa.ipac.caltech.edu/data/SPITZER/S4G/galaxies/NGC3756/P4/
NGC3757,174.262003,58.415546,S4G,S0,S\underline{A}B(l)0^{-/o}^,-2.5,45.7,16.65,31.107071189211695,-18.756,9.689,13.397,-17.710071189211696,-19.18020672946475,predicted_B,nan,https://irsa.ipac.caltech.edu/data/SPITZER/S4G/galaxies/NGC3757/P4/
NGC3773,174.553946,12.112163,S4G,S0,SA0^{-/o}^: pec,-2.5,44.1,17.05,31.15862191664258,-17.964,9.372,13.505,-17.653621916642578,-18.561061150411003,predicted_B,nan,https://irsa.ipac.caltech.edu/data/SPITZER/S4G/galaxies/NGC3773/P4/
NGC4587,189.647625,2.657311,ETG,S0,SA(l)0^o sp / E4,-2.0,69.8,17.2,31.177642234537743,-18.343,9.524,13.792,-17.38564223453774,-18.78802092511637,predicted_B,nan,https://irsa.ipac.caltech.edu/data/SPITZER/S4G/galaxies/NGC4587/P4/
ESO545-016,36.49725,-21.42161,S4G,SABm,(R)SA(s:)dm,8.0,45.1,18.4,31.324089115047684,-16.681,8.859,14.511,-16.813089115047685,-17.382040942036205,predicted_B,nan,https://irsa.ipac.caltech.edu/data/SPITZER/S4G/galaxies/ESO545-016/P4/
ESO547-005,45.8955,-18.36709,S4G,IB,SABd\underline{m}:,8.5,62.0,17.1,31.164980551960767,-15.905,8.548,15.468,-15.696980551960767,-16.526115429710778,predicted_B,nan,https://irsa.ipac.caltech.edu/data/SPITZER/S4G/galaxies/ESO547-005/P4/
ESO547-020,48.239985,-17.929781,S4G,SBm,I\underline{A}B(s:)m,10.0,50.6,26.72,32.13418226901754,-16.775,8.896,15.491,-16.643182269017544,-17.41402283321912,predicted_B,nan,https://irsa.ipac.caltech.edu/data/SPITZER/S4G/galaxies/ESO547-020/P4/
ESO548-005,50.945813,-19.754367,S4G,SABm,SAB(r\underline{s})d\underline{m},8.5,19.5,21.9,31.702220574200595,-17.586,9.22,14.0,-17.702220574200595,-18.283311834937138,predicted_B,nan,https://irsa.ipac.caltech.edu/data/SPITZER/S4G/galaxies/ESO548-005/P4/
IC0101,21.035722,9.930381,S4G,Sb,SA(s)a,1.0,65.5,38.33,32.91769409627176,-18.751,9.687,15.068,-17.84969409627176,-19.209193112623865,predicted_B,nan,https://irsa.ipac.caltech.edu/data/SPITZER/S4G/galaxies/IC0101/P4/
IC0167,27.785705,21.912753,S4G,Sc,SA\underline{B}(s)cd,6.0,56.0,22.24,31.735673914550098,-18.188,9.461,13.628,-18.107673914550098,-18.83912336991927,predicted_B,nan,https://irsa.ipac.caltech.edu/data/SPITZER/S4G/galaxies/IC0167/P4/
IC0529,139.636778,73.759327,S4G,Sc,S\underline{A}B(s)\underline{c}d,5.5,63.8,27.82,32.22178562828014,-20.133,10.239,12.601,-19.62078562828014,-20.68262962264583,predicted_B,nan,https://irsa.ipac.caltech.edu/data/SPITZER/S4G/galaxies/IC0529/P4/
IC0600,154.295366,-3.498385,S4G,SBd,SB(s:)m,9.0,68.4,21.67,31.67929455659909,-18.025,9.396,13.749,-17.930294556599087,-18.672744220800784,predicted_B,nan,https://irsa.ipac.caltech.edu/data/SPITZER/S4G/galaxies/IC0600/P4/
IC0749,179.641973,42.734048,S4G,Sc,SB(rs)cd,6.0,37.7,27.27,32.17842568970815,-19.999,10.186,12.847,-19.331425689708148,-20.512120037081413,predicted_B,nan,https://irsa.ipac.caltech.edu/data/SPITZER/S4G/galaxies/IC0749/P4/
ESO570-019,170.050398,-21.470563,S4G,Sc,SA0/a:,0.0,59.7,27.85,32.22412599754874,-18.103,9.427,14.397,-17.82712599754874,-18.708169609423955,predicted_B,nan,https://irsa.ipac.caltech.edu/data/SPITZER/S4G/galaxies/ESO570-019/P4/
ESO572-018,178.961221,-18.196321,S4G,Sc,SAB(rs)b:,3.0,65.2,24.57,31.952025782400405,-18.492,9.583,13.911,-18.041025782400403,-19.056021058864097,predicted_B,nan,https://irsa.ipac.caltech.edu/data/SPITZER/S4G/galaxies/ESO572-018/P4/
ESO572-030,179.606343,-22.440118,S4G,SBm,SB(s:)m,9.0,68.5,18.69,31.358046506894162,-17.241,9.083,14.007,-17.351046506894164,-17.93686092912013,predicted_B,nan,https://irsa.ipac.caltech.edu/data/SPITZER/S4G/galaxies/ESO572-030/P4/
ESO576-001,197.598995,-21.684189,S4G,Sb,S\underline{A}B(r)a,1.0,68.2,85.6,34.66236882338577,-21.247,10.685,14.848,-19.81436882338577,-21.580331673495657,predicted_B,nan,https://irsa.ipac.caltech.edu/data/SPITZER/S4G/galaxies/ESO576-001/P4/
NGC4699,192.259168,-8.664333,S4G,SABb,(R')SB(l)0/a / E1,0.0,42.6,19.66,31.467917567480583,-22.455,11.168,10.383,-21.084917567480584,-22.803030628357938,predicted_B,nan,https://irsa.ipac.caltech.edu/data/SPITZER/S4G/galaxies/NGC4699/P4/
NGC4701,192.298304,3.388723,S4G,Sc,SA(s)\underline{b}c:,3.5,43.3,22.17,31.72882846557244,-19.491,9.982,12.817,-18.91182846557244,-20.024894689409525,predicted_B,nan,https://irsa.ipac.caltech.edu/data/SPITZER/S4G/galaxies/NGC4701/P4/
NGC4707,192.09555,51.1659,S4G,Sm,Im,10.0,26.2,6.78,29.156148469335314,-14.431,7.959,13.434,-15.722148469335314,-15.404419890293799,predicted_B,nan,https://irsa.ipac.caltech.edu/data/SPITZER/S4G/galaxies/NGC4707/P4/
NGC4713,192.4912,5.311358,S4G,Scd,SAB(rs)\underline{c}d,5.5,23.8,13.82,30.7025402151909,-18.882,9.739,12.219,-18.4835402151909,-19.458361950569863,predicted_B,nan,https://irsa.ipac.caltech.edu/data/SPITZER/S4G/galaxies/NGC4713/P4/
NGC4723,192.76245,-13.23633,S4G,SABm,Im,10.0,68.2,16.25,31.054266826574462,-16.107,8.629,15.16,-15.894266826574462,-16.727007704244997,predicted_B,nan,https://irsa.ipac.caltech.edu/data/SPITZER/S4G/galaxies/NGC4723/P4/
NGC4725,192.61073,25.500699,S4G,SABa,"(R')SAB_x_(r,nb)a",1.0,45.4,13.08,30.583038719941243,-21.668,10.853,9.924,-20.659038719941243,-22.100894099186192,predicted_B,nan,https://irsa.ipac.caltech.edu/data/SPITZER/S4G/galaxies/NGC4725/P4/
NGC4733,192.778235,10.912114,S4G,E,SB(r\underline{l})0^+^,-1.0,27.6,14.97,30.876109001715264,-19.174,9.856,12.7,-18.176109001715265,-19.609495615403087,predicted_B,nan,https://irsa.ipac.caltech.edu/data/SPITZER/S4G/galaxies/NGC4733/P4/
NGC4736,192.721,41.120213,S4G,Sab,"(R)SA(rl,\underline{r}s,nl,nb)a",1.0,31.7,5.13,28.55058682555908,-20.944,10.564,8.707,-19.84358682555908,-21.355402904006382,predicted_B,nan,https://irsa.ipac.caltech.edu/data/SPITZER/S4G/galaxies/NGC4736/P4/
NGC7199,332.124244,-64.706048,DG,SBa,(RR\underline{R})SAB(r)a,1.0,38.6,38.51,32.92786759311365,-20.374,10.336,13.92,-19.00786759311365,-20.545,real,-20.545,https://irsa.ipac.caltech.edu/data/SPITZER/S4G/galaxies/NGC7199/P4/
NGC7232B,333.969423,-45.781968,DG,SBm,SB(s)cd,6.0,48.2,25.3,32.01560260587909,-18.626,9.637,13.9,-18.11560260587909,-19.054,real,-19.054,https://irsa.ipac.caltech.edu/data/SPITZER/S4G/galaxies/NGC7232B/P4/
NGC7233,333.954055,-45.846467,DG,S0-a,(R$^{\prime}$)SAB(\underline{r}s)a pec,1.0,39.5,22.7,31.780129285965614,-19.655,10.048,13.15,-18.630129285965616,-19.937,real,-19.937,https://irsa.ipac.caltech.edu/data/SPITZER/S4G/galaxies/NGC7233/P4/
NGC7259,335.773057,-28.95481,DG,Sb,SA(s)bc,4.0,37.4,20.1,31.515980287102444,-18.093,9.424,13.77,-17.745980287102444,-18.59,real,-18.59,https://irsa.ipac.caltech.edu/data/SPITZER/S4G/galaxies/NGC7259/P4/
ESO548-076,55.382565,-19.905132,ETG,S0,"dE2-3,N",11.0,50.6,19.91,31.495356300137047,-17.703,9.267,14.544,-16.951356300137046,-18.196363730532205,predicted_B,nan,https://irsa.ipac.caltech.edu/data/SPITZER/S4G/galaxies/ESO548-076/P4/
IC0271,43.997385,-12.007859,ETG,S0-a,Im / Sph,10.0,64.8,21.51,31.66320205193731,-17.128,9.037,14.7,-16.963202051937312,-17.75927248220527,predicted_B,nan,https://irsa.ipac.caltech.edu/data/SPITZER/S4G/galaxies/IC0271/P4/
NGC4421,186.76062,15.461464,ETG,S0-a,SB(bl)0^o,-2.0,44.9,15.3,30.92345715408799,-19.631,10.039,12.29,-18.633457154087992,-20.06657743121068,predicted_B,nan,https://irsa.ipac.caltech.edu/data/SPITZER/S4G/galaxies/NGC4421/P4/
NGC4435,186.91866,13.078841,ETG,S0,SA\underline{B}_x_0^o^ sp / E2,-3.0,53.6,16.76,31.12137007147129,-20.841,10.522,11.525,-19.59637007147129,-21.218511966795756,predicted_B,nan,https://irsa.ipac.caltech.edu/data/SPITZER/S4G/galaxies/NGC4435/P4/
NGC4441,186.83484,64.801538,ETG,S0-a,Pec,0.0,50.3,19.15,31.410843891523207,-18.991,9.782,13.337,-18.073843891523207,-19.445468314507952,predicted_B,nan,https://irsa.ipac.caltech.edu/data/SPITZER/S4G/galaxies/NGC4441/P4/
ESO108-023,334.133853,-64.389342,DG,Sc,SAB(r\underline{s})c,5.0,31.0,37.9,32.89319604984036,-19.311,9.911,13.45,-19.443196049840363,-19.644,real,-19.644,https://irsa.ipac.caltech.edu/data/SPITZER/S4G/galaxies/ESO108-023/P4/
ESO119-005,72.071926,-60.294905,DG,Sbc,Im sp,10.0,64.9,13.22,30.60615727574811,-14.596,8.025,15.7,-14.906157275748111,-15.424,real,-15.424,https://irsa.ipac.caltech.edu/data/SPITZER/S4G/galaxies/ESO119-005/P4/
ESO149-013,0.694877,-52.771641,DG,IB,SB(s)dm,8.0,62.7,20.08,31.51381854236491,-15.721,8.475,15.46,-16.05381854236491,-16.464,real,-16.464,https://irsa.ipac.caltech.edu/data/SPITZER/S4G/galaxies/ESO149-013/P4/
ESO151-019,15.584224,-54.32609,DG,Sm,(R$^{\prime}$)S\underline{A}B(s)d,7.0,31.1,18.55,31.341719569755327,-16.529,8.798,14.92,-16.421719569755325,-17.198,real,-17.198,https://irsa.ipac.caltech.edu/data/SPITZER/S4G/galaxies/ESO151-019/P4/
ESO157-044,69.32495,-55.923163,DG,IB,SAB(rs)m,9.0,47.9,21.38,31.650038504363792,-16.969,8.974,14.94,-16.710038504363794,-17.594,real,-17.594,https://irsa.ipac.caltech.edu/data/SPITZER/S4G/galaxies/ESO157-044/P4/
ESO158-003,71.572433,-57.344831,DG,SBm,SB(s)dm,8.0,45.5,13.3,30.619258204835432,-17.09,9.022,13.88,-16.73925820483543,-17.677575678136325,predicted_B,nan,https://irsa.ipac.caltech.edu/data/SPITZER/S4G/galaxies/ESO158-003/P4/
ESO158-015,73.926537,-56.235508,DG,Sm,S\underline{A}B(s)dm,8.0,31.1,20.4,31.54815083712949,-16.282,8.699,15.35,-16.19815083712949,-16.975,real,-16.975,https://irsa.ipac.caltech.edu/data/SPITZER/S4G/galaxies/ESO158-015/P4/
ESO186-062,308.508785,-52.981289,DG,SBcd,SB(r\underline{s})c,5.0,36.3,32.4,32.55272505103306,-20.359,10.33,12.99,-19.562725051033055,-20.531,real,-20.531,https://irsa.ipac.caltech.edu/data/SPITZER/S4G/galaxies/ESO186-062/P4/
ESO190-011,336.767197,-52.261867,DG,SBm,SB(s)d,7.0,25.4,38.22,32.91145341359497,-18.226,9.477,14.38,-18.531453413594967,-18.706,real,-18.706,https://irsa.ipac.caltech.edu/data/SPITZER/S4G/galaxies/ESO190-011/P4/
NGC7410,343.753551,-39.661156,DG,SBa,SB$_\textrm{ax}$0$^+$,-1.0,59.4,35.92,32.77668163997633,-22.947,11.365,11.24,-21.53668163997633,-23.285575185394435,predicted_B,nan,https://irsa.ipac.caltech.edu/data/SPITZER/S4G/galaxies/NGC7410/P4/
NGC7476,346.29941,-43.098925,DG,SBab,(R$^{\prime}$)SA\underline{B}(rs)ab,2.0,48.4,38.98,32.95420917390801,-20.212,10.271,13.58,-19.374209173908014,-20.408,real,-20.408,https://irsa.ipac.caltech.edu/data/SPITZER/S4G/galaxies/NGC7476/P4/
NGC7496A,348.100476,-43.77838,DG,SBm,SAB(s)d,7.0,54.7,21.47,31.659160222181242,-17.073,9.016,14.61,-17.049160222181243,-17.687,real,-17.687,https://irsa.ipac.caltech.edu/data/SPITZER/S4G/galaxies/NGC7496A/P4/
PGC072252,356.043786,-6.169588,S4G,SBc,SAB(s)b\underline{c},4.5,59.0,25.21,32.00786422838223,-18.232,9.479,13.527,-18.48086422838223,-18.960483093669822,predicted_B,nan,https://irsa.ipac.caltech.edu/data/SPITZER/S4G/galaxies/PGC072252/P4/
PGC1059326,213.820207,-4.358506,S4G,S?,SABd:,7.0,68.0,39.36,32.97527544879652,-17.616,9.233,15.253,-17.722275448796523,-18.310974730467183,predicted_B,nan,https://irsa.ipac.caltech.edu/data/SPITZER/S4G/galaxies/PGC1059326/P4/
PGC1063216,213.946213,-4.075887,S4G,,SAB(s)\underline{c}d:,5.5,43.0,36.65,32.82036989488574,-17.63,9.238,15.163,-17.657369894885736,-18.30643192529815,predicted_B,nan,https://irsa.ipac.caltech.edu/data/SPITZER/S4G/galaxies/PGC1063216/P4/
UGC06194,167.252226,22.929769,S4G,Sc,SB(s)dm,8.0,15.2,35.47,32.74930594235971,-18.745,9.684,14.571,-18.178305942359714,-19.281826896454533,predicted_B,nan,https://irsa.ipac.caltech.edu/data/SPITZER/S4G/galaxies/UGC06194/P4/
UGC06249,168.336602,59.908702,S4G,Sc,S\underline{A}B(s)dm,8.0,15.9,14.16,30.75531626676875,-16.567,8.813,14.583,-16.172316266768753,-17.14424932269066,predicted_B,nan,https://irsa.ipac.caltech.edu/data/SPITZER/S4G/galaxies/UGC06249/P4/
UGC06309,169.443402,51.476739,S4G,SBc,(R')SB(s)c pec,5.0,48.8,48.6,33.433181346311464,-20.699,10.466,13.878,-19.555181346311464,-21.100202616383196,predicted_B,nan,https://irsa.ipac.caltech.edu/data/SPITZER/S4G/galaxies/UGC06309/P4/
UGC06320,169.571898,18.847192,S4G,Sd,Im (cc) / Sph,10.0,22.0,22.6,31.770542195737008,-18.279,9.498,13.834,-17.936542195737008,-18.868522415998196,predicted_B,nan,https://irsa.ipac.caltech.edu/data/SPITZER/S4G/galaxies/UGC06320/P4/
UGC06335,169.941327,59.280557,S4G,Sc,SAB(r\underline{s})b\underline{c},4.5,21.3,39.31,32.972515219100444,-18.708,9.67,15.119,-17.853515219100444,-19.177196076488602,predicted_B,nan,https://irsa.ipac.caltech.edu/data/SPITZER/S4G/galaxies/UGC06335/P4/
UGC06345,170.065143,2.52558,S4G,IB,S/Im pec,9.5,67.6,19.6,31.46128035678238,-17.09,9.022,14.074,-17.387280356782384,-17.82986088384386,predicted_B,nan,https://irsa.ipac.caltech.edu/data/SPITZER/S4G/galaxies/UGC06345/P4/
UGC09380,218.6634,4.26256,S4G,I,S/IAB:(s:)m: pec,9.5,65.6,22.15,31.72686865279544,-16.329,8.718,15.149,-16.577868652795438,-17.057484133406927,predicted_B,nan,https://irsa.ipac.caltech.edu/data/SPITZER/S4G/galaxies/UGC09380/P4/
UGC09469,220.434812,-1.806725,S4G,IAB,S\underline{A}B(s)m,9.0,20.2,24.59,31.953792643693582,-16.88,8.938,15.587,-16.366792643693582,-17.42939627126799,predicted_B,nan,https://irsa.ipac.caltech.edu/data/SPITZER/S4G/galaxies/UGC09469/P4/
UGC09569,222.9995,43.720568,S4G,SBcd,SB(rs)c,5.0,35.0,33.45,32.62198061051921,-18.273,9.495,14.63,-17.991980610519207,-18.876960443472015,predicted_B,nan,https://irsa.ipac.caltech.edu/data/SPITZER/S4G/galaxies/UGC09569/P4/
UGC09601,224.006675,-1.388148,S4G,SBc,SAB(s)\underline{d}m / Sph,7.5,39.6,25.04,31.99317162269196,-18.046,9.405,14.62,-17.373171622691963,-18.55788533133261,predicted_B,nan,https://irsa.ipac.caltech.edu/data/SPITZER/S4G/galaxies/UGC09601/P4/
UGC09661,225.51476,1.841294,S4G,SBd,SB(s)dm,8.0,28.5,16.63,31.104461246097593,-17.281,9.099,14.811,-16.293461246097593,-17.718928392832932,predicted_B,nan,https://irsa.ipac.caltech.edu/data/SPITZER/S4G/galaxies/UGC09661/P4/
UGC09663,225.30708,52.595556,S4G,IAB,SA(s)m,9.0,41.9,38.2,32.91031681455854,-18.006,9.389,14.951,-17.95931681455854,-18.66502945142126,predicted_B,nan,https://irsa.ipac.caltech.edu/data/SPITZER/S4G/galaxies/UGC09663/P4/
NGC7689,353.319824,-54.09438,S4G,SABc,SA(rs)c,5.0,51.6,24.32,31.929817853003485,-20.314,10.312,12.136,-19.793817853003485,-20.86175719545582,predicted_B,nan,https://irsa.ipac.caltech.edu/data/SPITZER/S4G/galaxies/NGC7689/P4/
NGC7694,353.31534,-2.702694,S4G,I,S/IA:(s:)m,9.5,67.2,14.13,30.75071080924279,-17.431,9.159,13.985,-16.76571080924279,-17.944657040172057,predicted_B,nan,https://irsa.ipac.caltech.edu/data/SPITZER/S4G/galaxies/NGC7694/P4/
NGC7713,354.062415,-37.938058,S4G,Scd,S\underline{A}B(s:)dm,8.0,65.9,9.05,29.783242896026017,-18.281,9.498,11.492,-18.291242896026016,-18.953407080566112,predicted_B,nan,https://irsa.ipac.caltech.edu/data/SPITZER/S4G/galaxies/NGC7713/P4/
NGC7714,354.058874,2.15503,S4G,Sb,SA(rs)a pec,1.0,45.1,28.28,32.25739702562431,-20.443,10.363,12.985,-19.272397025624308,-20.837908301021713,predicted_B,nan,https://irsa.ipac.caltech.edu/data/SPITZER/S4G/galaxies/NGC7714/P4/
NGC7716,354.131053,0.297294,S4G,Sb,(R')S\underline{A}B(\underline{r}l)ab,2.0,48.4,32.44,32.55540422769559,-20.606,10.429,12.966,-19.58940422769559,-21.037099993508466,predicted_B,nan,https://irsa.ipac.caltech.edu/data/SPITZER/S4G/galaxies/NGC7716/P4/
NGC7723,354.737695,-12.961152,S4G,SBb,(R')SB(rs)a\underline{b},2.5,47.1,28.04,32.2388900464731,-21.404,10.748,11.931,-20.307890046473105,-21.81641416092118,predicted_B,nan,https://irsa.ipac.caltech.edu/data/SPITZER/S4G/galaxies/NGC7723/P4/
NGC7724,354.779885,-12.223988,S4G,SBb,(R')SAB(rs)a pec,1.0,49.2,37.62,32.877093956071796,-19.93,10.158,13.723,-19.154093956071797,-20.417662079676873,predicted_B,nan,https://irsa.ipac.caltech.edu/data/SPITZER/S4G/galaxies/NGC7724/P4/
NGC4598,190.04976,8.38373,ETG,S0,"SB(rs,bl)0^o",-2.0,47.3,27.2,32.172844520171,-19.531,9.998,13.539,-18.633844520170996,-19.990168462240185,predicted_B,nan,https://irsa.ipac.caltech.edu/data/SPITZER/S4G/galaxies/NGC4598/P4/
NGC4600,190.095735,3.117716,ETG,S0,S0^- / E(d)3,-3.0,52.7,11.4,30.28452425668236,-17.847,9.325,13.268,-17.01652425668236,-18.321838200320357,predicted_B,nan,https://irsa.ipac.caltech.edu/data/SPITZER/S4G/galaxies/NGC4600/P4/
NGC4608,190.305285,10.155714,ETG,S0,"(L)SB(r,bl)0^+",-1.0,34.6,16.03,31.024667611770724,-20.408,10.349,11.912,-19.112667611770725,-20.77359688876612,predicted_B,nan,https://irsa.ipac.caltech.edu/data/SPITZER/S4G/galaxies/NGC4608/P4/
NGC4612,190.386465,7.314876,ETG,S0,(RL)S_AB(l)0^+,-1.0,55.4,16.75,31.120074056864325,-19.996,10.185,12.096,-19.024074056864325,-20.437597403363114,predicted_B,nan,https://irsa.ipac.caltech.edu/data/SPITZER/S4G/galaxies/NGC4612/P4/
NGC4620,190.49727,12.942836,ETG,S0,"(RP,L)SA_B0/a",0.0,29.2,21.35,31.64698939680521,-19.058,9.809,13.375,-18.27198939680521,-19.543287508249225,predicted_B,nan,https://irsa.ipac.caltech.edu/data/SPITZER/S4G/galaxies/NGC4620/P4/
ESO240-012,354.706761,-51.859745,DG,Sb,SA(rs)d pec,7.0,54.2,24.86,31.97750562152813,-17.923,9.355,14.36,-17.61750562152813,-18.44,real,-18.44,https://irsa.ipac.caltech.edu/data/SPITZER/S4G/galaxies/ESO240-012/P4/
ESO241-006,359.062498,-43.427438,DG,SBm,"SAB(r$^{\prime}$l,ns)b",3.0,43.1,19.5,31.450173056812588,-16.932,8.959,14.45,-17.00017305681259,-17.562,real,-17.562,https://irsa.ipac.caltech.edu/data/SPITZER/S4G/galaxies/ESO241-006/P4/
ESO251-012,68.291478,-43.770215,DG,Sc,(R$^{\prime}$)Sdm,8.0,64.6,39.52,32.984084679577954,-17.79,9.302,15.38,-17.60408467957795,-18.323,real,-18.323,https://irsa.ipac.caltech.edu/data/SPITZER/S4G/galaxies/ESO251-012/P4/
ESO252-007,75.755543,-43.298724,DG,Sbc,SB(rs)d,7.0,54.2,39.29,32.97141014405903,-19.03,9.798,14.65,-18.32141014405903,-19.402,real,-19.402,https://irsa.ipac.caltech.edu/data/SPITZER/S4G/galaxies/ESO252-007/P4/
ESO284-047,304.221418,-47.327543,DG,Sbc,SA(rs)0$^+$:,-1.0,61.0,39.34,32.97417177791659,-19.228,9.878,14.59,-18.38417177791659,-19.573,real,-19.573,https://irsa.ipac.caltech.edu/data/SPITZER/S4G/galaxies/ESO284-047/P4/
ESO284-049,304.335095,-44.515277,DG,Sbc,(R$_1^{\prime}$)SB(s)cd,6.0,61.8,33.07,32.59717097456851,-17.817,9.313,15.23,-17.367170974568513,-18.346,real,-18.346,https://irsa.ipac.caltech.edu/data/SPITZER/S4G/galaxies/ESO284-049/P4/
ESO286-063,317.468157,-45.527565,DG,SABb,(L)SAB(r\underline{s})c,5.0,55.8,33.05,32.5958573191083,-19.458,9.969,14.0,-18.595857319108298,-19.769,real,-19.769,https://irsa.ipac.caltech.edu/data/SPITZER/S4G/galaxies/ESO286-063/P4/
ESO287-055,326.014674,-43.209728,DG,SABc,SAB(s)cd,6.0,26.0,35.47,32.74930594235971,-18.544,9.604,14.34,-18.409305942359712,-18.982,real,-18.982,https://irsa.ipac.caltech.edu/data/SPITZER/S4G/galaxies/ESO287-055/P4/
ESO288-005,326.925569,-43.122944,DG,SABc,S(\underline{r}s)dm,8.0,51.3,33.72,32.63943782976352,-17.586,9.22,15.12,-17.519437829763525,-18.142,real,-18.142,https://irsa.ipac.caltech.edu/data/SPITZER/S4G/galaxies/ESO288-005/P4/
ESO288-045,332.657638,-43.253391,DG,SBc,SB(\underline{r}s)d,7.0,60.8,30.71,32.436399082215345,-18.168,9.454,14.52,-17.916399082215346,-18.655,real,-18.655,https://irsa.ipac.caltech.edu/data/SPITZER/S4G/galaxies/ESO288-045/P4/
ESO288-049,332.953987,-45.590383,DG,SBd,SB(s)d,7.0,59.2,18.15,31.294383146860653,-17.659,9.249,13.98,-17.314383146860653,-18.206,real,-18.206,https://irsa.ipac.caltech.edu/data/SPITZER/S4G/galaxies/ESO288-049/P4/
ESO289-005,333.779588,-46.281849,DG,Sc,(R$^{\prime}$L)SAB(s)d,7.0,68.1,25.26,32.01216673109656,-17.274,9.096,14.85,-17.162166731096562,-17.866,real,-17.866,https://irsa.ipac.caltech.edu/data/SPITZER/S4G/galaxies/ESO289-005/P4/
ESO289-011,334.318279,-45.067115,DG,IB,SAB(s)cd,6.0,38.8,22.5,31.760912590556813,-16.557,8.809,14.95,-16.810912590556814,-17.224,real,-17.224,https://irsa.ipac.caltech.edu/data/SPITZER/S4G/galaxies/ESO289-011/P4/
PGC037625,179.435414,-10.171533,DG,IB,SA\underline{B}(s)dm,8.0,32.7,22.98,31.806750121761333,-18.494,9.584,13.7,-18.106750121761333,-18.939,real,-18.939,https://irsa.ipac.caltech.edu/data/SPITZER/S4G/galaxies/PGC037625/P4/
PGC037712,179.690499,-19.844726,DG,SBcd,SB(s)d,7.0,21.7,21.84,31.696263170163498,-16.573,8.815,15.56,-16.136263170163495,-17.238,real,-17.238,https://irsa.ipac.caltech.edu/data/SPITZER/S4G/galaxies/PGC037712/P4/
PGC039052,183.509016,6.723409,DG,Sc,SA(s)cd,6.0,68.3,32.63,32.56808536893938,-18.01,9.391,15.32,-17.24808536893938,-18.518,real,-18.518,https://irsa.ipac.caltech.edu/data/SPITZER/S4G/galaxies/PGC039052/P4/
PGC039359,184.207231,65.82991,DG,S0,SA(r)0$^+$ / E6-7,-1.0,65.1,35.26,32.736411539816515,-18.621,9.635,15.31,-17.426411539816513,-19.05,real,-19.05,https://irsa.ipac.caltech.edu/data/SPITZER/S4G/galaxies/PGC039359/P4/
PGC040045,185.532457,15.798894,DG,Sm,SA\underline{B}(s)m,9.0,19.3,9.1,29.795206961605473,-14.003,7.787,15.8,-13.995206961605472,-14.867,real,-14.867,https://irsa.ipac.caltech.edu/data/SPITZER/S4G/galaxies/PGC040045/P4/
PGC040547,186.400472,15.847792,DG,E?,dE,11.0,44.6,14.32,30.779715089859188,-15.953,8.567,15.02,-15.759715089859188,-16.57757804611691,predicted_B,nan,https://irsa.ipac.caltech.edu/data/SPITZER/S4G/galaxies/PGC040547/P4/
PGC040869,186.872625,9.576509,DG,I,"dE5,N?",11.0,45.6,13.86,30.70881615137894,-15.495,8.384,14.67,-16.03881615137894,-16.29279679557405,predicted_B,nan,https://irsa.ipac.caltech.edu/data/SPITZER/S4G/galaxies/PGC040869/P4/
PGC040889,186.91154,18.43458,DG,E,"dE1,N",11.0,14.8,13.79,30.69782133087925,-16.045,8.604,15.18,-15.51782133087925,-16.76,real,-16.76,https://irsa.ipac.caltech.edu/data/SPITZER/S4G/galaxies/PGC040889/P4/
PGC041314,187.59886,42.90119,DG,I,SAB(s)dm,8.0,63.5,5.81,28.820880661951655,-13.099,7.425,15.84,-12.980880661951655,-14.006,real,-14.006,https://irsa.ipac.caltech.edu/data/SPITZER/S4G/galaxies/PGC041314/P4/
PGC041463,187.926532,20.48166,DG,Sd,SAB(s)dm pec,8.0,50.2,25.12,32.00009817532579,-17.099,9.026,15.21,-16.790098175325788,-17.711,real,-17.711,https://irsa.ipac.caltech.edu/data/SPITZER/S4G/galaxies/PGC041463/P4/
IC3167,185.078295,9.545364,ETG,S0,dSAB0,11.0,68.2,25.14,32.0018263667497,-17.86,9.33,14.72,-17.281826366749698,-18.394129196186178,predicted_B,nan,https://irsa.ipac.caltech.edu/data/SPITZER/S4G/galaxies/IC3167/P4/
IC3292,186.201525,18.195104,ETG,E-S0,"dE2,N",11.0,51.2,15.59,30.964230575944207,-16.887,8.941,15.03,-15.934230575944207,-17.33309918534689,predicted_B,nan,https://irsa.ipac.caltech.edu/data/SPITZER/S4G/galaxies/IC3292/P4/
IC3313,186.401805,15.829945,ETG,E,dE2,11.0,23.0,14.35,30.784259505350057,-16.956,8.968,14.216,-16.568259505350056,-17.53488098375726,predicted_B,nan,https://irsa.ipac.caltech.edu/data/SPITZER/S4G/galaxies/IC3313/P4/
IC3381,187.06209,11.789844,ETG,E,"dE2-3,N",11.0,59.5,17.14,31.170054087935895,-17.939,9.362,13.943,-17.227054087935898,-18.441692710664935,predicted_B,nan,https://irsa.ipac.caltech.edu/data/SPITZER/S4G/galaxies/IC3381/P4/
IC3586,189.22854,12.520055,ETG,E-S0,SAB0^-,-3.0,36.9,20.04,31.509488585976044,-17.67,9.254,14.516,-16.993488585976046,-18.18101981770437,predicted_B,nan,https://irsa.ipac.caltech.edu/data/SPITZER/S4G/galaxies/IC3586/P4/
NGC4624,191.274705,3.055504,ETG,S0-a,"SB(s,bl)0^+",-1.0,0.0,17.9,31.26426515489947,-21.308,10.709,11.116,-20.14826515489947,-21.705462311401376,predicted_B,nan,https://irsa.ipac.caltech.edu/data/SPITZER/S4G/galaxies/NGC4624/P4/
NGC5691,219.472372,-0.398855,S4G,SABa,SB(s)dm,8.0,44.0,27.7,32.21239884532224,-20.005,10.188,12.905,-19.30739884532224,-20.511063728650726,predicted_B,nan,https://irsa.ipac.caltech.edu/data/SPITZER/S4G/galaxies/NGC5691/P4/
NGC5693,219.046809,48.584979,S4G,Scd,SAB(s)dm,8.0,47.7,4.81,28.410725381869156,-14.879,8.138,14.226,-14.184725381869155,-15.385845464739251,predicted_B,nan,https://irsa.ipac.caltech.edu/data/SPITZER/S4G/galaxies/NGC5693/P4/
NGC5701,219.796189,5.363473,S4G,S0-a,"(R_1_')SA\underline{B}(rl,bl)0/a",0.0,40.6,15.39,30.936193099157393,-20.172,10.255,12.078,-18.858193099157393,-20.533255378301988,predicted_B,nan,https://irsa.ipac.caltech.edu/data/SPITZER/S4G/galaxies/NGC5701/P4/
NGC5713,220.047696,-0.28888,S4G,SABb,(R'L)SA\underline{B}(rs)m: [0/a],9.0,48.2,20.72,31.58194875536598,-20.877,10.537,11.623,-19.95894875536598,-21.331257957511006,predicted_B,nan,https://irsa.ipac.caltech.edu/data/SPITZER/S4G/galaxies/NGC5713/P4/
NGC5728,220.599531,-17.253039,S4G,Sa,"(R_1_)SB(underline{ r}'l,bl,nr,nb)0/a",0.0,59.1,29.8,32.37108132038128,-21.727,10.877,12.23,-20.14108132038128,-22.0243091102896,predicted_B,nan,https://irsa.ipac.caltech.edu/data/SPITZER/S4G/galaxies/NGC5728/P4/
NGC5740,221.101844,1.67981,S4G,SABb,(\underline{R}L)SAB(r)ab,2.0,63.9,26.42,32.10966406639254,-20.59,10.422,12.599,-19.51066406639254,-21.006356055602247,predicted_B,nan,https://irsa.ipac.caltech.edu/data/SPITZER/S4G/galaxies/NGC5740/P4/
NGC3485,165.009877,14.841695,S4G,Sb,SAB(rs)\underline{b}c,3.5,20.0,19.22,31.418766916662634,-19.31,9.91,12.67,-18.748766916662632,-19.848110225415716,predicted_B,nan,https://irsa.ipac.caltech.edu/data/SPITZER/S4G/galaxies/NGC3485/P4/
NGC3486,165.099512,28.975084,S4G,Sc,SAB(r)c,5.0,46.0,11.4,30.28452425668236,-19.754,10.088,11.073,-19.21152425668236,-20.296518200320357,predicted_B,nan,https://irsa.ipac.caltech.edu/data/SPITZER/S4G/galaxies/NGC3486/P4/
NGC3488,165.348528,57.67769,S4G,SBc,SAB(s)\underline{c}d,5.5,63.9,48.4,33.42422680822206,-20.38,10.338,14.079,-19.34522680822206,-20.80682829993218,predicted_B,nan,https://irsa.ipac.caltech.edu/data/SPITZER/S4G/galaxies/NGC3488/P4/
NGC3489,165.07735,13.901148,S4G,S0-a,"(R)SA\underline{B}(r,bl)0^o^:",-2.0,63.7,8.67,29.69009548738105,-19.643,10.043,11.061,-18.62909548738105,-20.074732439534547,predicted_B,nan,https://irsa.ipac.caltech.edu/data/SPITZER/S4G/galaxies/NGC3489/P4/
NGC3504,165.796794,27.972648,S4G,Sab,"(R_1_')SA\underline{B}(\underline{r}s,nl)a",1.0,26.1,13.14,30.592976826118814,-20.02,10.194,11.623,-18.969976826118817,-20.443244554137923,predicted_B,nan,https://irsa.ipac.caltech.edu/data/SPITZER/S4G/galaxies/NGC3504/P4/
NGC3507,165.855719,18.135503,S4G,SBb,(R')SA\underline{B}(s)b,3.0,31.9,14.1,30.746095563276896,-19.664,10.052,12.072,-18.674095563276897,-20.101372457370072,predicted_B,nan,https://irsa.ipac.caltech.edu/data/SPITZER/S4G/galaxies/NGC3507/P4/
NGC3512,166.012288,28.036831,S4G,Sc,SA(s)\underline{b}c,3.5,31.1,34.8,32.7078962197329,-20.518,10.393,13.019,-19.688896219732904,-20.993160611637233,predicted_B,nan,https://irsa.ipac.caltech.edu/data/SPITZER/S4G/galaxies/NGC3512/P4/
NGC3513,165.942221,-23.245621,S4G,SBc,SB(r\underline{s})\underline{c}d,5.5,65.2,12.33,30.45481538297866,-18.78,9.698,11.943,-18.51181538297866,-19.386976614999988,predicted_B,nan,https://irsa.ipac.caltech.edu/data/SPITZER/S4G/galaxies/NGC3513/P4/
NGC3521,166.452415,-0.035937,S4G,SABb,"SA(r'l,r)bc pec / E3",4.0,60.0,11.39,30.282618620395503,-22.064,11.012,9.896,-20.386618620395502,-22.339815375792945,predicted_B,nan,https://irsa.ipac.caltech.edu/data/SPITZER/S4G/galaxies/NGC3521/P4/
NGC4242,184.375759,45.61928,S4G,Sd,(L)IAB(s)m / Sph,10.0,51.5,6.31,29.00014679622067,-17.311,9.11,11.591,-17.409146796220668,-18.004064497111855,predicted_B,nan,https://irsa.ipac.caltech.edu/data/SPITZER/S4G/galaxies/NGC4242/P4/
NGC4244,184.372822,37.807293,S4G,Sc,Sd sp,7.0,65.4,4.1,28.06391928359868,-17.851,9.327,10.458,-17.60591928359868,-18.46340603164569,predicted_B,nan,https://irsa.ipac.caltech.edu/data/SPITZER/S4G/galaxies/NGC4244/P4/
NGC4245,184.403289,29.607996,S4G,S0-a,"(RL)SB(r,bl,n\underline{r}l)0^+^",-1.0,56.1,14.23,30.766024500421423,-19.854,10.128,12.337,-18.429024500421423,-20.189130757599035,predicted_B,nan,https://irsa.ipac.caltech.edu/data/SPITZER/S4G/galaxies/NGC4245/P4/
NGC4254,184.706831,14.416424,S4G,Sc,SA(s)c pec,5.0,20.1,15.19,30.907788869313933,-21.568,10.813,10.409,-20.498788869313934,-21.986735384288774,predicted_B,nan,https://irsa.ipac.caltech.edu/data/SPITZER/S4G/galaxies/NGC4254/P4/
NGC4258,184.739572,47.303979,S4G,SABb,"(R'L)SAB(rs,nb)\underline{a}b",1.5,68.3,7.27,29.30767205429519,-21.277,10.697,9.123,-20.18467205429519,-21.69030293275937,predicted_B,nan,https://irsa.ipac.caltech.edu/data/SPITZER/S4G/galaxies/NGC4258/P4/
NGC4262,184.877456,14.877674,S4G,E-S0,"(L)SB_a_(l,bl)0^{-/o}^",-2.5,34.3,19.74,31.476735741668087,-20.366,10.333,12.405,-19.071735741668085,-20.731847899292,predicted_B,nan,https://irsa.ipac.caltech.edu/data/SPITZER/S4G/galaxies/NGC4262/P4/
NGC4267,184.938737,12.79827,S4G,E-S0,(L)SAB0^-^,-3.0,57.5,16.69,31.112281683396233,-20.603,10.428,11.837,-19.275281683396233,-20.960986195598117,predicted_B,nan,https://irsa.ipac.caltech.edu/data/SPITZER/S4G/galaxies/NGC4267/P4/
NGC4750,192.530452,72.874626,S4G,Sab,(R')SA(rs)a pec,1.0,32.3,26.1,32.0832025366914,-21.413,10.751,11.945,-20.138202536691402,-21.78342259612248,predicted_B,nan,https://irsa.ipac.caltech.edu/data/SPITZER/S4G/galaxies/NGC4750/P4/
NGC4765,193.310577,4.463251,S4G,S0-a,IA\underline{B}m,10.0,50.2,12.76,30.52925337192572,-17.471,9.174,13.371,-17.158253371925717,-18.067504542402542,predicted_B,nan,https://irsa.ipac.caltech.edu/data/SPITZER/S4G/galaxies/NGC4765/P4/
NGC4772,193.371597,2.16834,S4G,Sa,(R'L)SA(r)0/a,0.0,67.3,27.04,32.16003343634799,-21.186,10.66,12.002,-20.158033436347985,-21.614427857541777,predicted_B,nan,https://irsa.ipac.caltech.edu/data/SPITZER/S4G/galaxies/NGC4772/P4/
NGC7727,354.974161,-12.292763,S4G,SABa,"SA(s,nb or nd)a pec",1.0,43.4,22.46,31.757048759627196,-21.575,10.816,11.574,-20.183048759627198,-21.91789145851239,predicted_B,nan,https://irsa.ipac.caltech.edu/data/SPITZER/S4G/galaxies/NGC7727/P4/
UGC00017,0.929725,15.218985,S4G,Sm,IABm,10.0,50.7,17.64,31.232492903979,-16.311,8.711,15.087,-16.145492903979,-16.942105832435065,predicted_B,nan,https://irsa.ipac.caltech.edu/data/SPITZER/S4G/galaxies/UGC00017/P4/
UGC00099,2.669753,13.709841,S4G,Sm,S\underline{A}B(s)d\underline{m},8.5,0.0,23.7,31.87374173005052,-17.315,9.112,14.65,-17.22374173005052,-17.963554306561875,predicted_B,nan,https://irsa.ipac.caltech.edu/data/SPITZER/S4G/galaxies/UGC00099/P4/
UGC00156,4.19997,12.35026,S4G,I,S/I\underline{A}B(s)m,9.5,65.4,15.9,31.00698562160226,-16.785,8.9,14.803,-16.20398562160226,-17.31846162107653,predicted_B,nan,https://irsa.ipac.caltech.edu/data/SPITZER/S4G/galaxies/UGC00156/P4/
UGC00191,5.020877,10.879588,S4G,Sm,SA(s)dm,8.0,35.9,17.15,31.171320621893948,-16.854,8.928,13.989,-17.182320621893947,-17.601155346145077,predicted_B,nan,https://irsa.ipac.caltech.edu/data/SPITZER/S4G/galaxies/UGC00191/P4/
UGC00313,7.85842,6.20682,S4G,Sbc,(R_1_')SA\underline{B}_a_(s)\underline{b}c / Sph,3.5,55.9,15.3,30.92345715408799,-16.951,8.967,14.351,-16.572457154087992,-17.53204243121068,predicted_B,nan,https://irsa.ipac.caltech.edu/data/SPITZER/S4G/galaxies/UGC00313/P4/
UGC00634,15.353486,7.625458,S4G,Sm,IAB:(s:)m,10.0,58.5,26.9,32.148761400012035,-17.143,9.043,15.06,-17.088761400012032,-17.800253929002828,predicted_B,nan,https://irsa.ipac.caltech.edu/data/SPITZER/S4G/galaxies/UGC00634/P4/
IC0783,185.411565,15.745133,ETG,S0-a,SA(irpl)0/a,0.0,25.8,18.3,31.312255448652152,-17.768,9.293,14.086,-17.226255448652154,-18.310690030433257,predicted_B,nan,https://irsa.ipac.caltech.edu/data/SPITZER/S4G/galaxies/IC0783/P4/
IC0874,199.752195,-27.628646,ETG,S0,"SB_a(r,bl)0^o",-2.0,42.0,29.07,32.31722515885214,-20.173,10.255,13.511,-18.80622515885214,-20.521807912330253,predicted_B,nan,https://irsa.ipac.caltech.edu/data/SPITZER/S4G/galaxies/IC0874/P4/
NGC4477,187.509165,13.636418,ETG,S0,"(RPL,RP)SB(bl)a",1.0,33.5,19.01,31.394910584327214,-21.515,10.792,11.269,-20.125910584327215,-21.858563987316895,predicted_B,nan,https://irsa.ipac.caltech.edu/data/SPITZER/S4G/galaxies/NGC4477/P4/
NGC4479,187.576575,13.577604,ETG,S0,SB0^o,-2.0,33.2,18.35,31.318180342940543,-19.016,9.792,13.482,-17.836180342940544,-19.408742380591026,predicted_B,nan,https://irsa.ipac.caltech.edu/data/SPITZER/S4G/galaxies/NGC4479/P4/
ESO200-053,54.376065,-51.251543,DG,S0-a,(R$^{\prime}$L)SB(\underline{r}s)0$^+$,-1.0,59.8,31.35,32.48118772583368,-19.194,9.864,14.68,-17.801187725833678,-19.544,real,-19.544,https://irsa.ipac.caltech.edu/data/SPITZER/S4G/galaxies/ESO200-053/P4/
ESO200-054,54.392133,-51.189074,DG,Sc,SA(s)bc,4.0,27.2,30.9,32.44979239712417,-19.078,9.817,14.13,-18.319792397124168,-19.443,real,-19.443,https://irsa.ipac.caltech.edu/data/SPITZER/S4G/galaxies/ESO200-054/P4/
ESO233-044,302.951685,-51.388446,DG,Sbc,SB(rs)cd:,6.0,61.5,39.14,32.96310410660991,-18.826,9.716,14.68,-18.283104106609912,-19.226,real,-19.226,https://irsa.ipac.caltech.edu/data/SPITZER/S4G/galaxies/ESO233-044/P4/
ESO233-053,304.383887,-48.02267,DG,SBcd,SB(rs)c:,5.0,37.1,30.61,32.429316647986674,-17.783,9.299,15.18,-17.249316647986674,-18.317,real,-18.317,https://irsa.ipac.caltech.edu/data/SPITZER/S4G/galaxies/ESO233-053/P4/
ESO234-036,307.213206,-49.637506,DG,IAB,(R$^{\prime}$)S\underline{A}B(s)dm,8.0,42.1,38.24,32.91258941802031,-17.512,9.191,15.7,-17.21258941802031,-18.077,real,-18.077,https://irsa.ipac.caltech.edu/data/SPITZER/S4G/galaxies/ESO234-036/P4/
ESO236-006,320.286577,-47.515224,DG,SBd,(R$_2^{\prime}$)SB(rs)c\underline{d},6.5,61.4,35.36,32.74256128170518,-18.315,9.512,14.68,-18.06256128170518,-18.782,real,-18.782,https://irsa.ipac.caltech.edu/data/SPITZER/S4G/galaxies/ESO236-006/P4/
ESO236-034,325.69327,-51.287907,DG,IB,SAB(s)dm,8.0,42.0,27.76,32.217097308914084,-17.459,9.17,14.81,-17.407097308914082,-18.03,real,-18.03,https://irsa.ipac.caltech.edu/data/SPITZER/S4G/galaxies/ESO236-034/P4/
ESO236-035,325.681701,-47.990422,DG,SABc,S\underline{A}B(s)c\underline{d},6.5,57.6,26.32,32.101429424709586,-18.453,9.568,13.94,-18.16142942470959,-18.904,real,-18.904,https://irsa.ipac.caltech.edu/data/SPITZER/S4G/galaxies/ESO236-035/P4/
ESO236-036,325.719619,-47.856226,DG,IB,SA(rs)c pec,5.0,53.1,27.8,32.22022397959038,-16.883,8.939,15.2,-17.02022397959038,-17.516,real,-17.516,https://irsa.ipac.caltech.edu/data/SPITZER/S4G/galaxies/ESO236-036/P4/
ESO236-041,326.453818,-48.804112,DG,SBm,SB(s)dm,8.0,56.3,21.65,31.67728950344692,-16.454,8.768,15.17,-16.50728950344692,-17.131,real,-17.131,https://irsa.ipac.caltech.edu/data/SPITZER/S4G/galaxies/ESO236-041/P4/
ESO237-019,329.334486,-51.217175,DG,IB,SABm,9.0,56.9,37.21,32.85329835010767,-17.454,9.168,15.6,-17.25329835010767,-18.027,real,-18.027,https://irsa.ipac.caltech.edu/data/SPITZER/S4G/galaxies/ESO237-019/P4/
ESO238-005,335.627159,-48.404129,DG,IAB,SA(s)d,7.0,45.3,8.07,29.534367673610348,-13.948,7.765,15.3,-14.234367673610347,-14.815,real,-14.815,https://irsa.ipac.caltech.edu/data/SPITZER/S4G/galaxies/ESO238-005/P4/
PGC024031,128.516671,52.00209,DG,Sbc,SA(s)c:,5.0,61.8,39.31,32.972515219100444,-18.252,9.487,15.3,-17.672515219100443,-18.729,real,-18.729,https://irsa.ipac.caltech.edu/data/SPITZER/S4G/galaxies/PGC024031/P4/
PGC026260,139.49686,52.74268,DG,SABc,SA(s)d,7.0,68.5,31.55,32.49499681790076,-17.596,9.225,15.39,-17.104996817900762,-18.152,real,-18.152,https://irsa.ipac.caltech.edu/data/SPITZER/S4G/galaxies/PGC026260/P4/
PGC027656,145.289563,-7.78524,DG,S?,IB(s)m,10.0,51.5,24.26,31.92445398265277,-16.437,8.761,15.49,-16.43445398265277,-17.115,real,-17.115,https://irsa.ipac.caltech.edu/data/SPITZER/S4G/galaxies/PGC027656/P4/
NGC4775,193.440236,-6.622108,S4G,Scd,SA(s)cd,6.0,28.4,16.28,31.058272002765918,-19.218,9.873,11.576,-19.482272002765917,-19.95010392064999,predicted_B,nan,https://irsa.ipac.caltech.edu/data/SPITZER/S4G/galaxies/NGC4775/P4/
NGC4779,193.461849,9.710047,S4G,SBc,SB(rs)b,3.0,46.5,40.84,33.055428667074366,-20.764,10.492,13.212,-19.843428667074367,-21.217665736762477,predicted_B,nan,https://irsa.ipac.caltech.edu/data/SPITZER/S4G/galaxies/NGC4779/P4/
NGC4781,193.599219,-10.537113,S4G,Scd,SB(s)\underline{d}m pec,7.5,68.0,14.38,30.78879443023432,-19.729,10.078,11.392,-19.39679443023432,-20.320931691105063,predicted_B,nan,https://irsa.ipac.caltech.edu/data/SPITZER/S4G/galaxies/NGC4781/P4/
ESO576-017,198.804007,-17.966628,S4G,SABc,SA(s)c,5.0,27.7,38.4,32.92165612183765,-18.666,9.653,14.755,-18.166656121837647,-19.21865418863185,predicted_B,nan,https://irsa.ipac.caltech.edu/data/SPITZER/S4G/galaxies/ESO576-017/P4/
ESO576-032,199.966741,-22.278931,S4G,Sc,SB(rs)c pec,5.0,46.6,21.74,31.686297698751382,-19.466,9.972,13.163,-18.52329769875138,-19.914464959206576,predicted_B,nan,https://irsa.ipac.caltech.edu/data/SPITZER/S4G/galaxies/ESO576-032/P4/
ESO580-022,221.521819,-18.022008,S4G,SABd,SB(s)dm,8.0,52.7,21.8,31.692282468023024,-18.259,9.49,13.9,-17.792282468023025,-18.81932137998541,predicted_B,nan,https://irsa.ipac.caltech.edu/data/SPITZER/S4G/galaxies/ESO580-022/P4/
ESO580-030,221.897735,-18.070462,S4G,SBc,SA(s)c,5.0,36.4,35.57,32.7554193259289,-19.491,9.983,13.95,-18.8054193259289,-19.99988854159329,predicted_B,nan,https://irsa.ipac.caltech.edu/data/SPITZER/S4G/galaxies/ESO580-030/P4/
ESO601-031,333.415501,-21.733619,S4G,IB,SA\underline{B}(s)m,9.0,61.5,34.9,32.7141271347959,-17.194,9.064,15.362,-17.3521271347959,-17.901159876677035,predicted_B,nan,https://irsa.ipac.caltech.edu/data/SPITZER/S4G/galaxies/ESO601-031/P4/
ESO602-030,339.212659,-19.806985,S4G,SABc,SB(rs)d,7.0,41.5,31.12,32.46519794158826,-18.332,9.519,14.006,-18.459197941588258,-19.03189151627324,predicted_B,nan,https://irsa.ipac.caltech.edu/data/SPITZER/S4G/galaxies/ESO602-030/P4/
ESO603-031,344.360144,-17.885553,S4G,Sa,Im / Sph,10.0,63.4,34.05,32.66058558124402,-18.192,9.463,14.903,-17.757585581244022,-18.759912611592345,predicted_B,nan,https://irsa.ipac.caltech.edu/data/SPITZER/S4G/galaxies/ESO603-031/P4/
IC0051,11.600871,-13.442213,S4G,S0,SA(s)b sp / SA0^o^ (PRG?),3.0,59.2,23.03,31.811469689821152,-19.141,9.843,13.75,-18.061469689821152,-19.55731037710797,predicted_B,nan,https://irsa.ipac.caltech.edu/data/SPITZER/S4G/galaxies/IC0051/P4/
IC1914,49.8551,-49.59967,S4G,SABc,SA(s)\underline{c}d:,5.5,42.9,20.05,31.510571884781,-18.309,9.51,13.461,-18.049571884781002,-18.918034392923538,predicted_B,nan,https://irsa.ipac.caltech.edu/data/SPITZER/S4G/galaxies/IC1914/P4/
IC1933,51.41621,-52.785524,S4G,Sc,S/IB(s)m:,9.5,59.4,18.98,31.39148104045637,-18.589,9.622,12.924,-18.46748104045637,-19.230443044507247,predicted_B,nan,https://irsa.ipac.caltech.edu/data/SPITZER/S4G/galaxies/IC1933/P4/
IC1953,53.424311,-21.478677,S4G,Sc,SB(rs)c,5.0,59.8,24.43,31.93961733486718,-20.097,10.225,12.395,-19.54461733486718,-20.637190073693787,predicted_B,nan,https://irsa.ipac.caltech.edu/data/SPITZER/S4G/galaxies/IC1953/P4/
IC1954,52.880028,-51.904846,S4G,Sb,SB(r\underline{s})cd,6.0,57.8,14.54,30.812822032615095,-19.533,9.999,12.132,-18.680822032615097,-20.00273817766455,predicted_B,nan,https://irsa.ipac.caltech.edu/data/SPITZER/S4G/galaxies/IC1954/P4/
IC1993,56.770168,-33.709981,S4G,SABb,(R')SA(s)ab,2.0,29.1,14.44,30.7978359661681,-19.188,9.861,12.521,-18.2768359661681,-19.643876452049504,predicted_B,nan,https://irsa.ipac.caltech.edu/data/SPITZER/S4G/galaxies/IC1993/P4/
IC0750,179.717665,42.722339,S4G,Sab,(R':)SA(s)a,1.0,65.8,24.04,31.90467231665351,-21.396,10.745,12.818,-19.086672316653512,-21.523307994413575,predicted_B,nan,https://irsa.ipac.caltech.edu/data/SPITZER/S4G/galaxies/IC0750/P4/
IC0758,181.049601,62.505431,S4G,Sc,(R')SB(s)dm,8.0,64.7,26.7,32.13255630682288,-18.494,9.584,14.32,-17.812556306822877,-19.003860732103377,predicted_B,nan,https://irsa.ipac.caltech.edu/data/SPITZER/S4G/galaxies/IC0758/P4/
IC0769,183.13468,12.123775,S4G,Sbc,SAB(s)\underline{b}c,3.5,48.3,38.99,32.95476617593992,-19.94,10.162,13.371,-19.58376617593992,-20.526285051345884,predicted_B,nan,https://irsa.ipac.caltech.edu/data/SPITZER/S4G/galaxies/IC0769/P4/
IC0776,184.762881,8.856207,S4G,SBd,SAB(s)dm,8.0,66.6,30.27,32.405062104782864,-17.922,9.355,14.308,-18.097062104782864,-18.633139594623973,predicted_B,nan,https://irsa.ipac.caltech.edu/data/SPITZER/S4G/galaxies/IC0776/P4/
NGC7545,348.88351,-38.535778,DG,Sb,SA\underline{B}(s)dm,8.0,43.2,28.18,32.24970494386669,-19.078,9.818,13.83,-18.41970494386669,-19.444,real,-19.444,https://irsa.ipac.caltech.edu/data/SPITZER/S4G/galaxies/NGC7545/P4/
NGC7713A,354.28455,-37.714067,DG,Sc,SAB(rs)cd,6.0,32.9,39.73,32.995592825276816,-20.475,10.376,13.18,-19.815592825276816,-20.629,real,-20.629,https://irsa.ipac.caltech.edu/data/SPITZER/S4G/galaxies/NGC7713A/P4/
PGC001457,5.684781,-6.685365,DG,Sbc,SB(s)dm,8.0,68.6,20.61,31.570389958896065,-15.685,8.46,15.66,-15.910389958896065,-16.431,real,-16.431,https://irsa.ipac.caltech.edu/data/SPITZER/S4G/galaxies/PGC001457/P4/
PGC002465,10.303051,-13.545509,DG,IB,SB(r)d,7.0,39.4,21.7,31.68229866924265,-17.104,9.028,14.77,-16.91229866924265,-17.715,real,-17.715,https://irsa.ipac.caltech.edu/data/SPITZER/S4G/galaxies/PGC002465/P4/
PGC003689,15.49585,-6.38579,DG,Sc,Sd sp/ E(d)7,7.0,63.5,31.73,32.50735036050206,-17.277,9.097,15.86,-16.64735036050206,-17.869,real,-17.869,https://irsa.ipac.caltech.edu/data/SPITZER/S4G/galaxies/PGC003689/P4/
PGC009485,37.381879,-3.212888,DG,S0-a,(R)SB(rl)a,1.0,44.6,32.67,32.570745672377186,-19.981,10.178,13.76,-18.810745672377188,-20.212,real,-20.212,https://irsa.ipac.caltech.edu/data/SPITZER/S4G/galaxies/PGC009485/P4/
PGC011135,44.192206,-11.084088,DG,Sc,(R$^{\prime}$)SAB(s)dm,8.0,69.0,21.27,31.638837449513645,-16.148,8.645,15.25,-16.388837449513645,-16.854,real,-16.854,https://irsa.ipac.caltech.edu/data/SPITZER/S4G/galaxies/PGC011135/P4/
PGC014125,59.023542,-49.477832,DG,Sc,SABd,7.0,57.4,13.22,30.60615727574811,-15.259,8.29,15.41,-15.19615727574811,-16.04,real,-16.04,https://irsa.ipac.caltech.edu/data/SPITZER/S4G/galaxies/PGC014125/P4/
IC0346,55.436085,-18.267056,ETG,S0-a,"SB(_rs,bl)0^+",-1.0,46.2,27.95,32.23190906111221,-19.978,10.177,13.635,-18.596909061112214,-20.32344362936137,predicted_B,nan,https://irsa.ipac.caltech.edu/data/SPITZER/S4G/galaxies/IC0346/P4/
IC0676,168.16593,9.055782,ETG,S0-a,(R)SA_B(l)0/a,0.0,51.4,20.0,31.505149978319906,-19.292,9.903,13.409,-18.096149978319907,-19.68097524490518,predicted_B,nan,https://irsa.ipac.caltech.edu/data/SPITZER/S4G/galaxies/IC0676/P4/
IC0781,185.013705,14.961517,ETG,E-S0,dE2,11.0,21.3,18.12,31.290790966703966,-17.844,9.324,14.169,-17.121790966703966,-18.344280877175432,predicted_B,nan,https://irsa.ipac.caltech.edu/data/SPITZER/S4G/galaxies/IC0781/P4/
UGC05612,156.02775,70.8822,S4G,Sd,SB(s)d\underline{m},8.5,59.2,13.99,30.72908857245914,-17.768,9.293,12.771,-17.95808857245914,-18.4826708145279,predicted_B,nan,https://irsa.ipac.caltech.edu/data/SPITZER/S4G/galaxies/UGC05612/P4/
UGC05633,156.167119,14.756782,S4G,SBd,SB(underline{ r}'l)d,7.0,55.5,24.7,31.96348476629833,-17.86,9.33,14.46,-17.503484766298328,-18.446218920080106,predicted_B,nan,https://irsa.ipac.caltech.edu/data/SPITZER/S4G/galaxies/UGC05633/P4/
UGC05676,157.268904,54.716456,S4G,Sd,(R')SAB(s)d\underline{m},8.5,55.7,19.11,31.406303435275063,-17.049,9.006,14.861,-16.545303435275063,-17.60063130728964,predicted_B,nan,https://irsa.ipac.caltech.edu/data/SPITZER/S4G/galaxies/UGC05676/P4/
UGC05688,157.603419,70.050207,S4G,Sm,IAB:(s:)m pec,10.0,62.7,30.8,32.44275358250222,-18.576,9.617,13.813,-18.629753582502218,-19.25863209188802,predicted_B,nan,https://irsa.ipac.caltech.edu/data/SPITZER/S4G/galaxies/UGC05688/P4/
UGC05707,157.809404,43.137529,S4G,Sc,SB(r\underline{s})d,7.0,32.1,30.15,32.39643658238085,-18.155,9.448,14.964,-17.432436582380852,-18.6551975968595,predicted_B,nan,https://irsa.ipac.caltech.edu/data/SPITZER/S4G/galaxies/UGC05707/P4/
UGC08507,202.74516,19.43744,S4G,I,IAB(s)m / Sph,10.0,65.2,16.55,31.09398999055869,-17.42,9.154,14.357,-16.73698999055869,-17.929492647781295,predicted_B,nan,https://irsa.ipac.caltech.edu/data/SPITZER/S4G/galaxies/UGC08507/P4/
UGC08508,202.685516,54.909091,S4G,I,dIm / Sph,10.0,60.8,2.61,27.083202536691402,-12.493,7.183,14.01,-13.073202536691403,-13.29934759612248,predicted_B,nan,https://irsa.ipac.caltech.edu/data/SPITZER/S4G/galaxies/UGC08508/P4/
UGC08516,202.9691,20.001227,S4G,Sc,SA(s)\underline{c}d:,5.5,48.9,20.0,31.505149978319906,-18.062,9.411,13.981,-17.524149978319905,-18.605605244905178,predicted_B,nan,https://irsa.ipac.caltech.edu/data/SPITZER/S4G/galaxies/UGC08516/P4/
UGC08588,203.928286,45.929622,S4G,SABm,(R'L)S\underline{A}B(s)d\underline{m},8.5,0.0,26.4,32.108019634349155,-17.568,9.213,15.365,-16.743019634349153,-18.04412961407205,predicted_B,nan,https://irsa.ipac.caltech.edu/data/SPITZER/S4G/galaxies/UGC08588/P4/
UGC08597,204.065328,46.200079,S4G,SBcd,SB(s)dm,8.0,61.3,26.65,32.128486066812954,-17.819,9.314,14.297,-17.831486066812953,-18.491934225701044,predicted_B,nan,https://irsa.ipac.caltech.edu/data/SPITZER/S4G/galaxies/UGC08597/P4/
UGC08614,204.358607,7.646745,S4G,I,IA\underline{B}(s)m,10.0,69.5,16.97,31.14840921158838,-18.098,9.425,13.207,-17.94140921158838,-18.731201164723267,predicted_B,nan,https://irsa.ipac.caltech.edu/data/SPITZER/S4G/galaxies/UGC08614/P4/
UGC08639,204.74939,51.434787,S4G,I,S/IA(s)m,9.5,47.1,29.4,32.34173665206079,-17.472,9.175,15.09,-17.25173665206079,-18.090238113234285,predicted_B,nan,https://irsa.ipac.caltech.edu/data/SPITZER/S4G/galaxies/UGC08639/P4/
UGC08651,204.973777,40.738919,S4G,I,dIm,10.0,66.0,3.46,27.69538049396388,-12.485,7.18,14.515,-13.180380493963881,-13.318414416081511,predicted_B,nan,https://irsa.ipac.caltech.edu/data/SPITZER/S4G/galaxies/UGC08651/P4/
NGC7163,329.835249,-31.883151,S4G,Sab,SAB_x_(s)a,1.0,66.1,33.85,32.64779336510581,-20.258,10.289,14.369,-18.278793365105813,-20.462886440799867,predicted_B,nan,https://irsa.ipac.caltech.edu/data/SPITZER/S4G/galaxies/NGC7163/P4/
NGC7167,330.127658,-24.632678,S4G,SBc,S\underline{A}B(s)\underline{c}d,5.5,46.2,30.33,32.409362051553316,-19.709,10.07,12.662,-19.747362051553317,-20.38801508211503,predicted_B,nan,https://irsa.ipac.caltech.edu/data/SPITZER/S4G/galaxies/NGC7167/P4/
NGC7171,330.25833,-13.269758,S4G,SBb,SAB_x_(s)b,3.0,62.6,37.57,32.87420597531692,-20.914,10.552,13.047,-19.827205975316918,-21.328603404199477,predicted_B,nan,https://irsa.ipac.caltech.edu/data/SPITZER/S4G/galaxies/NGC7171/P4/
NGC7179,331.205659,-64.046775,S4G,SBbc,SB_{xa}_(underline{r}'l)0/a,0.0,63.8,45.9,33.309063427686304,-21.095,10.624,13.393,-19.916063427686304,-21.48794990550628,predicted_B,nan,https://irsa.ipac.caltech.edu/data/SPITZER/S4G/galaxies/NGC7179/P4/
NGC4638,190.69758,11.44249,ETG,E-S0,S0^- sp / E(b)2-3,-3.0,61.8,15.19,30.907788869313933,-20.06,10.21,12.063,-18.84478886931393,-20.444425384288774,predicted_B,nan,https://irsa.ipac.caltech.edu/data/SPITZER/S4G/galaxies/NGC4638/P4/
NGC4640,190.74075,12.286908,ETG,S0-a,SB0^-,-3.0,67.6,22.47,31.758015362095648,-18.364,9.532,14.166,-17.592015362095648,-18.852583610092477,predicted_B,nan,https://irsa.ipac.caltech.edu/data/SPITZER/S4G/galaxies/NGC4640/P4/
NGC4663,191.196045,-10.19775,ETG,S0,SB(r)0^o,-2.0,44.0,32.29,32.54534022508581,-20.123,10.235,14.01,-18.53534022508581,-20.419899952895168,predicted_B,nan,https://irsa.ipac.caltech.edu/data/SPITZER/S4G/galaxies/NGC4663/P4/
NGC4671,191.448465,-7.069694,ETG,E,SA(l)0/a pec /ETG pec,0.0,56.5,39.25,32.96919830540636,-21.127,10.637,13.52,-19.44919830540636,-21.402716601770493,predicted_B,nan,https://irsa.ipac.caltech.edu/data/SPITZER/S4G/galaxies/NGC4671/P4/
ESO290-006,340.888534,-45.325897,DG,SABc,(R$^{\prime}$)SA(s)bc,4.0,25.4,38.5,32.9273036475425,-19.624,10.036,13.91,-19.0173036475425,-19.911,real,-19.911,https://irsa.ipac.caltech.edu/data/SPITZER/S4G/galaxies/ESO290-006/P4/
ESO290-039,345.872515,-46.031553,DG,SBm,SAB(s)dm,8.0,44.2,18.5,31.33585864201507,-15.909,8.55,15.06,-16.275858642015066,-16.637,real,-16.637,https://irsa.ipac.caltech.edu/data/SPITZER/S4G/galaxies/ESO290-039/P4/
ESO294-020,8.041039,-40.267497,DG,SBd,SA(s)cd,6.0,33.4,19.15,31.410843891523207,-17.328,9.118,14.45,-16.960843891523208,-17.915,real,-17.915,https://irsa.ipac.caltech.edu/data/SPITZER/S4G/galaxies/ESO294-020/P4/
ESO297-015,24.467792,-40.538745,DG,Sbc,SB(s)dm:,8.0,49.8,18.92,31.384605660328873,-17.082,9.018,14.53,-16.854605660328872,-17.694,real,-17.694,https://irsa.ipac.caltech.edu/data/SPITZER/S4G/galaxies/ESO297-015/P4/
UGC04151,121.078618,77.816649,S4G,Sd,SA(s)c,5.0,51.0,30.66,32.432860752591786,-19.365,9.932,13.647,-18.785860752591788,-19.89890227685907,predicted_B,nan,https://irsa.ipac.caltech.edu/data/SPITZER/S4G/galaxies/UGC04151/P4/
UGC04169,120.637613,61.388083,S4G,Sc,SAB(s)cd,6.0,63.1,31.6,32.49843541309202,-18.999,9.786,13.362,-19.136435413092016,-19.701297322076623,predicted_B,nan,https://irsa.ipac.caltech.edu/data/SPITZER/S4G/galaxies/UGC04169/P4/
UGC04238,122.904172,76.421419,S4G,SBcd,SB\underline{d}m:,7.5,67.8,20.87,31.59761224532727,-18.025,9.396,13.812,-17.785612245327272,-18.63874387765191,predicted_B,nan,https://irsa.ipac.caltech.edu/data/SPITZER/S4G/galaxies/UGC04238/P4/
UGC04305,124.770081,70.720186,S4G,I,Im / Sph,10.0,51.4,3.04,27.414367918043766,-15.349,8.326,11.156,-16.258367918043767,-16.232701460740284,predicted_B,nan,https://irsa.ipac.caltech.edu/data/SPITZER/S4G/galaxies/UGC04305/P4/
UGC04306,124.403286,35.446008,S4G,Sa,SA(underline{ r}'l)0^+^,-1.0,55.8,30.21,32.4007536263664,-19.838,10.121,15.013,-17.387753626366404,-19.932192102196105,predicted_B,nan,https://irsa.ipac.caltech.edu/data/SPITZER/S4G/galaxies/UGC04306/P4/
UGC04390,126.966235,73.517471,S4G,Scd,SB(s)d,7.0,34.2,33.5,32.62522403518423,-18.735,9.68,15.288,-17.33722403518423,-19.076522648268295,predicted_B,nan,https://irsa.ipac.caltech.edu/data/SPITZER/S4G/galaxies/UGC04390/P4/
UGC04393,126.518973,45.968051,S4G,Sbc,IB(s)m pec,10.0,50.6,15.89,31.0056194860369,-17.607,9.229,13.869,-17.1366194860369,-18.166460579218672,predicted_B,nan,https://irsa.ipac.caltech.edu/data/SPITZER/S4G/galaxies/UGC04393/P4/
UGC04483,129.261627,69.775918,S4G,I,dIm,10.0,67.4,3.43,27.676470600213854,-11.793,6.903,15.079,-12.597470600213853,-12.652050591050255,predicted_B,nan,https://irsa.ipac.caltech.edu/data/SPITZER/S4G/galaxies/UGC04483/P4/
UGC07129,182.229538,41.74087,S4G,Sab,(RL)SAB(s)\underline{a}b:,1.5,50.7,18.14,31.293186413620383,-18.259,9.49,14.221,-17.072186413620383,-18.65009880720079,predicted_B,nan,https://irsa.ipac.caltech.edu/data/SPITZER/S4G/galaxies/UGC07129/P4/
UGC07133,182.332338,18.997423,S4G,SABc,SAB(s)\underline{d}m,7.5,50.5,34.55,32.69224025855109,-18.101,9.426,15.385,-17.30724025855109,-18.584466460759504,predicted_B,nan,https://irsa.ipac.caltech.edu/data/SPITZER/S4G/galaxies/UGC07133/P4/
UGC07143,182.444765,25.026097,S4G,Sc,SA(s)\underline{b}c:,3.5,66.0,37.0,32.841008620334975,-18.614,9.632,14.592,-18.249008620334976,-19.19822702577872,predicted_B,nan,https://irsa.ipac.caltech.edu/data/SPITZER/S4G/galaxies/UGC07143/P4/
UGC07184,182.833052,1.492445,S4G,SBc,SB(r\underline{s})\underline{d}m,7.5,65.6,33.43,32.62068188296284,-18.159,9.45,14.859,-17.76168188296284,-18.735630242496267,predicted_B,nan,https://irsa.ipac.caltech.edu/data/SPITZER/S4G/galaxies/UGC07184/P4/
UGC07189,182.828001,74.808521,S4G,SBd,(R'L)SB(s)d,7.0,64.5,22.53,31.76380595861915,-18.082,9.419,14.684,-17.079805958619154,-18.516484400275502,predicted_B,nan,https://irsa.ipac.caltech.edu/data/SPITZER/S4G/galaxies/UGC07189/P4/
UGC07239,183.536952,7.776652,S4G,IB,(R')SB(s)m,9.0,22.8,25.45,32.02843893336389,-18.273,9.495,13.947,-18.081438933363888,-18.897983149340515,predicted_B,nan,https://irsa.ipac.caltech.edu/data/SPITZER/S4G/galaxies/UGC07239/P4/
UGC12613,352.146131,14.745656,S4G,I,dIm,10.0,63.2,2.09,26.60073143055527,-13.051,7.406,13.187,-13.413731430555272,-13.806241886180489,predicted_B,nan,https://irsa.ipac.caltech.edu/data/SPITZER/S4G/galaxies/UGC12613/P4/
UGC12681,353.72761,18.07137,S4G,SBbc,SA\underline{B}(s)d\underline{m}:,8.5,54.1,28.0,32.2357901567111,-17.136,9.041,15.197,-17.038790156711098,-17.783155686827108,predicted_B,nan,https://irsa.ipac.caltech.edu/data/SPITZER/S4G/galaxies/UGC12681/P4/
UGC12682,353.72235,18.22668,S4G,I,SA\underline{B}(s:)m,9.0,48.7,20.0,31.505149978319906,-17.308,9.109,14.062,-17.44314997831991,-18.009760244905177,predicted_B,nan,https://irsa.ipac.caltech.edu/data/SPITZER/S4G/galaxies/UGC12682/P4/
UGC12707,354.170973,17.515134,S4G,Sbc,SA\underline{B}_a_\underline{c}d:,5.5,57.7,37.08,32.845698627362296,-18.611,9.63,14.95,-17.895698627362297,-19.11290417743014,predicted_B,nan,https://irsa.ipac.caltech.edu/data/SPITZER/S4G/galaxies/UGC12707/P4/
UGC12709,354.349588,0.391854,S4G,SABm,S\underline{A}B(s)d\underline{m},8.5,58.7,30.0,32.38560627359831,-18.014,9.392,14.436,-17.949606273598313,-18.668867474295602,predicted_B,nan,https://irsa.ipac.caltech.edu/data/SPITZER/S4G/galaxies/UGC12709/P4/
PGC012633,50.572733,-7.090679,S4G,Sab,(R')SA(l)ab,2.0,63.4,28.8,32.29696243879615,-19.393,9.943,14.236,-18.06096243879615,-19.749971173117096,predicted_B,nan,https://irsa.ipac.caltech.edu/data/SPITZER/S4G/galaxies/PGC012633/P4/
PGC012664,50.729541,-11.203359,S4G,Scd,SAB(rs)d,7.0,56.2,34.7,32.70164737395437,-18.905,9.748,14.545,-18.15664737395437,-19.39913713287928,predicted_B,nan,https://irsa.ipac.caltech.edu/data/SPITZER/S4G/galaxies/PGC012664/P4/
PGC012981,52.38849,-15.23836,S4G,Sm,"SAB(s,nr:)m pec",9.0,65.5,22.7,31.780129285965614,-17.862,9.331,14.79,-16.990129285965615,-18.32711038220192,predicted_B,nan,https://irsa.ipac.caltech.edu/data/SPITZER/S4G/galaxies/PGC012981/P4/
PGC013821,56.658809,-16.549839,S4G,SBm,SB_a_(s)a[cd] pec / E5,1.0,69.6,9.2,29.818939136727778,-17.619,9.234,13.625,-16.193939136727778,-17.95411069713103,predicted_B,nan,https://irsa.ipac.caltech.edu/data/SPITZER/S4G/galaxies/PGC013821/P4/
PGC014487,61.804195,-17.20395,S4G,SBd,S\underline{A}B(s)m,9.0,58.6,22.4,31.751240091670816,-17.491,9.183,14.93,-16.821240091670816,-18.003606421542642,predicted_B,nan,https://irsa.ipac.caltech.edu/data/SPITZER/S4G/galaxies/PGC014487/P4/
UGC04514,129.909151,53.456929,S4G,SBc,IB:(s:)m sp,10.0,68.6,17.62,31.23002952038015,-17.343,9.123,14.203,-17.02702952038015,-17.938746937289334,predicted_B,nan,https://irsa.ipac.caltech.edu/data/SPITZER/S4G/galaxies/UGC04514/P4/
UGC04543,130.839276,45.736205,S4G,Sd,S\underline{A}B(s)d\underline{m},8.5,45.3,30.0,32.38560627359831,-17.863,9.331,15.254,-17.131606273598315,-18.361122474295605,predicted_B,nan,https://irsa.ipac.caltech.edu/data/SPITZER/S4G/galaxies/UGC04543/P4/
UGC04549,131.089447,58.841971,S4G,Sd,SA(r)b\underline{c},4.5,37.9,17.25,31.183945497046466,-18.181,9.458,14.125,-17.058945497046466,-18.58731719180592,predicted_B,nan,https://irsa.ipac.caltech.edu/data/SPITZER/S4G/galaxies/UGC04549/P4/
UGC04621,132.549218,35.076473,S4G,SBa,SB(\underline{r}s)a,1.0,60.9,39.34,32.97417177791659,-20.053,10.207,13.994,-18.98017177791659,-20.4708853678104,predicted_B,nan,https://irsa.ipac.caltech.edu/data/SPITZER/S4G/galaxies/UGC04621/P4/
UGC04701,135.504561,78.277612,S4G,Scd,SAB(s)c\underline{d},6.5,59.8,37.3,32.85854415904344,-18.218,9.473,15.48,-17.37854415904344,-18.69072787737521,predicted_B,nan,https://irsa.ipac.caltech.edu/data/SPITZER/S4G/galaxies/UGC04701/P4/
NGC4540,188.71193,15.551698,S4G,SABc,"SAB(rs)m / Sph, N",9.0,34.2,19.64,31.465707417254656,-19.669,10.054,12.471,-18.994707417254656,-20.180541243054844,predicted_B,nan,https://irsa.ipac.caltech.edu/data/SPITZER/S4G/galaxies/NGC4540/P4/
NGC4545,188.642538,63.525134,S4G,Sc,SAB(s)c,5.0,57.3,36.25,32.796540054535065,-20.212,10.271,13.36,-19.436540054535065,-20.69976691281574,predicted_B,nan,https://irsa.ipac.caltech.edu/data/SPITZER/S4G/galaxies/NGC4545/P4/
NGC4548,188.86023,14.496336,S4G,Sb,"SB(rs,bl)\underline{a}b",1.5,36.9,15.85,31.00014633276885,-21.261,10.69,10.938,-20.062146332768847,-21.64926938820068,predicted_B,nan,https://irsa.ipac.caltech.edu/data/SPITZER/S4G/galaxies/NGC4548/P4/
NGC4559,188.990207,27.959934,S4G,Sc,SA\underline{B}(s)cd,6.0,64.8,7.53,29.383974881003503,-19.237,9.881,10.283,-19.100974881003502,-19.875034097035822,predicted_B,nan,https://irsa.ipac.caltech.edu/data/SPITZER/S4G/galaxies/NGC4559/P4/
NGC4561,189.03375,19.322878,S4G,SBcd,SB(s)d,7.0,35.1,17.3,31.190230515643975,-18.088,9.421,13.018,-18.172230515643975,-18.777794171176335,predicted_B,nan,https://irsa.ipac.caltech.edu/data/SPITZER/S4G/galaxies/NGC4561/P4/
NGC4567,189.136328,11.257971,S4G,Sbc,SA(rs)bc,4.0,39.4,23.7,31.87374173005052,-20.872,10.535,12.109,-19.764741730050517,-21.28179430656187,predicted_B,nan,https://irsa.ipac.caltech.edu/data/SPITZER/S4G/galaxies/NGC4567/P4/
NGC4568,189.142956,11.238855,S4G,Sbc,"SA(s,nl)b\underline{c}",4.5,67.5,19.13,31.408574850136482,-21.367,10.733,11.689,-19.719574850136482,-21.649855089782076,predicted_B,nan,https://irsa.ipac.caltech.edu/data/SPITZER/S4G/galaxies/NGC4568/P4/
NGC5383,209.270704,41.846198,S4G,Sb,"SB(r\underline{s},nr)\underline{a}b",1.5,42.3,33.94,32.653559189908286,-21.482,10.779,12.222,-20.431559189908285,-21.905146409628447,predicted_B,nan,https://irsa.ipac.caltech.edu/data/SPITZER/S4G/galaxies/NGC5383/P4/
NGC7188,330.870856,-20.317876,S4G,SBbc,(R')SAB(s)b:,3.0,69.1,15.0,30.880456295278407,-17.585,9.22,13.975,-16.905456295278405,-18.095307229390425,predicted_B,nan,https://irsa.ipac.caltech.edu/data/SPITZER/S4G/galaxies/NGC7188/P4/
NGC7191,331.715667,-64.634559,S4G,SABc,(R')SAB(s)b pec,3.0,69.6,36.2,32.79354285266583,-20.028,10.197,13.81,-18.983542852665828,-20.45255257037647,predicted_B,nan,https://irsa.ipac.caltech.edu/data/SPITZER/S4G/galaxies/NGC7191/P4/
NGC7205,332.143063,-57.442622,S4G,Sbc,SA(rs)b\underline{c} pec,4.5,65.6,18.98,31.39148104045637,-20.974,10.576,11.563,-19.828481040456367,-21.374803044507246,predicted_B,nan,https://irsa.ipac.caltech.edu/data/SPITZER/S4G/galaxies/NGC7205/P4/
NGC7213,332.31753,-47.166677,S4G,Sa,"(L)SA(r,l)0^o^ / E1-2",-2.0,39.1,22.0,31.712113404111037,-22.239,11.082,10.985,-20.727113404111037,-22.553706649966095,predicted_B,nan,https://irsa.ipac.caltech.edu/data/SPITZER/S4G/galaxies/NGC7213/P4/
NGC7218,332.548788,-16.660919,S4G,Sc,SB(rs)d,7.0,67.7,22.44,31.75511426292062,-19.971,10.175,12.404,-19.35111426292062,-20.495326851786345,predicted_B,nan,https://irsa.ipac.caltech.edu/data/SPITZER/S4G/galaxies/NGC7218/P4/
NGC7219,333.287444,-64.848971,S4G,SABa,(R_2_')SA(r)0/\underline{a},0.5,58.3,41.17,33.072904334987435,-20.727,10.477,13.344,-19.728904334987433,-21.162447518722047,predicted_B,nan,https://irsa.ipac.caltech.edu/data/SPITZER/S4G/galaxies/NGC7219/P4/
PGC048087,204.270323,-11.829853,S4G,SBd,S\underline{A}B(s)c,5.0,25.6,36.5,32.811464322282376,-19.086,9.821,14.387,-18.424464322282375,-19.600539115736357,predicted_B,nan,https://irsa.ipac.caltech.edu/data/SPITZER/S4G/galaxies/PGC048087/P4/
PGC048179,204.5432,-9.802331,S4G,SBm,SB(r\underline{s})cd,6.0,46.4,22.7,31.780129285965614,-19.326,9.917,12.808,-18.972129285965615,-19.91284038220192,predicted_B,nan,https://irsa.ipac.caltech.edu/data/SPITZER/S4G/galaxies/PGC048179/P4/
PGC050229,211.296845,-3.369809,S4G,Sa,I\underline{A}B(l:)m / Sph,10.0,64.5,21.75,31.687296306453277,-18.252,9.487,14.725,-16.962296306453275,-18.618919632016517,predicted_B,nan,https://irsa.ipac.caltech.edu/data/SPITZER/S4G/galaxies/PGC050229/P4/
PGC051291,215.3427,-3.7588,S4G,Sab,IB(s:)m,10.0,69.3,33.95,32.65419889308261,-17.812,9.311,14.865,-17.789198893082606,-18.476641739874413,predicted_B,nan,https://irsa.ipac.caltech.edu/data/SPITZER/S4G/galaxies/PGC051291/P4/
PGC052460,220.276765,-8.875121,S4G,SABa,SA(s)bc:,4.0,52.4,30.95,32.45330326678068,-18.877,9.737,14.1,-18.353303266780678,-19.423931267693458,predicted_B,nan,https://irsa.ipac.caltech.edu/data/SPITZER/S4G/galaxies/PGC052460/P4/
PGC052853,221.98399,-14.282712,S4G,Sc,SA(s)cd,6.0,42.0,35.27,32.737027298337445,-19.436,9.961,14.31,-18.427027298337443,-19.8688914151093,predicted_B,nan,https://irsa.ipac.caltech.edu/data/SPITZER/S4G/galaxies/PGC052853/P4/
PGC052935,222.3873,-10.16417,S4G,S?,IBm: pec,10.0,58.8,24.57,31.952025782400405,-17.682,9.259,14.165,-17.787025782400406,-18.376681058864094,predicted_B,nan,https://irsa.ipac.caltech.edu/data/SPITZER/S4G/galaxies/PGC052935/P4/
PGC052940,222.377672,-10.175931,S4G,IB,SB(s)m: pec,9.0,66.7,24.1,31.910085212874343,-18.215,9.472,13.383,-18.527085212874344,-18.95834002502547,predicted_B,nan,https://irsa.ipac.caltech.edu/data/SPITZER/S4G/galaxies/PGC052940/P4/
PGC053093,223.043393,-10.740294,S4G,Sb,(R'R')SB(rs)\underline{a}b,1.5,61.8,38.58,32.93181111653933,-20.292,10.303,14.3,-18.63181111653933,-20.571855612386745,predicted_B,nan,https://irsa.ipac.caltech.edu/data/SPITZER/S4G/galaxies/PGC053093/P4/
UGC05740,158.691482,50.768513,S4G,SABm,SAB(s)m,9.0,62.8,18.5,31.33585864201507,-16.566,8.813,15.63,-15.705858642015068,-17.03386678087354,predicted_B,nan,https://irsa.ipac.caltech.edu/data/SPITZER/S4G/galaxies/UGC05740/P4/
UGC05798,159.945774,47.932121,S4G,SBcd,SB:(s:)m: spw / E6,9.0,67.8,32.8,32.5793692185584,-17.804,9.308,14.449,-18.1303692185584,-18.550696766361224,predicted_B,nan,https://irsa.ipac.caltech.edu/data/SPITZER/S4G/galaxies/UGC05798/P4/
UGC05814,160.658854,77.49487,S4G,Sab,(RL)SB0/\underline{a} pec,0.5,60.3,157.6,35.98778106576768,-23.027,11.397,14.876,-21.11178106576768,-23.246923550455406,predicted_B,nan,https://irsa.ipac.caltech.edu/data/SPITZER/S4G/galaxies/UGC05814/P4/
UGC05829,160.6758,34.44885,S4G,I,S/IA\underline{B}(s)m,9.5,24.6,8.0,29.51544993495972,-15.671,8.454,13.728,-15.787449934959719,-16.368365734715532,predicted_B,nan,https://irsa.ipac.caltech.edu/data/SPITZER/S4G/galaxies/UGC05829/P4/
UGC05832,160.701825,13.459817,S4G,Sbc,(R')SB(s)m,9.0,48.2,18.6,31.347564721089583,-17.676,9.256,14.315,-17.032564721089585,-18.194792709456053,predicted_B,nan,https://irsa.ipac.caltech.edu/data/SPITZER/S4G/galaxies/UGC05832/P4/
UGC05841,161.233178,76.688034,S4G,SABc,(R')SB(s)b:,3.0,59.2,25.3,32.01560260587909,-18.123,9.435,14.962,-17.05360260587909,-18.541691612381587,predicted_B,nan,https://irsa.ipac.caltech.edu/data/SPITZER/S4G/galaxies/UGC05841/P4/
UGC06446,171.668553,53.746772,S4G,Scd,SA(s)d,7.0,44.2,16.51,31.08873536631397,-17.078,9.017,13.613,-17.47573536631397,-17.84146781108378,predicted_B,nan,https://irsa.ipac.caltech.edu/data/SPITZER/S4G/galaxies/UGC06446/P4/
UGC06512,172.935955,34.333429,S4G,Sc,SA(s:)0/\underline{a}:,0.5,60.5,25.08,31.99663766079339,-17.027,8.997,15.168,-16.82863766079339,-17.650384850286446,predicted_B,nan,https://irsa.ipac.caltech.edu/data/SPITZER/S4G/galaxies/UGC06512/P4/
UGC06517,173.009968,36.698098,S4G,SBbc,SA(\underline{r}l)b,3.0,56.9,35.9,32.775472242891595,-19.086,9.821,14.124,-18.651472242891593,-19.653885977079522,predicted_B,nan,https://irsa.ipac.caltech.edu/data/SPITZER/S4G/galaxies/UGC06517/P4/
UGC09730,226.011679,77.635137,S4G,Scd,SB(s)c,5.0,43.8,28.52,32.27574760589914,-17.694,9.264,15.598,-16.677747605899143,-18.125180687386298,predicted_B,nan,https://irsa.ipac.caltech.edu/data/SPITZER/S4G/galaxies/UGC09730/P4/
PGC027696,145.460245,-7.330238,DG,SABd,SA(s)cd,6.0,34.7,24.57,31.952025782400405,-16.827,8.917,15.39,-16.562025782400404,-17.467,real,-17.467,https://irsa.ipac.caltech.edu/data/SPITZER/S4G/galaxies/PGC027696/P4/
PGC028195,147.17325,59.26099,DG,Sab,S0$^-$ sp / E(d)6,-3.0,67.0,29.79,32.370352516075215,-17.685,9.26,15.35,-17.020352516075214,-18.23,real,-18.23,https://irsa.ipac.caltech.edu/data/SPITZER/S4G/galaxies/PGC028195/P4/
PGC028253,147.40276,34.43683,DG,Sd,IB(s)m,10.0,67.9,19.79,31.48222897103198,-16.01,8.59,15.9,-15.582228971031979,-16.728,real,-16.728,https://irsa.ipac.caltech.edu/data/SPITZER/S4G/galaxies/PGC028253/P4/
PGC033447,166.110161,11.756147,DG,I,Im?,10.0,63.1,10.3,30.064186123525857,-14.026,7.797,15.97,-14.094186123525857,-14.889,real,-14.889,https://irsa.ipac.caltech.edu/data/SPITZER/S4G/galaxies/PGC033447/P4/
PGC034407,169.144989,18.112683,DG,S0-a,dE4,11.0,60.0,15.25,30.916349218414027,-16.432,8.759,15.43,-15.486349218414027,-16.879772066327295,predicted_B,nan,https://irsa.ipac.caltech.edu/data/SPITZER/S4G/galaxies/PGC034407/P4/
PGC034625,169.835779,-9.862148,DG,SBd,SB(s)d,7.0,48.2,22.66,31.776299527636894,-17.297,9.105,15.17,-16.606299527636892,-17.886,real,-17.886,https://irsa.ipac.caltech.edu/data/SPITZER/S4G/galaxies/PGC034625/P4/
PGC035451,172.57201,58.13396,DG,Sm,SA(s)c,5.0,23.2,19.53,31.453511216439274,-17.084,9.02,14.59,-16.863511216439274,-17.696,real,-17.696,https://irsa.ipac.caltech.edu/data/SPITZER/S4G/galaxies/PGC035451/P4/
PGC035570,173.016913,57.43878,DG,SABd,SAB(s)cd,6.0,32.1,19.5,31.450173056812588,-16.582,8.819,15.6,-15.850173056812588,-17.246,real,-17.246,https://irsa.ipac.caltech.edu/data/SPITZER/S4G/galaxies/PGC035570/P4/
IC1554,8.280705,-32.258373,ETG,S0-a,SA(rs)ab,2.0,63.1,23.25,31.832114786129864,-19.314,9.912,13.808,-18.024114786129864,-19.680876974740517,predicted_B,nan,https://irsa.ipac.caltech.edu/data/SPITZER/S4G/galaxies/IC1554/P4/
IC2039,62.25984,-56.011709,ETG,E-S0,dE1,11.0,39.0,10.92,30.19111319184359,-16.128,8.637,14.99,-15.201113191843591,-16.580181600083243,predicted_B,nan,https://irsa.ipac.caltech.edu/data/SPITZER/S4G/galaxies/IC2039/P4/
IC2041,63.145455,-32.817306,ETG,S0,"dE3,N",11.0,55.7,16.86,31.134287851443617,-17.008,8.989,14.676,-16.458287851443615,-17.548817645089247,predicted_B,nan,https://irsa.ipac.caltech.edu/data/SPITZER/S4G/galaxies/IC2041/P4/
IC3010,181.98882,-30.339356,ETG,S0-a,"SAB(_rs,bl)0^+",-1.0,27.1,20.1,31.515980287102444,-19.839,10.122,13.219,-18.296980287102443,-20.146625367469074,predicted_B,nan,https://irsa.ipac.caltech.edu/data/SPITZER/S4G/galaxies/IC3010/P4/
IC3019,182.342745,13.992431,ETG,E,dE1-2,11.0,59.3,16.53,31.091364267857237,-17.533,9.199,13.976,-17.115364267857238,-18.10485560294645,predicted_B,nan,https://irsa.ipac.caltech.edu/data/SPITZER/S4G/galaxies/IC3019/P4/
IC3065,183.80238,14.43285,ETG,S0,"dE2,N",11.0,53.9,17.15,31.171320621893948,-17.521,9.195,14.389,-16.78232062189395,-18.017410346145077,predicted_B,nan,https://irsa.ipac.caltech.edu/data/SPITZER/S4G/galaxies/IC3065/P4/
IC3131,184.712055,7.861981,ETG,E-S0,"dE0,N",11.0,13.5,20.48,31.556649761518962,-18.003,9.387,14.089,-17.467649761518963,-18.547192693956955,predicted_B,nan,https://irsa.ipac.caltech.edu/data/SPITZER/S4G/galaxies/IC3131/P4/
NGC3953,178.454238,52.326812,S4G,Sbc,"SB(r,bl)b",3.2,62.1,16.59,31.099231930121803,-21.496,10.784,10.485,-20.614231930121804,-21.958784503578624,predicted_B,nan,https://irsa.ipac.caltech.edu/data/SPITZER/S4G/galaxies/NGC3953/P4/
NGC3981,179.031044,-19.895948,S4G,Sbc,SAB_a_(s)bc sp,4.0,52.4,20.71,31.580900494467265,-20.656,10.448,12.154,-19.426900494467265,-21.037161616199807,predicted_B,nan,https://irsa.ipac.caltech.edu/data/SPITZER/S4G/galaxies/NGC3981/P4/
NGC3982,179.117228,55.125274,S4G,SABb,SA(rs)b,3.0,29.9,22.12,31.723925613163303,-20.401,10.346,11.767,-19.956925613163303,-20.966642519093377,predicted_B,nan,https://irsa.ipac.caltech.edu/data/SPITZER/S4G/galaxies/NGC3982/P4/
NGC3985,179.175556,48.334026,S4G,SBm,(R')SA\underline{B}(rs)m,9.0,55.6,14.13,30.75071080924279,-18.098,9.425,13.13,-17.620710809242787,-18.655837040172056,predicted_B,nan,https://irsa.ipac.caltech.edu/data/SPITZER/S4G/galaxies/NGC3985/P4/
NGC3992,179.399826,53.374833,S4G,Sbc,"SB(rs,bl,nb)ab",2.0,47.4,20.6,31.569336101845764,-21.973,10.976,10.463,-21.106336101845763,-22.439333983933754,predicted_B,nan,https://irsa.ipac.caltech.edu/data/SPITZER/S4G/galaxies/NGC3992/P4/
NGC3998,179.483945,55.453504,S4G,S0,SA(r)0^{-/o}^,-2.5,41.4,20.14,31.520297331087995,-21.509,10.79,11.408,-20.112297331087994,-21.85077487280568,predicted_B,nan,https://irsa.ipac.caltech.edu/data/SPITZER/S4G/galaxies/NGC3998/P4/
NGC4519,188.376142,8.654843,S4G,Scd,SA\underline{B}(r\underline{s})c\underline{d},6.5,41.1,22.25,31.736650076584752,-19.676,10.057,12.356,-19.38065007658475,-20.276592767997414,predicted_B,nan,https://irsa.ipac.caltech.edu/data/SPITZER/S4G/galaxies/NGC4519/P4/
NGC4523,188.450136,15.169088,S4G,Sm,SA\underline{B}(s)m,9.0,25.1,16.7,31.11358235573792,-17.342,9.123,14.459,-16.65458235573792,-17.85045685359841,predicted_B,nan,https://irsa.ipac.caltech.edu/data/SPITZER/S4G/galaxies/NGC4523/P4/
NGC4525,188.463079,30.277458,S4G,SBc,(R')SB(s)c\underline{d},6.5,60.6,13.37,30.63065703630992,-17.931,9.359,13.304,-17.326657036309918,-18.45897940353283,predicted_B,nan,https://irsa.ipac.caltech.edu/data/SPITZER/S4G/galaxies/NGC4525/P4/
IC0797,187.978448,15.124148,S4G,Sc,SAB(s)dm: / Sph,8.0,48.0,16.26,31.055602706290244,-17.989,9.382,13.667,-17.388602706290243,-18.517906635978207,predicted_B,nan,https://irsa.ipac.caltech.edu/data/SPITZER/S4G/galaxies/IC0797/P4/
IC0800,188.486212,15.354727,S4G,Sc,(R')SBm [0/a],9.0,44.1,26.6,32.12440818315534,-18.948,9.765,14.137,-17.98740818315534,-19.392260923041505,predicted_B,nan,https://irsa.ipac.caltech.edu/data/SPITZER/S4G/galaxies/IC0800/P4/
IC0863,199.301756,-17.254394,S4G,S0-a,(R')SB(rs)b,3.0,50.5,20.6,31.569336101845764,-18.858,9.729,14.265,-17.304336101845763,-19.162888983933755,predicted_B,nan,https://irsa.ipac.caltech.edu/data/SPITZER/S4G/galaxies/IC0863/P4/
IC1014,217.076777,13.780263,S4G,SABd,SB(\underline{r}s)d\underline{m},8.5,66.0,24.23,31.92176707068753,-18.863,9.731,13.829,-18.09276707068753,-19.35199526161157,predicted_B,nan,https://irsa.ipac.caltech.edu/data/SPITZER/S4G/galaxies/IC1014/P4/
IC1066,223.26199,3.295988,S4G,Sb,SA(s:)\underline{b}c:,3.5,59.8,34.23,32.67203449568938,-19.628,10.038,14.271,-18.40103449568938,-20.009663106487004,predicted_B,nan,https://irsa.ipac.caltech.edu/data/SPITZER/S4G/galaxies/IC1066/P4/
IC1067,223.271914,3.331731,S4G,Sb,"SB(r,bl)a\underline{b}",2.5,37.1,21.13,31.624497485261564,-19.152,9.847,13.623,-18.001497485261567,-19.55163190903647,predicted_B,nan,https://irsa.ipac.caltech.edu/data/SPITZER/S4G/galaxies/IC1067/P4/
IC1125,233.273353,-1.628301,S4G,SBcd,SAB(s)dm,8.0,68.5,31.39,32.48395657850021,-19.28,9.898,14.231,-18.25295657850021,-19.70864479594755,predicted_B,nan,https://irsa.ipac.caltech.edu/data/SPITZER/S4G/galaxies/IC1125/P4/
IC1151,239.634781,17.441499,S4G,SBc,SB(s)d,7.0,69.6,34.74,32.704149070555395,-19.802,10.107,13.454,-19.250149070555395,-20.34231503158052,predicted_B,nan,https://irsa.ipac.caltech.edu/data/SPITZER/S4G/galaxies/IC1151/P4/
IC1158,240.392046,1.707827,S4G,SABc,SAB(r)cd,6.0,62.2,31.6,32.49843541309202,-19.807,10.109,13.834,-18.66443541309202,-20.208497322076624,predicted_B,nan,https://irsa.ipac.caltech.edu/data/SPITZER/S4G/galaxies/IC1158/P4/
IC1251,257.553509,72.410525,S4G,Sc,S/IA\underline{B}(s:)m:,9.5,59.3,17.34,31.195245465700957,-16.917,8.953,14.519,-16.67624546570096,-17.530422684439728,predicted_B,nan,https://irsa.ipac.caltech.edu/data/SPITZER/S4G/galaxies/IC1251/P4/
ESO440-016,177.58266,-28.541994,ETG,S0,SB(s)0^o:,-2.0,53.4,28.39,32.26582696262929,-17.924,9.356,15.36,-16.90582696262929,-18.354729336217883,predicted_B,nan,https://irsa.ipac.caltech.edu/data/SPITZER/S4G/galaxies/ESO440-016/P4/
ESO548-028,52.64991,-17.940914,ETG,S0-a,SAB(rs)ab,2.0,60.0,20.13,31.51921887444327,-18.175,9.456,14.233,-17.286218874443268,-18.63613643549417,predicted_B,nan,https://irsa.ipac.caltech.edu/data/SPITZER/S4G/galaxies/ESO548-028/P4/
PGC042068,189.145775,8.054759,S4G,Sb,"dSA0^o^,N / Sph",11.0,52.5,7.52,29.381089202958208,-15.064,8.212,14.66,-14.721089202958208,-15.65341596269518,predicted_B,nan,https://irsa.ipac.caltech.edu/data/SPITZER/S4G/galaxies/PGC042068/P4/
PGC042160,189.42315,8.5588,S4G,Sm,IA\underline{B}m,10.0,65.5,14.66,30.83066985152555,-16.219,8.674,14.809,-16.02166985152555,-16.842627415108506,predicted_B,nan,https://irsa.ipac.caltech.edu/data/SPITZER/S4G/galaxies/PGC042160/P4/
PGC042868,191.014802,-5.676062,S4G,SABd,SAB(s)\underline{c}d,5.5,26.9,25.4,32.024168583099694,-19.28,9.898,13.032,-18.992168583099694,-19.882359617028428,predicted_B,nan,https://irsa.ipac.caltech.edu/data/SPITZER/S4G/galaxies/PGC042868/P4/
PGC043020,191.42241,-6.069613,S4G,SABm,S\underline{A}B(s)dm,8.0,51.7,18.8,31.370789246318395,-18.578,9.617,13.02,-18.350789246318396,-19.194605472884824,predicted_B,nan,https://irsa.ipac.caltech.edu/data/SPITZER/S4G/galaxies/PGC043020/P4/
UGC05354,149.722582,47.736981,S4G,SABb,(R')SAB(s)d:,7.0,46.8,31.22,32.47216449363199,-18.205,9.468,14.535,-17.937164493631993,-18.81205865600352,predicted_B,nan,https://irsa.ipac.caltech.edu/data/SPITZER/S4G/galaxies/UGC05354/P4/
NGC5426,210.853603,-6.068947,S4G,Sc,SA(r\underline{s})c,5.0,69.7,33.33,32.61417656830265,-20.89,10.542,12.707,-19.907176568302653,-21.329036493551122,predicted_B,nan,https://irsa.ipac.caltech.edu/data/SPITZER/S4G/galaxies/NGC5426/P4/
NGC5427,210.858545,-6.030747,S4G,SABc,SA(r)bc,4.0,25.5,33.75,32.64136888583522,-21.598,10.825,11.96,-20.68136888583522,-22.052591688171276,predicted_B,nan,https://irsa.ipac.caltech.edu/data/SPITZER/S4G/galaxies/NGC5427/P4/
NGC5430,210.190845,59.328712,S4G,SBb,"(R_1_')SB(s,nl)b",3.0,50.2,39.42,32.97858309971712,-21.557,10.809,12.973,-20.00558309971712,-21.862417028433523,predicted_B,nan,https://irsa.ipac.caltech.edu/data/SPITZER/S4G/galaxies/NGC5430/P4/
NGC5448,210.708493,49.172603,S4G,Sa,(R_1_L)SAB_x_(\underline{r}s)a,1.0,64.4,29.31,32.335079092192174,-21.04,10.602,12.121,-20.214079092192172,-21.51590858666516,predicted_B,nan,https://irsa.ipac.caltech.edu/data/SPITZER/S4G/galaxies/NGC5448/P4/
NGC5452,208.604029,78.220897,S4G,SABc,SA(s)b\underline{c},4.5,51.4,33.05,32.5958573191083,-18.714,9.672,14.416,-18.179857319108297,-19.25847646999045,predicted_B,nan,https://irsa.ipac.caltech.edu/data/SPITZER/S4G/galaxies/NGC5452/P4/
NGC5457,210.802231,54.348854,S4G,SABc,S\underline{A}B(rs)c,5.0,16.1,6.64,29.11084039684009,-21.309,10.71,8.359,-20.751840396840088,-21.84806749325742,predicted_B,nan,https://irsa.ipac.caltech.edu/data/SPITZER/S4G/galaxies/NGC5457/P4/
NGC5464,211.768285,-30.017067,S4G,SBm,SB(s)dm,8.0,68.8,33.77,32.64265530317706,-19.342,9.923,13.312,-19.33065530317706,-20.009333996246607,predicted_B,nan,https://irsa.ipac.caltech.edu/data/SPITZER/S4G/galaxies/NGC5464/P4/
NGC3206,155.448521,56.930494,S4G,SBc,SB(s)d,7.0,61.1,17.58,31.225094353688768,-18.319,9.514,13.579,-17.646094353688767,-18.83086717311686,predicted_B,nan,https://irsa.ipac.caltech.edu/data/SPITZER/S4G/galaxies/NGC3206/P4/
NGC3213,155.322371,19.651846,S4G,Sbc,"SA(s)bc / Sph,N",4.0,38.9,33.5,32.62522403518423,-19.297,9.905,14.171,-18.454224035184232,-19.768947648268295,predicted_B,nan,https://irsa.ipac.caltech.edu/data/SPITZER/S4G/galaxies/NGC3213/P4/
NGC3225,156.291394,58.150035,S4G,Sc,S\underline{A}B(s)\underline{c}d,5.5,65.0,39.53,32.98463407171485,-19.785,10.1,13.896,-19.08863407171485,-20.29135400685299,predicted_B,nan,https://irsa.ipac.caltech.edu/data/SPITZER/S4G/galaxies/NGC3225/P4/
NGC3227,155.877396,19.865127,S4G,SABa,SAB_x_(s)a,1.0,68.3,18.75,31.365006360318688,-21.31,10.71,11.546,-19.81900636031869,-21.62961649467489,predicted_B,nan,https://irsa.ipac.caltech.edu/data/SPITZER/S4G/galaxies/NGC3227/P4/
NGC3239,156.27567,17.161338,S4G,IB,SB:(s:)m pec,9.0,46.8,9.71,29.936096149540028,-17.752,9.287,11.668,-18.26809614954003,-18.543282595141907,predicted_B,nan,https://irsa.ipac.caltech.edu/data/SPITZER/S4G/galaxies/NGC3239/P4/
NGC3254,157.333126,29.491723,S4G,Sbc,SA\underline{B}_{xa}_(s:)b,3.0,64.4,29.06,32.316478049810016,-20.797,10.505,12.29,-20.026478049810017,-21.285927341705353,predicted_B,nan,https://irsa.ipac.caltech.edu/data/SPITZER/S4G/galaxies/NGC3254/P4/
NGC3259,158.145202,65.041132,S4G,SABb,SA(r'l)bc,4.0,61.1,29.06,32.316478049810016,-19.694,10.064,13.14,-19.176478049810015,-20.24238234170535,predicted_B,nan,https://irsa.ipac.caltech.edu/data/SPITZER/S4G/galaxies/NGC3259/P4/
NGC4051,180.790072,44.53131,S4G,SABb,SAB(rs)b,3.0,30.2,13.71,30.685187273947562,-20.709,10.47,10.791,-19.894187273947562,-21.187519009377677,predicted_B,nan,https://irsa.ipac.caltech.edu/data/SPITZER/S4G/galaxies/NGC4051/P4/
NGC4067,181.048123,10.85442,S4G,Sb,SB(rs)ab,2.0,45.5,41.15,33.07184919774144,-20.572,10.415,13.204,-19.867849197741442,-21.07652456146924,predicted_B,nan,https://irsa.ipac.caltech.edu/data/SPITZER/S4G/galaxies/NGC4067/P4/
NGC4068,181.007354,52.58772,S4G,I,Im,10.0,61.3,4.59,28.309063427686304,-14.746,8.085,13.073,-15.236063427686304,-15.531164905506282,predicted_B,nan,https://irsa.ipac.caltech.edu/data/SPITZER/S4G/galaxies/NGC4068/P4/
NGC4102,181.596029,52.711082,S4G,SABb,(R')SAB_a_(l)ab,2.0,58.2,19.52,31.45239906665337,-21.197,10.665,12.084,-19.36839906665337,-21.43727878066354,predicted_B,nan,https://irsa.ipac.caltech.edu/data/SPITZER/S4G/galaxies/NGC4102/P4/
NGC4571,189.234933,14.217348,S4G,Sc,SA(r\underline{l})c,5.0,22.1,16.12,31.036825187345357,-20.067,10.213,11.968,-19.068825187345357,-20.50242891902616,predicted_B,nan,https://irsa.ipac.caltech.edu/data/SPITZER/S4G/galaxies/NGC4571/P4/
NGC4579,189.431405,11.818196,S4G,SABb,"(\underline{R}L,R')SB(rs,bl)a",1.0,41.9,18.4,31.324089115047684,-22.19,11.062,10.478,-20.846089115047683,-22.544180942036206,predicted_B,nan,https://irsa.ipac.caltech.edu/data/SPITZER/S4G/galaxies/NGC4579/P4/
NGC4580,189.451589,5.368519,S4G,SABa,"(R)SA(rs,\underline{r}s)a",1.0,50.3,21.37,31.649022610820346,-20.134,10.24,12.716,-18.933022610820345,-20.52177031354278,predicted_B,nan,https://irsa.ipac.caltech.edu/data/SPITZER/S4G/galaxies/NGC4580/P4/
NGC4584,189.57452,13.109937,S4G,Sa,SB(s)0/a[m] pec / Sph,0.0,49.7,22.98,31.806750121761333,-18.714,9.672,13.79,-18.016750121761334,-19.220146278613914,predicted_B,nan,https://irsa.ipac.caltech.edu/data/SPITZER/S4G/galaxies/NGC4584/P4/
NGC4591,189.80188,6.012247,S4G,Sb,SAB(rs)\underline{a}b,1.5,59.9,48.07,33.409370610643236,-20.598,10.426,13.956,-19.453370610643237,-20.99901209350116,predicted_B,nan,https://irsa.ipac.caltech.edu/data/SPITZER/S4G/galaxies/NGC4591/P4/
NGC4593,189.914371,-5.344142,S4G,Sb,"(R')SB(rs,bl,AGN)a",1.0,33.0,34.33,32.67836901712875,-22.171,11.055,12.162,-20.516369017128753,-22.452161719025256,predicted_B,nan,https://irsa.ipac.caltech.edu/data/SPITZER/S4G/galaxies/NGC4593/P4/
NGC4594,189.997622,-11.622993,S4G,Sa,(R)SA(l)0^+^ sp / E(d)1-2,-1.0,59.4,11.22,30.249964284600715,-22.777,11.297,9.154,-21.095964284600715,-23.05195660688117,predicted_B,nan,https://irsa.ipac.caltech.edu/data/SPITZER/S4G/galaxies/NGC4594/P4/
NGC4595,189.966307,15.297742,S4G,SABb,S\underline{A}B(s)\underline{d}m,7.5,52.8,14.12,30.74917348357892,-18.218,9.473,12.925,-17.82417348357892,-18.795450768641047,predicted_B,nan,https://irsa.ipac.caltech.edu/data/SPITZER/S4G/galaxies/NGC4595/P4/
NGC4596,189.983179,10.176125,S4G,S0-a,"(L)SB(rs,bl)\underline{0}/a",-0.5,36.7,13.05,30.578052558371496,-20.633,10.439,11.437,-19.1410525583715,-20.952392351217302,predicted_B,nan,https://irsa.ipac.caltech.edu/data/SPITZER/S4G/galaxies/NGC4596/P4/
UGC09837,230.965334,58.052917,S4G,SABc,SAB(s)\underline{c}d,5.5,23.2,39.5,32.982985478132306,-19.303,9.907,13.825,-19.157985478132307,-19.938921587361094,predicted_B,nan,https://irsa.ipac.caltech.edu/data/SPITZER/S4G/galaxies/UGC09837/P4/
NGC7731,355.371188,3.740011,S4G,SBa,"(R_1_L,R_2_')SAB_a_(r)\underline{a}b",1.5,45.5,31.3,32.47772168773224,-19.189,9.862,14.28,-18.19772168773224,-19.626049596617076,predicted_B,nan,https://irsa.ipac.caltech.edu/data/SPITZER/S4G/galaxies/NGC7731/P4/
NGC7741,355.97641,26.07612,S4G,SBc,(R_2_')SB(s)cd,6.0,50.2,12.64,30.50873536973183,-18.997,9.785,11.818,-18.690735369731833,-19.59502781188698,predicted_B,nan,https://irsa.ipac.caltech.edu/data/SPITZER/S4G/galaxies/NGC7741/P4/
NGC7742,356.065549,10.76707,S4G,Sb,"SA(rl:,r)0^+^",-1.0,16.8,25.78,32.056414565086925,-20.765,10.492,12.286,-19.770414565086924,-21.201272422795427,predicted_B,nan,https://irsa.ipac.caltech.edu/data/SPITZER/S4G/galaxies/NGC7742/P4/
NGC7750,356.657568,3.799891,S4G,SBc,(R')SA(rs)bc,4.0,63.0,29.64,32.359390996536455,-19.767,10.093,13.495,-18.864390996536457,-20.224886884186066,predicted_B,nan,https://irsa.ipac.caltech.edu/data/SPITZER/S4G/galaxies/NGC7750/P4/
NGC7755,356.965579,-30.521935,S4G,Sc,"(R')SAB(rs,nrl)\underline{b}c",3.5,53.7,28.35,32.26276531614462,-20.938,10.561,12.46,-19.802765316144622,-21.341219849293985,predicted_B,nan,https://irsa.ipac.caltech.edu/data/SPITZER/S4G/galaxies/NGC7755/P4/
NGC7757,357.189705,4.171214,S4G,Sc,SAB(s)\underline{c}d pec,5.5,44.0,19.7,31.472331130807966,-18.67,9.654,13.262,-18.210331130807965,-19.231977815739874,predicted_B,nan,https://irsa.ipac.caltech.edu/data/SPITZER/S4G/galaxies/NGC7757/P4/
NGC7764,357.72423,-40.729995,S4G,SBm,SB(s)dm,8.0,47.5,20.5,31.558769305278773,-18.98,9.778,12.632,-18.926769305278775,-19.637490786740514,predicted_B,nan,https://irsa.ipac.caltech.edu/data/SPITZER/S4G/galaxies/NGC7764/P4/
NGC7793,359.457211,-32.591067,S4G,Scd,SA(s)c,5.0,63.6,3.83,27.915993869843113,-18.668,9.653,9.698,-18.217993869843113,-19.23224855941313,predicted_B,nan,https://irsa.ipac.caltech.edu/data/SPITZER/S4G/galaxies/NGC7793/P4/
NGC7798,359.856194,20.749814,S4G,SBc,SAB(s)a\underline{b},2.5,24.3,32.6,32.5660880003397,-20.744,10.484,12.948,-19.618088000339696,-21.14941068007983,predicted_B,nan,https://irsa.ipac.caltech.edu/data/SPITZER/S4G/galaxies/NGC7798/P4/
UGC00882,20.231151,6.574113,S4G,I,I\underline{A}B:(s:)m,10.0,43.5,26.9,32.148761400012035,-16.964,8.972,15.559,-16.589761400012037,-17.546053929002827,predicted_B,nan,https://irsa.ipac.caltech.edu/data/SPITZER/S4G/galaxies/UGC00882/P4/
UGC00941,20.884736,6.960419,S4G,IAB,Im,10.0,48.2,36.6,32.81740542697206,-17.315,9.112,15.609,-17.208405426972057,-17.959950275338436,predicted_B,nan,https://irsa.ipac.caltech.edu/data/SPITZER/S4G/galaxies/UGC00941/P4/
UGC01014,21.598213,6.277794,S4G,SABm,S/IAB:(s:)m,9.5,50.0,28.58,32.28031112227476,-17.366,9.133,15.163,-17.11731112227476,-17.977558113734567,predicted_B,nan,https://irsa.ipac.caltech.edu/data/SPITZER/S4G/galaxies/UGC01014/P4/
UGC01104,23.177167,18.317079,S4G,I,SA(s)d / Sph,7.0,59.0,7.55,29.38973475814594,-15.065,8.212,14.409,-14.98073475814594,-15.715197668164295,predicted_B,nan,https://irsa.ipac.caltech.edu/data/SPITZER/S4G/galaxies/UGC01104/P4/
UGC01112,23.328585,3.070333,S4G,Sc,S/IA\underline{B}(s)m,9.5,65.3,24.84,31.97575795752271,-17.365,9.132,14.944,-17.031757957522707,-17.956688120017834,predicted_B,nan,https://irsa.ipac.caltech.edu/data/SPITZER/S4G/galaxies/UGC01112/P4/
UGC06628,175.02492,45.943173,S4G,SABm,S\underline{A}B(s)m,9.0,33.9,12.34,30.456575798486114,-17.143,9.043,13.218,-17.238575798486114,-17.835460312644237,predicted_B,nan,https://irsa.ipac.caltech.edu/data/SPITZER/S4G/galaxies/UGC06628/P4/
UGC06682,175.78785,59.1058,S4G,SABm,SAB(s)m,9.0,37.6,23.8,31.882884785282563,-17.251,9.086,14.921,-16.961884785282564,-17.853057924541403,predicted_B,nan,https://irsa.ipac.caltech.edu/data/SPITZER/S4G/galaxies/UGC06682/P4/
UGC06713,176.10389,48.835629,S4G,SABm,S/IA(s:)m,9.5,42.4,17.0,31.152244606891372,-16.454,8.768,15.315,-15.837244606891373,-16.979062482619472,predicted_B,nan,https://irsa.ipac.caltech.edu/data/SPITZER/S4G/galaxies/UGC06713/P4/
UGC06780,177.209967,-2.032254,S4G,SABc,SA(s)cd,6.0,53.0,38.77,32.94247900503605,-18.658,9.649,14.785,-18.15747900503605,-19.21037756618347,predicted_B,nan,https://irsa.ipac.caltech.edu/data/SPITZER/S4G/galaxies/UGC06780/P4/
UGC06782,177.2391,23.83766,S4G,I,S/IAB(s:)m,9.5,0.0,9.35,29.85405805436259,-14.666,8.052,15.165,-14.68905805436259,-15.34141864277521,predicted_B,nan,https://irsa.ipac.caltech.edu/data/SPITZER/S4G/galaxies/UGC06782/P4/
UGC09112,213.440827,47.659,DG,Sc,SB(s)d sp / E7-8,7.0,68.9,27.52,32.19824214781737,-17.248,9.086,15.08,-17.11824214781737,-17.843,real,-17.843,https://irsa.ipac.caltech.edu/data/SPITZER/S4G/galaxies/UGC09112/P4/
NGC4531,188.566123,13.075345,S4G,S0-a,(L)SA(\underline{r}s)0/\underline{a},0.5,55.7,15.15,30.902063164191617,-19.468,9.973,12.478,-18.424063164191615,-19.89267484358503,predicted_B,nan,https://irsa.ipac.caltech.edu/data/SPITZER/S4G/galaxies/NGC4531/P4/
NGC4534,188.522751,35.518377,S4G,Sd,SAB(s)m,9.0,62.5,13.29,30.617624904713658,-17.558,9.209,13.148,-17.46962490471366,-18.20723185260771,predicted_B,nan,https://irsa.ipac.caltech.edu/data/SPITZER/S4G/galaxies/NGC4534/P4/
NGC4535,188.584573,8.197976,S4G,Sc,SAB(s)c,5.0,23.8,15.58,30.962837266682726,-21.248,10.685,10.531,-20.431837266682727,-21.72620175767044,predicted_B,nan,https://irsa.ipac.caltech.edu/data/SPITZER/S4G/galaxies/NGC4535/P4/
NGC5350,208.340092,40.363994,S4G,Sbc,SB(\underline{r}s)a\underline{b},2.7,54.1,27.19,32.1720460379375,-20.848,10.526,12.284,-19.8880460379375,-21.29241081891531,predicted_B,nan,https://irsa.ipac.caltech.edu/data/SPITZER/S4G/galaxies/NGC5350/P4/
NGC5360,208.91005,4.98465,S4G,S0-a,Sm: sp /E(d)6,9.0,62.2,22.2,31.731764872253194,-18.145,9.444,14.951,-16.780764872253194,-18.4944047449795,predicted_B,nan,https://irsa.ipac.caltech.edu/data/SPITZER/S4G/galaxies/NGC5360/P4/
NGC5364,209.049954,5.014879,S4G,Sbc,"SA(r,s)\underline{b}c",3.5,67.5,16.2,31.04757507271315,-20.705,10.468,11.191,-19.85657507271315,-21.17562014208759,predicted_B,nan,https://irsa.ipac.caltech.edu/data/SPITZER/S4G/galaxies/NGC5364/P4/
NGC5371,208.916473,40.461737,S4G,Sbc,"SAB(s,nl)b",3.0,54.0,27.1,32.164846454372025,-21.866,10.933,11.279,-20.885846454372025,-22.305663916777426,predicted_B,nan,https://irsa.ipac.caltech.edu/data/SPITZER/S4G/galaxies/NGC5371/P4/
NGC5375,209.233329,29.164339,S4G,SBab,"(R')SB_a_(rs,bl)\underline{a}b",1.5,44.8,39.38,32.9763785590105,-21.218,10.673,12.823,-20.1533785590105,-21.637813961367467,predicted_B,nan,https://irsa.ipac.caltech.edu/data/SPITZER/S4G/galaxies/NGC5375/P4/
NGC5376,208.816764,59.506625,S4G,SABa,SA(rs)\underline{a}b,1.5,54.8,37.37,32.862615489248185,-21.091,10.622,12.983,-19.879615489248184,-21.476324639973324,predicted_B,nan,https://irsa.ipac.caltech.edu/data/SPITZER/S4G/galaxies/NGC5376/P4/
NGC3153,153.210501,12.666621,S4G,Sc,SB(r\underline{s})c\underline{d},6.5,60.6,37.2,32.85271469940949,-19.753,10.087,13.926,-18.926714699409487,-20.22882295436123,predicted_B,nan,https://irsa.ipac.caltech.edu/data/SPITZER/S4G/galaxies/NGC3153/P4/
NGC3155,154.415912,74.347523,S4G,Sbc,SB(s)b,3.0,61.3,51.4,33.554815594976375,-20.095,10.224,14.099,-19.455815594976375,-20.614791664819446,predicted_B,nan,https://irsa.ipac.caltech.edu/data/SPITZER/S4G/galaxies/NGC3155/P4/
NGC3162,153.381615,22.737555,S4G,SABc,SA(s)b\underline{c},4.5,37.1,22.05,31.717042969019282,-19.936,10.16,12.288,-19.42904296901928,-20.48686509771953,predicted_B,nan,https://irsa.ipac.caltech.edu/data/SPITZER/S4G/galaxies/NGC3162/P4/
NGC3166,153.440425,3.424893,S4G,S0-a,(R\underline{L})SA\underline{B}_a_(r\underline{l}),-1.0,56.1,22.0,31.712113404111037,-21.857,10.929,11.421,-20.291113404111037,-22.159016649966095,predicted_B,nan,https://irsa.ipac.caltech.edu/data/SPITZER/S4G/galaxies/NGC3166/P4/
NGC3169,153.562655,3.466118,S4G,Sa,SA(r\underline{s})\underline{a}b: pec,1.5,56.8,22.5,31.760912590556813,-22.035,11.0,11.253,-20.507912590556813,-22.346134458780853,predicted_B,nan,https://irsa.ipac.caltech.edu/data/SPITZER/S4G/galaxies/NGC3169/P4/
NGC3177,154.142299,21.123063,S4G,Sb,(R')SA(rs)a\underline{b},2.5,41.6,27.72,32.213966129698846,-20.61,10.43,13.007,-19.20696612969885,-20.95028704047923,predicted_B,nan,https://irsa.ipac.caltech.edu/data/SPITZER/S4G/galaxies/NGC3177/P4/
NGC3182,154.8876,58.20573,S4G,Sa,SA(\underline{r}l)0^{o/+}^,-1.5,36.5,28.14,32.246620465493635,-20.171,10.255,13.071,-19.175620465493637,-20.607085809391005,predicted_B,nan,https://irsa.ipac.caltech.edu/data/SPITZER/S4G/galaxies/NGC3182/P4/
NGC3184,154.570424,41.424342,S4G,SABc,SA(rs)bc,4.0,14.4,12.27,30.444222813635022,-20.767,10.493,10.411,-20.03322281363502,-21.26456236120423,predicted_B,nan,https://irsa.ipac.caltech.edu/data/SPITZER/S4G/galaxies/NGC3184/P4/
NGC3185,154.410705,21.688247,S4G,Sa,"(RL)SAB_{ax}_(\underline{r}s,bl)0/\underline{a}",0.5,60.1,23.04,31.81241237375587,-20.028,10.197,12.938,-18.874412373755867,-20.426906907832628,predicted_B,nan,https://irsa.ipac.caltech.edu/data/SPITZER/S4G/galaxies/NGC3185/P4/
NGC4020,179.736,30.41247,S4G,SBcd,SAB(s)\underline{d}m,7.5,65.6,13.16,30.59627944638968,-17.823,9.315,13.336,-17.26027944638968,-18.360760669901577,predicted_B,nan,https://irsa.ipac.caltech.edu/data/SPITZER/S4G/galaxies/NGC4020/P4/
NGC4027,179.87611,-19.2653,S4G,SBd,(R')SB(r\underline{s})dm,8.0,42.3,12.24,30.43890708904771,-19.642,10.043,11.58,-18.85890708904771,-20.12797316592621,predicted_B,nan,https://irsa.ipac.caltech.edu/data/SPITZER/S4G/galaxies/NGC4027/P4/
NGC4030,180.098393,-1.100035,S4G,Sbc,SA(r\underline{s})bc,4.0,47.1,21.92,31.704202749061658,-21.867,10.933,11.232,-20.47220274906166,-22.20922264602949,predicted_B,nan,https://irsa.ipac.caltech.edu/data/SPITZER/S4G/galaxies/NGC4030/P4/
NGC4032,180.136876,20.073961,S4G,I,SA(s)d,7.0,42.8,17.01,31.153521568062843,-18.296,9.505,12.859,-18.29452156806284,-18.965652568494768,predicted_B,nan,https://irsa.ipac.caltech.edu/data/SPITZER/S4G/galaxies/NGC4032/P4/
NGC4034,180.373847,69.324021,S4G,Sc,SB(s)b:,3.0,54.0,34.02,32.65867154638275,-18.866,9.733,14.597,-18.061671546382748,-19.346982813399947,predicted_B,nan,https://irsa.ipac.caltech.edu/data/SPITZER/S4G/galaxies/NGC4034/P4/
NGC4037,180.348636,13.401076,S4G,Sb,SAB(rs)\underline{b}c:,3.5,22.0,11.39,30.282618620395503,-17.924,9.356,13.408,-16.874618620395502,-18.347395375792942,predicted_B,nan,https://irsa.ipac.caltech.edu/data/SPITZER/S4G/galaxies/NGC4037/P4/
NGC4038,180.47088,-18.867559,S4G,SBm,"Pec (merger, tails)",0.0,51.9,21.06,31.61729183424734,-21.987,10.981,10.85,-20.767291834247338,-22.370368581048123,predicted_B,nan,https://irsa.ipac.caltech.edu/data/SPITZER/S4G/galaxies/NGC4038/P4/
NGC4041,180.551016,62.137293,S4G,Sbc,SA(rs)c,5.0,22.0,31.2,32.47077297009221,-21.684,10.86,11.646,-20.824772970092212,-22.15208164797167,predicted_B,nan,https://irsa.ipac.caltech.edu/data/SPITZER/S4G/galaxies/NGC4041/P4/
NGC4045,180.676005,1.976741,S4G,SABa,"(R_1_'L)SAB(\underline{r}s,nl)ab",2.0,55.9,30.73,32.437812801281886,-21.188,10.661,12.725,-19.712812801281885,-21.51133100830124,predicted_B,nan,https://irsa.ipac.caltech.edu/data/SPITZER/S4G/galaxies/NGC4045/P4/
NGC4049,180.7269,18.75216,S4G,Sd,SB(s)m: sp pec / Sph,9.0,59.4,11.08,30.222698801962053,-16.365,8.732,14.341,-15.881698801962054,-16.92142421846108,predicted_B,nan,https://irsa.ipac.caltech.edu/data/SPITZER/S4G/galaxies/NGC4049/P4/
NGC4050,180.724783,-16.373602,S4G,Sab,(RL)SAB(\underline{r}s)a,1.0,54.6,31.56,32.49568497268692,-21.242,10.683,13.04,-19.455684972686917,-21.492215968581426,predicted_B,nan,https://irsa.ipac.caltech.edu/data/SPITZER/S4G/galaxies/NGC4050/P4/
UGC05364,149.858925,30.747503,S4G,IB,dIm,10.0,60.3,1.28,25.536049848239344,-11.522,6.795,13.069,-12.467049848239343,-12.414086714336246,predicted_B,nan,https://irsa.ipac.caltech.edu/data/SPITZER/S4G/galaxies/UGC05364/P4/
UGC05373,150.00042,5.33222,S4G,IB,dE4 / dSph,11.0,59.1,1.56,25.965622991772307,-13.637,7.641,11.916,-14.049622991772306,-14.403966403066493,predicted_B,nan,https://irsa.ipac.caltech.edu/data/SPITZER/S4G/galaxies/UGC05373/P4/
UGC05393,150.425423,33.13638,S4G,Sd,(R')SA\underline{B}(s)d\underline{m},8.5,68.8,25.53,32.03525407402125,-17.469,9.174,14.86,-17.175254074021254,-18.069969707394996,predicted_B,nan,https://irsa.ipac.caltech.edu/data/SPITZER/S4G/galaxies/UGC05393/P4/
UGC08041,193.802651,0.116778,S4G,SBcd,SAB(s)c,5.0,54.0,15.29,30.922037427061603,-18.266,9.493,13.539,-17.383037427061602,-18.728503795359476,predicted_B,nan,https://irsa.ipac.caltech.edu/data/SPITZER/S4G/galaxies/UGC08041/P4/
UGC08042,193.79295,7.917953,S4G,Sbc,SBd:,7.0,56.1,35.69,32.7627327397783,-17.925,9.356,15.328,-17.4347327397783,-18.4797871938479,predicted_B,nan,https://irsa.ipac.caltech.edu/data/SPITZER/S4G/galaxies/UGC08042/P4/
UGC08053,193.954686,4.013985,S4G,SABd,SA\underline{B}(s)d\underline{m},8.5,51.6,18.85,31.37655677270906,-16.575,8.816,15.252,-16.124556772709056,-17.13914584158663,predicted_B,nan,https://irsa.ipac.caltech.edu/data/SPITZER/S4G/galaxies/UGC08053/P4/
UGC08056,194.082737,10.188733,S4G,SBc,SB(s)d,7.0,57.8,38.8,32.944158627971035,-17.849,9.326,15.328,-17.616158627971036,-18.464282277573194,predicted_B,nan,https://irsa.ipac.caltech.edu/data/SPITZER/S4G/galaxies/UGC08056/P4/
UGC08084,194.593312,2.792704,S4G,SBd,(R'L)SB(s)m,9.0,39.4,35.8,32.769415133219375,-18.341,9.523,14.523,-18.246415133219376,-18.988772556306554,predicted_B,nan,https://irsa.ipac.caltech.edu/data/SPITZER/S4G/galaxies/UGC08084/P4/
UGC08153,195.774719,3.991911,S4G,Scd,S\underline{A}B(s:)d:,7.0,10.2,42.3,33.13170183687521,-18.541,9.603,15.303,-17.828701836875208,-19.043609931665674,predicted_B,nan,https://irsa.ipac.caltech.edu/data/SPITZER/S4G/galaxies/UGC08153/P4/
UGC08155,195.811197,7.802216,S4G,Sab,(R'R')SA(s)a,1.0,35.3,39.29,32.97141014405903,-19.722,10.075,14.646,-18.325410144059028,-20.06380138385387,predicted_B,nan,https://irsa.ipac.caltech.edu/data/SPITZER/S4G/galaxies/UGC08155/P4/
NGC6412,262.405506,75.704463,S4G,SABc,SB(rs)cd,6.0,31.1,15.28,30.920616771198354,-19.103,9.827,12.376,-18.544616771198356,-19.641779941231615,predicted_B,nan,https://irsa.ipac.caltech.edu/data/SPITZER/S4G/galaxies/NGC6412/P4/
NGC6434,264.20312,72.088927,S4G,Sbc,(R'L)SAB_a_(rs)b,3.0,69.4,39.45,32.9802350377272,-20.423,10.355,13.018,-19.962235037727197,-20.98472023386589,predicted_B,nan,https://irsa.ipac.caltech.edu/data/SPITZER/S4G/galaxies/NGC6434/P4/
NGC6889,304.721395,-53.956999,S4G,SBbc,(R')SA\underline{B}(rs)\underline{b}c: pec,3.5,53.1,35.33,32.74071818717423,-19.557,10.009,13.71,-19.03071818717423,-20.10332377398594,predicted_B,nan,https://irsa.ipac.caltech.edu/data/SPITZER/S4G/galaxies/NGC6889/P4/
NGC6902,306.116884,-43.653433,S4G,SBab,"(R')S\underline{A}B(\underline{r}s,nl)\underline{a",1.5,40.2,36.79,32.828648939155634,-21.529,10.798,11.979,-20.849648939155635,-22.039352500701575,predicted_B,nan,https://irsa.ipac.caltech.edu/data/SPITZER/S4G/galaxies/NGC6902/P4/
NGC6902B,305.779267,-43.868594,S4G,SABc,SAB(s)d,7.0,25.0,38.2,32.91031681455854,-18.891,9.743,14.258,-18.652316814558542,-19.504909451421256,predicted_B,nan,https://irsa.ipac.caltech.edu/data/SPITZER/S4G/galaxies/NGC6902B/P4/
NGC6923,307.912738,-30.831836,S4G,SBb,SAB(r\underline{l})\underline{b}c,3.5,64.5,33.5,32.62522403518423,-21.325,10.716,12.737,-19.88822403518423,-21.657357648268295,predicted_B,nan,https://irsa.ipac.caltech.edu/data/SPITZER/S4G/galaxies/NGC6923/P4/
NGC7051,319.96385,-8.782951,S4G,Sa,(R_1_')SAB_a_(rs)b,3.0,45.5,26.4,32.108019634349155,-20.201,10.267,13.805,-18.303019634349155,-20.424974614072053,predicted_B,nan,https://irsa.ipac.caltech.edu/data/SPITZER/S4G/galaxies/NGC7051/P4/
PGC006626,27.107385,-12.381307,S4G,I,SA\underline{B}(rs)cd,6.0,44.4,19.8,31.483325951307656,-17.654,9.248,13.723,-17.760325951307657,-18.3489865985573,predicted_B,nan,https://irsa.ipac.caltech.edu/data/SPITZER/S4G/galaxies/PGC006626/P4/
PGC006667,27.293099,-10.061373,S4G,Scd,SA\underline{B}(s)\underline{d}m,7.5,38.0,24.6,31.9546755355169,-18.976,9.777,14.32,-17.634675535516898,-19.33078875084647,predicted_B,nan,https://irsa.ipac.caltech.edu/data/SPITZER/S4G/galaxies/PGC006667/P4/
PGC006706,27.417532,-12.824585,S4G,SBm,IAm / Sph,10.0,43.2,21.0,31.611096473669598,-16.513,8.791,15.115,-16.496096473669596,-17.179027671312355,predicted_B,nan,https://irsa.ipac.caltech.edu/data/SPITZER/S4G/galaxies/PGC006706/P4/
PGC007109,28.72001,-13.65393,S4G,Sm,SA(rs)bc: / Sph,4.0,49.6,25.64,32.044590104233905,-18.079,9.418,14.507,-17.537590104233907,-18.62176867449497,predicted_B,nan,https://irsa.ipac.caltech.edu/data/SPITZER/S4G/galaxies/PGC007109/P4/
PGC007654,30.22911,-8.84088,S4G,IB,dIABm / Sph,10.0,46.8,21.53,31.66522014911743,-16.495,8.784,15.384,-16.28122014911743,-17.114761735042595,predicted_B,nan,https://irsa.ipac.caltech.edu/data/SPITZER/S4G/galaxies/PGC007654/P4/
UGC09285,217.266112,3.149017,DG,SBc,Sd sp / E(d)6-7,7.0,68.2,25.05,31.994038651016325,-17.422,9.155,15.22,-16.774038651016326,-17.998,real,-17.998,https://irsa.ipac.caltech.edu/data/SPITZER/S4G/galaxies/UGC09285/P4/
UGC09405,218.852153,57.2544,DG,I,dIm (dSph),10.0,46.7,6.33,29.007018550086777,-15.966,8.573,15.39,-13.617018550086776,-16.08398935927039,predicted_B,nan,https://irsa.ipac.caltech.edu/data/SPITZER/S4G/galaxies/UGC09405/P4/
UGC09432,219.767962,2.949672,DG,I,SAB(s)m,9.0,48.3,26.7,32.13255630682288,-16.646,8.844,15.49,-16.642556306822875,-17.304,real,-17.304,https://irsa.ipac.caltech.edu/data/SPITZER/S4G/galaxies/UGC09432/P4/
UGC09504,221.36685,31.43311,DG,I,dIm,10.0,61.9,20.39,31.547086128890697,-16.056,8.608,15.3,-16.247086128890697,-16.769,real,-16.769,https://irsa.ipac.caltech.edu/data/SPITZER/S4G/galaxies/UGC09504/P4/
UGC09741,227.13942,52.29616,DG,SBbc,(L)SB(\underline{r}s)ab,2.0,27.6,33.24,32.60830507556037,-18.874,9.736,14.13,-18.478305075560364,-19.268,real,-19.268,https://irsa.ipac.caltech.edu/data/SPITZER/S4G/galaxies/UGC09741/P4/
NGC4119,182.040015,10.378904,ETG,S0-a,(RL)SA(l)0^o,-2.0,53.2,10.67,30.140822097122346,-18.99,9.782,12.326,-17.814822097122345,-19.38383319282375,predicted_B,nan,https://irsa.ipac.caltech.edu/data/SPITZER/S4G/galaxies/NGC4119/P4/
NGC4143,182.400285,42.534183,ETG,S0,SAB0^-,-3.0,68.3,21.57,31.669250725512725,-21.102,10.627,11.832,-19.837250725512725,-21.47478392049549,predicted_B,nan,https://irsa.ipac.caltech.edu/data/SPITZER/S4G/galaxies/NGC4143/P4/
NGC4221,183.999495,66.230837,ETG,S0-a,"(R)SAB(r,bl)0^+",-1.0,56.7,17.59,31.226329197287306,-19.519,9.994,13.32,-17.906329197287306,-19.810022361362517,predicted_B,nan,https://irsa.ipac.caltech.edu/data/SPITZER/S4G/galaxies/NGC4221/P4/
NGC4240,184.351455,-9.951597,ETG,E,(L)SA(l)0^-,-3.0,37.1,26.67,32.13011507844938,-20.147,10.245,14.272,-17.85811507844938,-20.279112043435603,predicted_B,nan,https://irsa.ipac.caltech.edu/data/SPITZER/S4G/galaxies/NGC4240/P4/
PGC047770,203.45859,-12.130569,ETG,E-S0,(L)SB(bl)0^o,-2.0,48.0,32.58,32.564755399862456,-19.951,10.167,14.345,-18.219755399862457,-20.214157518967678,predicted_B,nan,https://irsa.ipac.caltech.edu/data/SPITZER/S4G/galaxies/PGC047770/P4/
PGC053654,225.366375,-14.313394,ETG,E,(RPL)S_AB0^+,-1.0,46.5,38.2,32.91031681455854,-20.011,10.191,14.697,-18.213316814558542,-20.25854445142126,predicted_B,nan,https://irsa.ipac.caltech.edu/data/SPITZER/S4G/galaxies/PGC053654/P4/
PGC068401,333.76068,-11.5165,ETG,S0-a,SA(rs)ab / E(d)2,2.0,65.8,37.45,32.86725911017743,-19.879,10.138,14.622,-18.24525911017743,-20.1650708908917,predicted_B,nan,https://irsa.ipac.caltech.edu/data/SPITZER/S4G/galaxies/PGC068401/P4/
PGC068743,335.91327,-3.431568,ETG,S0,SAB0^-,-3.0,59.9,39.8,32.99941536036844,-21.193,10.664,13.88,-19.119415360368436,-21.375707609686582,predicted_B,nan,https://irsa.ipac.caltech.edu/data/SPITZER/S4G/galaxies/PGC068743/P4/
NGC4218,183.94334,48.131,DG,SABa,IAB(s)m,10.0,44.5,17.67,31.236182747533817,-17.98,9.378,13.45,-17.786182747533818,-18.489,real,-18.489,https://irsa.ipac.caltech.edu/data/SPITZER/S4G/galaxies/NGC4218/P4/
NGC4300,185.422663,5.38484,DG,Sa,SA(r)0$^+$,-1.0,63.2,30.44,32.417223240492675,-20.392,10.343,13.36,-19.057223240492675,-20.558,real,-20.558,https://irsa.ipac.caltech.edu/data/SPITZER/S4G/galaxies/NGC4300/P4/
NGC4305,185.514891,12.741804,DG,Sa,SAB(s)a,1.0,60.1,25.74,32.05304271284184,-19.733,10.079,13.31,-18.743042712841834,-20.17036003751783,predicted_B,nan,https://irsa.ipac.caltech.edu/data/SPITZER/S4G/galaxies/NGC4305/P4/
NGC4332,185.694631,65.84379,DG,SBa,(R$^{\prime}$)SA\underline{B}(s)a,1.0,44.1,37.15,32.849794090482966,-21.105,10.628,13.22,-19.629794090482967,-21.151,real,-21.151,https://irsa.ipac.caltech.edu/data/SPITZER/S4G/galaxies/NGC4332/P4/
NGC4431,186.86405,12.290333,DG,S0,SAB0$^\textrm{o}$,-2.0,55.9,14.93,30.870299038625127,-17.966,9.373,13.82,-17.050299038625127,-18.420810274076906,predicted_B,nan,https://irsa.ipac.caltech.edu/data/SPITZER/S4G/galaxies/NGC4431/P4/
NGC4433,186.910655,-8.278294,DG,SABa,(R$^{\prime}$L)SAB(rs)b,3.0,68.4,39.94,33.00704030267342,-20.849,10.526,13.23,-19.777040302673417,-20.94,real,-20.94,https://irsa.ipac.caltech.edu/data/SPITZER/S4G/galaxies/NGC4433/P4/
NGC4440,186.973135,12.293333,DG,Sa,"SB$_\textrm{a}$(r\underline{s},bl)a",1.0,38.3,17.3,31.190230515643975,-19.77,10.094,12.79,-18.400230515643976,-20.035,real,-20.035,https://irsa.ipac.caltech.edu/data/SPITZER/S4G/galaxies/NGC4440/P4/
NGC4474,187.473065,14.0686,DG,S0,S0$^\textrm{o}$ sp / E(d)2-3,-2.0,55.0,15.28,30.920616771198354,-19.695,10.064,12.44,-18.480616771198356,-19.97,real,-19.97,https://irsa.ipac.caltech.edu/data/SPITZER/S4G/galaxies/NGC4474/P4/
NGC4481,187.452701,64.0331,DG,Sab,SA(rs)bc:,4.0,38.3,31.56,32.49568497268692,-18.726,9.676,14.76,-17.73568497268692,-19.139,real,-19.139,https://irsa.ipac.caltech.edu/data/SPITZER/S4G/galaxies/NGC4481/P4/
NGC4500,187.842066,57.964675,DG,Sa,"(R$_1^{\prime}$)SAB(\underline{r}s,nl)ab",2.0,58.6,38.96,32.95309474103289,-21.0,10.586,13.12,-19.833094741032895,-21.39577726414273,predicted_B,nan,https://irsa.ipac.caltech.edu/data/SPITZER/S4G/galaxies/NGC4500/P4/
UGC01981,37.57155,0.9378,S4G,IB,dIm,10.0,24.9,20.17,31.523529491063826,-16.163,8.651,15.4,-16.123529491063827,-16.8237244304,predicted_B,nan,https://irsa.ipac.caltech.edu/data/SPITZER/S4G/galaxies/UGC01981/P4/
UGC02081,39.004002,0.420222,S4G,SABc,SA(s)bc:,4.0,57.4,43.25,33.17993055900417,-18.907,9.749,15.02,-18.15993055900417,-19.40143868136598,predicted_B,nan,https://irsa.ipac.caltech.edu/data/SPITZER/S4G/galaxies/UGC02081/P4/
UGC02275,41.99085,3.8855,S4G,Sm,Im,10.0,27.1,13.1,30.586356478278823,-15.966,8.573,13.669,-16.917356478278823,-16.859568772395523,predicted_B,nan,https://irsa.ipac.caltech.edu/data/SPITZER/S4G/galaxies/UGC02275/P4/
UGC02302,42.28608,2.127514,S4G,Sm,SB(s)m,9.0,20.0,14.0,30.73064017839119,-16.557,8.809,14.01,-16.720640178391193,-17.26545544192193,predicted_B,nan,https://irsa.ipac.caltech.edu/data/SPITZER/S4G/galaxies/UGC02302/P4/
UGC02345,42.9696,-1.1721,S4G,Sm,SB(s)m,9.0,0.0,15.33,30.92771077427188,-16.397,8.745,14.304,-16.623710774271878,-17.12027703195389,predicted_B,nan,https://irsa.ipac.caltech.edu/data/SPITZER/S4G/galaxies/UGC02345/P4/
UGC02443,44.589513,-2.041908,S4G,Sc,SA(s)bc,4.0,62.4,35.29,32.738258291799845,-19.183,9.86,14.48,-18.258258291799844,-19.635685698572964,predicted_B,nan,https://irsa.ipac.caltech.edu/data/SPITZER/S4G/galaxies/UGC02443/P4/
UGC03070,67.748556,-2.003287,S4G,SABb,SAB(s)d\underline{m},8.5,64.0,29.74,32.36670482092968,-17.914,9.352,14.846,-17.520704820929677,-18.491575632918476,predicted_B,nan,https://irsa.ipac.caltech.edu/data/SPITZER/S4G/galaxies/UGC03070/P4/
UGC04024,117.138625,62.207304,S4G,SBc,SA(s:)bc: sp,4.0,68.9,34.23,32.67203449568938,-18.551,9.607,14.826,-17.84603449568938,-19.055333106487005,predicted_B,nan,https://irsa.ipac.caltech.edu/data/SPITZER/S4G/galaxies/UGC04024/P4/
UGC06930,179.322523,49.283257,S4G,Scd,SB(s)\underline{d}m,7.5,25.2,11.35,30.274979307645708,-17.827,9.317,12.721,-17.553979307645708,-18.432840137296743,predicted_B,nan,https://irsa.ipac.caltech.edu/data/SPITZER/S4G/galaxies/UGC06930/P4/
UGC06931,179.35463,57.930134,S4G,SBm,IA\underline{B}(s)m,10.0,57.3,17.6,31.22756333907075,-16.768,8.894,14.701,-16.526563339070748,-17.381262384681627,predicted_B,nan,https://irsa.ipac.caltech.edu/data/SPITZER/S4G/galaxies/UGC06931/P4/
UGC06956,179.6067,50.91703,S4G,SBm,SB(s)d\underline{m}:,8.5,15.9,17.0,31.152244606891372,-16.404,8.748,14.993,-16.15924460689137,-17.016482482619473,predicted_B,nan,https://irsa.ipac.caltech.edu/data/SPITZER/S4G/galaxies/UGC06956/P4/
UGC06983,179.789915,52.707563,S4G,SBc,(R_d_)SB(r\underline{s})d pec,7.0,37.4,19.63,31.46460149800003,-18.219,9.474,13.296,-18.16860149800003,-18.877156352030006,predicted_B,nan,https://irsa.ipac.caltech.edu/data/SPITZER/S4G/galaxies/UGC06983/P4/
UGC07053,181.084428,-1.530585,S4G,I,dIAm,10.0,24.4,25.9,32.06649882040626,-16.369,8.734,15.47,-16.59649882040626,-17.092462222795472,predicted_B,nan,https://irsa.ipac.caltech.edu/data/SPITZER/S4G/galaxies/UGC07053/P4/
UGC10721,257.10657,25.517354,S4G,Sc,SA(s)bc,4.0,55.9,48.75,33.439873100172775,-20.504,10.388,14.138,-19.301873100172777,-20.891500178540603,predicted_B,nan,https://irsa.ipac.caltech.edu/data/SPITZER/S4G/galaxies/UGC10721/P4/
UGC10791,258.660843,72.398633,S4G,SABm,SA\underline{B}(r\underline{s})c\underline{d},6.5,0.0,34.05,32.66058558124402,-18.286,9.5,15.333,-17.327585581244023,-18.730772611592347,predicted_B,nan,https://irsa.ipac.caltech.edu/data/SPITZER/S4G/galaxies/UGC10791/P4/
UGC10803,259.022033,73.436264,S4G,S0-a,SA(r\underline{s})b:,3.0,52.3,16.79,31.125253480690247,-18.624,9.636,12.779,-18.346253480690248,-19.22872956796221,predicted_B,nan,https://irsa.ipac.caltech.edu/data/SPITZER/S4G/galaxies/UGC10803/P4/
UGC10854,261.1931,58.205666,S4G,Sc,SAB(s)m,9.0,64.1,40.55,33.03995429273587,-17.53,9.198,15.81,-17.22995429273587,-18.12948925879293,predicted_B,nan,https://irsa.ipac.caltech.edu/data/SPITZER/S4G/galaxies/UGC10854/P4/
UGC11782,324.540105,8.961989,S4G,SBm,S/IB(s)m,9.5,61.5,16.23,31.051592599131162,-16.926,8.957,15.117,-15.934592599131161,-17.36301926079582,predicted_B,nan,https://irsa.ipac.caltech.edu/data/SPITZER/S4G/galaxies/UGC11782/P4/
UGC12151,340.391178,0.400582,S4G,IB,SB(rs)d,7.0,51.4,23.25,31.832114786129864,-17.69,9.262,15.321,-16.511114786129866,-18.08296197474052,predicted_B,nan,https://irsa.ipac.caltech.edu/data/SPITZER/S4G/galaxies/UGC12151/P4/
PGC009559,37.672486,-3.81159,S4G,SBd,SA(s)d\underline{m}:,8.5,54.3,20.2,31.526756847233116,-17.307,9.109,15.49,-16.036756847233114,-17.67849285909978,predicted_B,nan,https://irsa.ipac.caltech.edu/data/SPITZER/S4G/galaxies/PGC009559/P4/
PGC010813,42.768814,4.45399,S4G,Sc,Im / Sph,10.0,58.6,12.6,30.50185272558781,-14.825,8.116,15.321,-15.18085272558781,-15.578625390513135,predicted_B,nan,https://irsa.ipac.caltech.edu/data/SPITZER/S4G/galaxies/PGC010813/P4/
PGC011248,44.600852,-4.295553,S4G,SBc,SB(rs)d,7.0,67.5,24.3,31.928031367991558,-18.512,9.591,14.26,-17.66803136799156,-18.983667371478017,predicted_B,nan,https://irsa.ipac.caltech.edu/data/SPITZER/S4G/galaxies/PGC011248/P4/
PGC011367,45.13228,-15.736181,S4G,Scd,SA(s)b,3.0,32.3,21.06,31.61729183424734,-18.683,9.659,13.585,-18.03229183424734,-19.200083581048126,predicted_B,nan,https://irsa.ipac.caltech.edu/data/SPITZER/S4G/galaxies/PGC011367/P4/
PGC011677,46.76916,-14.00349,S4G,Sm,SAB(s)dm,8.0,68.1,18.3,31.312255448652152,-16.995,8.984,16.02,-15.292255448652153,-17.264855030433257,predicted_B,nan,https://irsa.ipac.caltech.edu/data/SPITZER/S4G/galaxies/PGC011677/P4/
PGC011744,47.078971,-13.902973,S4G,Sa,SB(s:)d\underline{m}: pec / Sph,8.5,69.5,10.2,30.04300085880959,-16.191,8.663,14.625,-15.418000858809592,-16.679345201820254,predicted_B,nan,https://irsa.ipac.caltech.edu/data/SPITZER/S4G/galaxies/PGC011744/P4/
PGC012068,48.659276,-4.774324,S4G,IB,SB(s)d\underline{m},8.5,45.3,27.6,32.204545410326084,-17.999,9.386,14.197,-18.007545410326085,-18.671008171426628,predicted_B,nan,https://irsa.ipac.caltech.edu/data/SPITZER/S4G/galaxies/PGC012068/P4/
NGC4336,185.874353,19.42692,S4G,S0-a,SAB(r)\underline{0}/a,-0.5,66.7,13.95,30.722871038048083,-18.192,9.463,13.428,-17.294871038048083,-18.6511746939413,predicted_B,nan,https://irsa.ipac.caltech.edu/data/SPITZER/S4G/galaxies/NGC4336/P4/
NGC4343,185.911213,6.954054,S4G,Sb,(R')SAB_x_(r)0/\underline{a} sp / E2,0.5,0.0,27.36,32.18558046524039,-20.623,10.435,13.754,-18.431580465240394,-20.778016409331492,predicted_B,nan,https://irsa.ipac.caltech.edu/data/SPITZER/S4G/galaxies/NGC4343/P4/
NGC4344,185.906052,17.540928,S4G,S0,SA(r)0^+^[c] / Sph,-1.0,17.1,11.5,30.30348920176806,-17.584,9.22,13.264,-17.03948920176806,-18.126039962415494,predicted_B,nan,https://irsa.ipac.caltech.edu/data/SPITZER/S4G/galaxies/NGC4344/P4/
NGC4351,186.006393,12.204898,S4G,SBab,"(RL,R')SAB(s)dm",8.0,37.4,21.46,31.658148588149658,-19.084,9.82,12.903,-18.75514858814966,-19.67671991821517,predicted_B,nan,https://irsa.ipac.caltech.edu/data/SPITZER/S4G/galaxies/NGC4351/P4/
NGC4353,186.001163,7.785225,S4G,IB,S/IA(s:)m / Sph,9.5,44.5,29.43,32.343951310498056,-18.951,9.767,14.284,-18.059951310498057,-19.411603557967045,predicted_B,nan,https://irsa.ipac.caltech.edu/data/SPITZER/S4G/galaxies/NGC4353/P4/
NGC4355,186.727636,-0.877672,S4G,SABa,(RL)S\underline{A}B(l)\underline{0}/a,-0.5,68.0,22.97,31.80580497597513,-19.089,9.822,13.953,-17.85280497597513,-19.468494169354155,predicted_B,nan,https://irsa.ipac.caltech.edu/data/SPITZER/S4G/galaxies/NGC4355/P4/
NGC4359,186.04664,31.52164,S4G,SBc,SB(s)m: sp,9.0,54.6,17.23,31.181426387240144,-18.359,9.53,13.83,-17.351426387240146,-18.792220201001435,predicted_B,nan,https://irsa.ipac.caltech.edu/data/SPITZER/S4G/galaxies/NGC4359/P4/
UGC07534,186.534183,58.322801,S4G,I,IAB(s)m,10.0,41.4,12.75,30.527550923849873,-16.0,8.586,13.428,-17.099550923849872,-16.92839446710472,predicted_B,nan,https://irsa.ipac.caltech.edu/data/SPITZER/S4G/galaxies/UGC07534/P4/
UGC07557,186.797096,7.263045,S4G,SABm,SAB(s)\underline{d}m:,7.5,30.5,19.5,31.450173056812588,-16.956,8.969,13.478,-17.972173056812586,-17.86480066835096,predicted_B,nan,https://irsa.ipac.caltech.edu/data/SPITZER/S4G/galaxies/UGC07557/P4/
UGC07559,186.773266,37.142477,S4G,I,dIAB:(s:)m,10.0,56.7,4.25,28.14194465025156,-13.651,7.647,14.164,-13.97794465025156,-14.397831992809117,predicted_B,nan,https://irsa.ipac.caltech.edu/data/SPITZER/S4G/galaxies/UGC07559/P4/
UGC07577,186.9237,43.49405,S4G,I,dE5 (dIm) / dSph,11.0,57.4,2.65,27.116229369684042,-14.047,7.805,12.884,-14.232229369684042,-14.76052890187575,predicted_B,nan,https://irsa.ipac.caltech.edu/data/SPITZER/S4G/galaxies/UGC07577/P4/
UGC07590,187.078272,8.72957,S4G,Sbc,SB(s:)d\underline{m}:,8.5,67.1,28.48,32.272699924824096,-18.049,9.406,14.261,-18.011699924824097,-18.71023448233366,predicted_B,nan,https://irsa.ipac.caltech.edu/data/SPITZER/S4G/galaxies/UGC07590/P4/
UGC07599,187.11705,37.23484,S4G,Sm,dIAB:(s:)m,10.0,68.8,5.04,28.512152682227622,-12.959,7.37,14.918,-13.594152682227623,-13.778260880323492,predicted_B,nan,https://irsa.ipac.caltech.edu/data/SPITZER/S4G/galaxies/UGC07599/P4/
UGC07605,187.1613,35.71759,S4G,IB,dIm,10.0,64.3,4.39,28.21232260121061,-12.953,7.368,14.776,-13.436322601210609,-13.736580811284492,predicted_B,nan,https://irsa.ipac.caltech.edu/data/SPITZER/S4G/galaxies/UGC07605/P4/
UGC07608,187.1868,43.22476,S4G,I,dIA:(s:)m,10.0,30.5,8.25,29.58226974274963,-14.85,8.126,13.67,-15.912269742749631,-15.769633389546163,predicted_B,nan,https://irsa.ipac.caltech.edu/data/SPITZER/S4G/galaxies/UGC07608/P4/
UGC07639,187.472556,47.530525,S4G,IAB,dS0 (dIm) / Sph,11.0,68.4,6.97,29.21616389049005,-15.067,8.213,14.505,-14.71116389049005,-15.653378514265162,predicted_B,nan,https://irsa.ipac.caltech.edu/data/SPITZER/S4G/galaxies/UGC07639/P4/
ESO247-010,43.61937,-47.178574,ETG,E-S0,"dE3,N",11.0,63.0,18.9,31.382309020866217,-16.873,8.935,15.164,-16.218309020866215,-17.38914761990356,predicted_B,nan,https://irsa.ipac.caltech.edu/data/SPITZER/S4G/galaxies/ESO247-010/P4/
ESO250-005,61.14837,-46.041889,ETG,S0,dE3,11.0,63.0,16.28,31.058272002765918,-17.181,9.058,14.189,-16.869272002765918,-17.777743920649993,predicted_B,nan,https://irsa.ipac.caltech.edu/data/SPITZER/S4G/galaxies/ESO250-005/P4/
ESO302-006,56.6475,-40.648249,ETG,E-S0,dE3,11.0,66.5,16.56,31.095301662244303,-17.207,9.069,14.424,-16.671301662244304,-17.751110890627412,predicted_B,nan,https://irsa.ipac.caltech.edu/data/SPITZER/S4G/galaxies/ESO302-006/P4/
PGC028380,147.841917,-12.623547,S4G,Sc,SB(s)dm,8.0,53.3,36.32,32.80072919924524,-18.52,9.594,14.785,-18.01572919924524,-19.071496361822632,predicted_B,nan,https://irsa.ipac.caltech.edu/data/SPITZER/S4G/galaxies/PGC028380/P4/
PGC029300,151.423327,-7.981516,S4G,S0,"dE0-1,N / Sph",11.0,27.7,11.03,30.21287756220096,-17.472,9.175,13.217,-16.99587756220096,-18.030111227117228,predicted_B,nan,https://irsa.ipac.caltech.edu/data/SPITZER/S4G/galaxies/PGC029300/P4/
PGC029653,152.754321,-4.692623,S4G,IB,dIm,10.0,31.1,1.43,25.776680187325308,-13.695,7.664,12.316,-13.460680187325307,-14.309934844021447,predicted_B,nan,https://irsa.ipac.caltech.edu/data/SPITZER/S4G/galaxies/PGC029653/P4/
PGC031979,160.900957,-9.856222,S4G,SBcd,SA(rs)c\underline{d}: pec,6.5,21.9,30.2,32.400034714785754,-18.371,9.535,14.05,-18.350034714785753,-19.036073157974652,predicted_B,nan,https://irsa.ipac.caltech.edu/data/SPITZER/S4G/galaxies/PGC031979/P4/
PGC032091,161.295181,-10.064444,S4G,SABc,SAB(s)\underline{c}d,5.5,25.6,33.81,32.64522585382884,-18.869,9.734,14.325,-18.32022585382884,-19.410038075649776,predicted_B,nan,https://irsa.ipac.caltech.edu/data/SPITZER/S4G/galaxies/PGC032091/P4/
NGC1297,49.80924,-19.100066,S4G,E-S0,"SA(r\underline{l},l)0^{-/o}^",-2.5,39.2,24.7,31.96348476629833,-20.327,10.317,13.09,-18.87348476629833,-20.655423920080107,predicted_B,nan,https://irsa.ipac.caltech.edu/data/SPITZER/S4G/galaxies/NGC1297/P4/
NGC1299,50.040339,-6.261997,S4G,SBb,SA(s)\underline{b}c: pec,3.5,59.6,25.3,32.01560260587909,-19.384,9.94,13.788,-18.22760260587909,-19.782246612381584,predicted_B,nan,https://irsa.ipac.caltech.edu/data/SPITZER/S4G/galaxies/NGC1299/P4/
NGC1300,49.921009,-19.411096,S4G,Sbc,"(R')SB(s,bl,nrl)b",3.0,61.8,14.79,30.84984086998446,-20.635,10.44,11.208,-19.641840869984463,-21.07160760444635,predicted_B,nan,https://irsa.ipac.caltech.edu/data/SPITZER/S4G/galaxies/NGC1300/P4/
NGC1302,49.963313,-26.060542,S4G,S0-a,"(RL,RL)SAB(\underline{r}l,bl)0^+^",-1.0,25.9,11.21,30.248028062974868,-19.797,10.105,11.593,-18.655028062974868,-20.198636594799094,predicted_B,nan,https://irsa.ipac.caltech.edu/data/SPITZER/S4G/galaxies/NGC1302/P4/
NGC1306,50.262441,-25.512436,S4G,Sb,S\underline{A}B(s)\underline{c}d,5.5,57.6,33.13,32.6011071794098,-19.637,10.041,13.951,-18.6501071794098,-20.075080187161305,predicted_B,nan,https://irsa.ipac.caltech.edu/data/SPITZER/S4G/galaxies/NGC1306/P4/
NGC1309,50.52719,-15.400028,S4G,Sbc,S\underline{A}B(s)bc,4.0,20.8,28.13,32.245848660826006,-20.775,10.496,11.959,-20.286848660826006,-21.33028443529411,predicted_B,nan,https://irsa.ipac.caltech.edu/data/SPITZER/S4G/galaxies/NGC1309/P4/
NGC1310,50.264124,-37.101747,S4G,Sc,(R')SA\underline{B}(rs)\underline{c}d,5.5,42.7,21.27,31.638837449513645,-19.254,9.888,12.569,-19.069837449513642,-19.88072180063571,predicted_B,nan,https://irsa.ipac.caltech.edu/data/SPITZER/S4G/galaxies/NGC1310/P4/
NGC1313,49.5642,-66.49737,S4G,SBcd,SB(s)d pec / Im pec,7.2,34.8,4.13,28.079750258282004,-18.669,9.654,9.647,-18.432750258282006,-19.28348131069627,predicted_B,nan,https://irsa.ipac.caltech.edu/data/SPITZER/S4G/galaxies/NGC1313/P4/
NGC1325A,51.202039,-21.336643,S4G,Scd,SA(s)a\underline{b},2.5,20.8,17.7,31.239866331809033,-18.27,9.494,13.402,-17.837866331809032,-18.838448587975122,predicted_B,nan,https://irsa.ipac.caltech.edu/data/SPITZER/S4G/galaxies/NGC1325A/P4/
NGC1326,50.984851,-36.464532,S4G,S0-a,"(R_1_)SAB_a_(r,bl,nr)0^+^",-1.0,52.9,14.95,30.87320596330224,-20.754,10.488,11.401,-19.47220596330224,-21.122778401376028,predicted_B,nan,https://irsa.ipac.caltech.edu/data/SPITZER/S4G/galaxies/NGC1326/P4/
NGC1326A,51.2868,-36.36308,S4G,Sm,S/IB(s:)m,9.5,58.1,17.18,31.175115797476117,-16.909,8.95,14.037,-17.138115797476118,-17.63284221240689,predicted_B,nan,https://irsa.ipac.caltech.edu/data/SPITZER/S4G/galaxies/NGC1326A/P4/
NGC1332,51.571762,-21.33523,S4G,E-S0,SA:0^-^ sp / E(b)6,-3.0,54.6,22.77,31.786815153075715,-22.075,11.016,11.198,-20.588815153075714,-22.395746560972793,predicted_B,nan,https://irsa.ipac.caltech.edu/data/SPITZER/S4G/galaxies/NGC1332/P4/
NGC1338,52.227253,-12.153353,S4G,SABb,SB(s)cd pec,6.0,18.4,33.22,32.60699814057688,-20.018,10.193,13.775,-18.83199814057688,-20.409289563035568,predicted_B,nan,https://irsa.ipac.caltech.edu/data/SPITZER/S4G/galaxies/NGC1338/P4/
NGC1341,51.993394,-37.150167,S4G,Sa,SB(r\underline{s})\underline{d}m pec,7.5,43.8,16.9,31.13943352306837,-18.944,9.764,12.932,-18.207433523068367,-19.440906877921066,predicted_B,nan,https://irsa.ipac.caltech.edu/data/SPITZER/S4G/galaxies/NGC1341/P4/
NGC1345,52.382023,-17.778122,S4G,Sc,SB(s)m,9.0,35.6,18.1,31.288392874345924,-17.736,9.281,14.325,-16.963392874345924,-18.224437325471293,predicted_B,nan,https://irsa.ipac.caltech.edu/data/SPITZER/S4G/galaxies/NGC1345/P4/
NGC1347,52.423974,-22.279262,S4G,Sc,SAB_a_(s)\underline{d}m,7.5,26.8,23.51,31.856263145624695,-18.273,9.495,13.728,-18.128263145624693,-18.908986839221804,predicted_B,nan,https://irsa.ipac.caltech.edu/data/SPITZER/S4G/galaxies/NGC1347/P4/
NGC1350,52.783562,-33.628346,S4G,Sab,"(R)SAB_a_(r,bl)0/a",0.0,64.8,18.83,31.374251600083326,-21.406,10.749,11.169,-20.205251600083326,-21.79382412601958,predicted_B,nan,https://irsa.ipac.caltech.edu/data/SPITZER/S4G/galaxies/NGC1350/P4/
NGC1357,53.32103,-13.664128,S4G,Sab,(R'L)SA(\underline{r}s)0/a,0.0,43.0,27.45,32.19271174393056,-21.344,10.724,12.404,-19.78871174393056,-21.64850725982368,predicted_B,nan,https://irsa.ipac.caltech.edu/data/SPITZER/S4G/galaxies/NGC1357/P4/
NGC1359,53.449101,-19.492207,S4G,Sm,SB(s)dm,8.0,37.6,34.41,32.68342336310465,-19.691,10.062,12.716,-19.96742336310465,-20.425959490329593,predicted_B,nan,https://irsa.ipac.caltech.edu/data/SPITZER/S4G/galaxies/NGC1359/P4/
NGC1365,53.401552,-36.140394,S4G,Sb,"(R')SB(r\underline{s},nr)bc",4.0,62.7,16.56,31.095301662244303,-22.39,11.142,10.358,-20.737301662244302,-22.67161589062741,predicted_B,nan,https://irsa.ipac.caltech.edu/data/SPITZER/S4G/galaxies/NGC1365/P4/
NGC1367,53.755581,-24.933204,S4G,Sa,"(RL,R')SAB(rs)0/a",0.0,52.0,23.79,31.881972210186326,-21.526,10.797,11.59,-20.291972210186326,-21.906003469393788,predicted_B,nan,https://irsa.ipac.caltech.edu/data/SPITZER/S4G/galaxies/NGC1367/P4/
NGC1385,54.368701,-24.501198,S4G,Sc,SB(s)dm pec,8.0,52.3,16.0,31.020599913279625,-20.262,10.291,11.458,-19.562599913279627,-20.76764097962071,predicted_B,nan,https://irsa.ipac.caltech.edu/data/SPITZER/S4G/galaxies/NGC1385/P4/
NGC1398,54.716974,-26.337678,S4G,SBab,"(R'R)SB(\underline{r}s,bl)a",1.0,47.7,19.78,31.4811314363058,-22.307,11.109,10.555,-20.926131436305802,-22.652495887531863,predicted_B,nan,https://irsa.ipac.caltech.edu/data/SPITZER/S4G/galaxies/NGC1398/P4/
NGC1411,54.686891,-44.100608,S4G,E-S0,"(L)SA(l,nl)0^o^",-2.0,55.5,14.85,30.858632268266156,-19.97,10.174,12.177,-18.681632268266156,-20.337233583042547,predicted_B,nan,https://irsa.ipac.caltech.edu/data/SPITZER/S4G/galaxies/NGC1411/P4/
NGC4942,196.079625,-7.649544,S4G,SABc,S\underline{A}B_a_(s)c,5.0,44.0,28.08,32.24198551728884,-19.064,9.812,13.66,-18.58198551728884,-19.62072659656288,predicted_B,nan,https://irsa.ipac.caltech.edu/data/SPITZER/S4G/galaxies/NGC4942/P4/
NGC4948A,196.274367,-8.161587,S4G,SBd,SB(s)m,9.0,49.7,17.93,31.267901447810914,-17.449,9.166,13.991,-17.276901447810914,-18.078556840235567,predicted_B,nan,https://irsa.ipac.caltech.edu/data/SPITZER/S4G/galaxies/NGC4948A/P4/
NGC4961,196.448293,27.734238,S4G,SBc,SA\underline{B}(rs)b\underline{c},4.5,38.7,39.44,32.97968453134587,-19.74,10.082,13.958,-19.02168453134587,-20.241195864866278,predicted_B,nan,https://irsa.ipac.caltech.edu/data/SPITZER/S4G/galaxies/NGC4961/P4/
NGC4965,196.788944,-28.228221,S4G,SABc,SA(s)\underline{c}d,5.5,35.0,38.84,32.94639610617984,-20.522,10.395,12.722,-20.22439610617984,-21.12206308495226,predicted_B,nan,https://irsa.ipac.caltech.edu/data/SPITZER/S4G/galaxies/NGC4965/P4/
NGC4981,197.203149,-6.777515,S4G,Sbc,"SA\underline{B}(s,nl)\underline{b}c",3.5,44.7,22.38,31.74930041096166,-20.599,10.426,12.071,-19.67830041096166,-21.05263559657599,predicted_B,nan,https://irsa.ipac.caltech.edu/data/SPITZER/S4G/galaxies/NGC4981/P4/
NGC4984,197.238585,-15.516291,S4G,S0-a,"(R'R)SAB_a_(l,bl,nl)0/a",0.0,47.1,21.3,31.64189801719369,-21.39,10.742,12.198,-19.44389801719369,-21.602666034040517,predicted_B,nan,https://irsa.ipac.caltech.edu/data/SPITZER/S4G/galaxies/NGC4984/P4/
NGC4516,188.28138,14.57519,DG,SBa,SB(s)0/a,0.0,63.1,12.59,30.50012865053931,-18.009,9.39,13.53,-16.97012865053931,-18.43486523287674,predicted_B,nan,https://irsa.ipac.caltech.edu/data/SPITZER/S4G/galaxies/NGC4516/P4/
UGC10907,262.49655,77.39636,DG,Sbc,S\underline{A}B(s)bc,4.0,61.1,24.41,31.93783889708594,-17.414,9.152,15.24,-16.697838897085937,-17.99,real,-17.99,https://irsa.ipac.caltech.edu/data/SPITZER/S4G/galaxies/UGC10907/P4/
UGC10974,266.06174,67.61944,DG,SBb,"(R$_1$R$_2^{\prime}$)S\underline{A}B(r,nr)ab",2.0,50.0,19.57,31.457954128290005,-17.375,9.136,15.14,-16.317954128290005,-17.956,real,-17.956,https://irsa.ipac.caltech.edu/data/SPITZER/S4G/galaxies/UGC10974/P4/
UGC12300,345.155053,12.78236,DG,Sa,(L)SB$_\textrm{a}$0$^+$,-1.0,63.9,31.73,32.50735036050206,-19.08,9.818,15.18,-17.32735036050206,-19.446,real,-19.446,https://irsa.ipac.caltech.edu/data/SPITZER/S4G/galaxies/UGC12300/P4/
UGC12729,355.086305,1.245768,DG,S0-a,I0 pec,0.0,60.7,25.24,32.01044675286048,-17.546,9.205,15.08,-16.930446752860483,-18.108,real,-18.108,https://irsa.ipac.caltech.edu/data/SPITZER/S4G/galaxies/UGC12729/P4/
NGC4269,184.954905,6.014943,ETG,S0-a,SA(l)0^o^,-3.0,45.6,34.02,32.65867154638275,-20.332,10.319,13.411,-19.247671546382747,-20.747182813399945,predicted_B,nan,https://irsa.ipac.caltech.edu/data/SPITZER/S4G/galaxies/NGC4269/P4/
UGC08658,205.166067,54.332885,S4G,Sc,SA(s)bc,4.0,53.9,29.96,32.38270904513715,-19.214,9.872,13.144,-19.23870904513715,-19.88980662560723,predicted_B,nan,https://irsa.ipac.caltech.edu/data/SPITZER/S4G/galaxies/UGC08658/P4/
UGC08684,205.566481,60.776965,S4G,Sc,SB:(s:)b\underline{c}: sp,4.5,66.8,29.81,32.371809880163156,-19.069,9.814,14.78,-17.591809880163154,-19.39186032183834,predicted_B,nan,https://irsa.ipac.caltech.edu/data/SPITZER/S4G/galaxies/UGC08684/P4/
UGC08688,205.876096,43.462425,S4G,Sd,IA\underline{B}(s)m,10.0,33.1,18.18,31.297969394429742,-16.684,8.86,14.751,-16.546969394429745,-17.32179780769099,predicted_B,nan,https://irsa.ipac.caltech.edu/data/SPITZER/S4G/galaxies/UGC08688/P4/
UGC08693,206.118162,35.192746,S4G,Sbc,SA\underline{B}(s)d\underline{m} sp,8.5,63.4,35.05,32.72344011151339,-19.203,9.867,14.56,-18.16344011151339,-19.628703426205647,predicted_B,nan,https://irsa.ipac.caltech.edu/data/SPITZER/S4G/galaxies/UGC08693/P4/
UGC08733,207.162281,43.412834,S4G,SBc,SA\underline{B}(s)dm pec,8.0,62.2,32.09,32.53184858547752,-18.664,9.652,14.615,-17.916848585477517,-19.15841941758722,predicted_B,nan,https://irsa.ipac.caltech.edu/data/SPITZER/S4G/galaxies/UGC08733/P4/
UGC08839,208.85458,17.794728,S4G,IAB,Im,10.0,50.6,19.03,31.397193941435106,-16.15,8.646,15.956,-15.441193941435106,-16.65343057623725,predicted_B,nan,https://irsa.ipac.caltech.edu/data/SPITZER/S4G/galaxies/UGC08839/P4/
NGC7247,334.421854,-23.731002,S4G,SBb,SA(s)b,3.0,61.9,33.58,32.630403459010154,-20.452,10.367,13.682,-18.94840345901015,-20.768654812867386,predicted_B,nan,https://irsa.ipac.caltech.edu/data/SPITZER/S4G/galaxies/NGC7247/P4/
NGC7254,335.650546,-21.737066,S4G,SBb,SA\underline{B}(s)a\underline{b}:,2.5,64.4,27.9,32.22802101636799,-18.709,9.67,13.914,-18.314021016367988,-19.286179938846477,predicted_B,nan,https://irsa.ipac.caltech.edu/data/SPITZER/S4G/galaxies/NGC7254/P4/
NGC7280,336.61489,16.148218,S4G,S0-a,(L)SAB(s:)0^-^,-3.0,58.6,23.15,31.822754976769858,-20.028,10.197,13.084,-18.738754976769858,-20.395027419540916,predicted_B,nan,https://irsa.ipac.caltech.edu/data/SPITZER/S4G/galaxies/NGC7280/P4/
NGC7290,337.110163,17.147457,S4G,Sbc,SA(rs)b,3.0,63.9,47.21,33.37017000215627,-20.173,10.255,13.823,-19.54717000215627,-20.695929950506724,predicted_B,nan,https://irsa.ipac.caltech.edu/data/SPITZER/S4G/galaxies/NGC7290/P4/
NGC7314,338.942525,-26.050427,S4G,SABb,SAB(rs)bc,4.0,69.8,16.69,31.112281683396233,-20.495,10.384,11.602,-19.510281683396233,-20.933591195598115,predicted_B,nan,https://irsa.ipac.caltech.edu/data/SPITZER/S4G/galaxies/NGC7314/P4/
NGC7371,341.515562,-11.001164,S4G,S0-a,SAB(r\underline{s})ab,2.0,25.2,30.6,32.4286071324079,-20.712,10.471,12.692,-19.736607132407897,-21.152782676115855,predicted_B,nan,https://irsa.ipac.caltech.edu/data/SPITZER/S4G/galaxies/NGC7371/P4/
NGC7378,341.948674,-11.816639,S4G,SBab,(L)SA(\underline{r}s)0/\underline{a},0.5,60.1,30.48,32.42007481333781,-19.938,10.161,13.63,-18.79007481333781,-20.338237581134386,predicted_B,nan,https://irsa.ipac.caltech.edu/data/SPITZER/S4G/galaxies/NGC7378/P4/
PGC053779,226.056609,-7.22278,S4G,SABb,(R')SA\underline{B}(s)cd,6.0,47.4,19.3,31.42778654503887,-18.248,9.485,14.095,-17.33278654503887,-18.702924838084137,predicted_B,nan,https://irsa.ipac.caltech.edu/data/SPITZER/S4G/galaxies/PGC053779/P4/
NGC4995,197.419343,-7.83341,S4G,SABb,SAB_a_(rs)ab,2.0,54.6,26.42,32.10966406639254,-21.298,10.705,11.918,-20.19166406639254,-21.708011055602245,predicted_B,nan,https://irsa.ipac.caltech.edu/data/SPITZER/S4G/galaxies/NGC4995/P4/
NGC5937,232.692212,-2.829458,S4G,SABb,SA(r\underline{s})b\underline{c},4.5,57.9,37.04,32.84335489004948,-21.47,10.774,13.077,-19.766354890049485,-21.73964339916163,predicted_B,nan,https://irsa.ipac.caltech.edu/data/SPITZER/S4G/galaxies/NGC5937/P4/
NGC5949,232.002853,64.763167,S4G,Sbc,"SAb\underline{c} / Sph,N",4.5,69.1,13.59,30.666097283662467,-18.832,9.719,12.906,-17.760097283662468,-19.25010286166068,predicted_B,nan,https://irsa.ipac.caltech.edu/data/SPITZER/S4G/galaxies/NGC5949/P4/
NGC5950,232.878151,40.430095,S4G,Sb,(R')SB(s)\underline{c}d pec,5.5,63.4,35.78,32.768201681156775,-19.396,9.944,14.568,-18.200201681156777,-19.784987395071845,predicted_B,nan,https://irsa.ipac.caltech.edu/data/SPITZER/S4G/galaxies/NGC5950/P4/
NGC5953,233.634882,15.193827,S4G,S0-a,SA(\underline{r}l)0^+^,-1.0,44.0,25.95,32.07068681092238,-20.515,10.392,12.995,-19.075686810922384,-20.84676140056676,predicted_B,nan,https://irsa.ipac.caltech.edu/data/SPITZER/S4G/galaxies/NGC5953/P4/
NGC5954,233.645938,15.200128,S4G,SABc,(R')SA(rs)b pec,3.0,63.5,36.4,32.805506918245285,-20.46,10.37,12.807,-19.998506918245283,-21.021549125787644,predicted_B,nan,https://irsa.ipac.caltech.edu/data/SPITZER/S4G/galaxies/NGC5954/P4/
NGC5956,233.743871,11.750275,S4G,Sc,SB(r'l)ab,2.0,0.0,25.31,32.01646072579127,-19.582,10.019,13.162,-18.85446072579127,-20.08102827056095,predicted_B,nan,https://irsa.ipac.caltech.edu/data/SPITZER/S4G/galaxies/NGC5956/P4/
NGC5957,233.846748,12.047615,S4G,Sb,"(R')SA\underline{B}(rs,bl)\underline{a}b",1.5,17.5,24.3,31.928031367991558,-20.01,10.19,13.645,-18.28303136799156,-20.274162371478017,predicted_B,nan,https://irsa.ipac.caltech.edu/data/SPITZER/S4G/galaxies/NGC5957/P4/
NGC5958,233.704742,28.655253,S4G,Sc,SB(r\underline{s})c,5.0,22.4,26.9,32.148761400012035,-19.457,9.969,13.352,-18.796761400012034,-19.97184392900283,predicted_B,nan,https://irsa.ipac.caltech.edu/data/SPITZER/S4G/galaxies/NGC5958/P4/
NGC5962,234.132014,16.60778,S4G,Sc,"SAB(rs,nrl)c",5.0,50.8,30.75,32.43922560055718,-21.559,10.81,12.091,-20.34822560055718,-21.944468016130937,predicted_B,nan,https://irsa.ipac.caltech.edu/data/SPITZER/S4G/galaxies/NGC5962/P4/
NGC5963,233.366064,56.559613,S4G,Sbc,(R_2_')SAB(s)b\underline{c},4.5,39.3,27.18,32.17124726198237,-19.909,10.15,13.033,-19.13824726198237,-20.397873106565857,predicted_B,nan,https://irsa.ipac.caltech.edu/data/SPITZER/S4G/galaxies/NGC5963/P4/
NGC5964,234.400742,5.974246,S4G,SBcd,SB(r\underline{s})cd,6.0,42.0,22.53,31.76380595861915,-19.902,10.147,13.42,-18.34380595861915,-20.2058244002755,predicted_B,nan,https://irsa.ipac.caltech.edu/data/SPITZER/S4G/galaxies/NGC5964/P4/
NGC1879,79.950593,-32.142932,S4G,SBm,SAB(s)m,9.0,52.4,19.3,31.42778654503887,-18.227,9.477,13.184,-18.243786545038873,-18.900944838084136,predicted_B,nan,https://irsa.ipac.caltech.edu/data/SPITZER/S4G/galaxies/NGC1879/P4/
NGC2101,86.60085,-52.08862,S4G,IB,Im,10.0,69.1,13.3,30.619258204835432,-16.726,8.877,13.846,-16.773258204835432,-17.407105678136325,predicted_B,nan,https://irsa.ipac.caltech.edu/data/SPITZER/S4G/galaxies/NGC2101/P4/
NGC2460,119.217974,60.349392,S4G,Sab,SA(r'l)a,1.0,44.1,31.47,32.489483714566106,-21.362,10.731,12.623,-19.866483714566108,-21.680553672923033,predicted_B,nan,https://irsa.ipac.caltech.edu/data/SPITZER/S4G/galaxies/NGC2460/P4/
NGC2500,120.471726,50.737187,S4G,Scd,SAB(s)c\underline{d},6.5,20.6,11.99,30.39409591549424,-18.544,9.604,12.225,-18.16909591549424,-19.125897540141146,predicted_B,nan,https://irsa.ipac.caltech.edu/data/SPITZER/S4G/galaxies/NGC2500/P4/
NGC2537,123.31035,45.991675,S4G,SBm,SB(s)m,9.0,22.2,12.14,30.421093433696193,-18.68,9.658,12.271,-18.150093433696192,-19.225471956918604,predicted_B,nan,https://irsa.ipac.caltech.edu/data/SPITZER/S4G/galaxies/NGC2537/P4/
NGC2541,123.667218,49.061618,S4G,SABc,SA(s)\underline{d}m,7.5,60.6,11.53,30.3091465364735,-18.103,9.427,12.254,-18.0551465364735,-18.761754436071275,predicted_B,nan,https://irsa.ipac.caltech.edu/data/SPITZER/S4G/galaxies/NGC2541/P4/
NGC2543,123.241433,36.254596,S4G,Sb,"SAB(s,bl)b",3.0,66.4,32.89,32.58531936741327,-20.663,10.451,13.164,-19.42131936741327,-21.041205051342118,predicted_B,nan,https://irsa.ipac.caltech.edu/data/SPITZER/S4G/galaxies/NGC2543/P4/
NGC1482,58.66222,-20.502117,S4G,S0-a,SA:(rs:)\underline{a}b: sp pec / E3 pec,1.5,63.2,19.6,31.46128035678238,-20.815,10.512,13.085,-18.37628035678238,-20.91190088384386,predicted_B,nan,https://irsa.ipac.caltech.edu/data/SPITZER/S4G/galaxies/NGC1482/P4/
NGC1483,58.198876,-47.477544,S4G,SBbc,(R')SB(s)\underline{d}m,7.5,37.3,21.22,31.633726897826612,-18.653,9.647,13.188,-18.44572689782661,-19.274290820989254,predicted_B,nan,https://irsa.ipac.caltech.edu/data/SPITZER/S4G/galaxies/NGC1483/P4/
NGC1487,58.936324,-42.3674,S4G,Scd,Pec (adv. merger),0.0,43.5,8.9,29.746950033224564,-17.767,9.293,12.285,-17.461950033224564,-18.365313257807774,predicted_B,nan,https://irsa.ipac.caltech.edu/data/SPITZER/S4G/galaxies/NGC1487/P4/
NGC1493,59.364187,-46.210719,S4G,SBc,SB(rs)\underline{c}d,5.5,22.8,10.85,30.177148690922742,-18.722,9.675,11.828,-18.349148690922743,-19.304379942366847,predicted_B,nan,https://irsa.ipac.caltech.edu/data/SPITZER/S4G/galaxies/NGC1493/P4/
NGC1494,59.426459,-48.908346,S4G,Scd,SA(s)d,7.0,68.9,14.04,30.736835538968933,-18.554,9.608,12.254,-18.482835538968935,-19.207276351657697,predicted_B,nan,https://irsa.ipac.caltech.edu/data/SPITZER/S4G/galaxies/NGC1494/P4/
NGC1510,60.886044,-43.399972,S4G,S0,SA\underline{0}/a:,-0.5,35.7,11.0,30.20696342579113,-16.712,8.871,13.47,-16.73696342579113,-17.387866405060915,predicted_B,nan,https://irsa.ipac.caltech.edu/data/SPITZER/S4G/galaxies/NGC1510/P4/
NGC1512,60.975601,-43.348746,S4G,Sa,"(R\underline{L})SB(r,bl,nr)a",1.0,68.3,12.49,30.48281219187068,-20.434,10.36,11.098,-19.38481219187068,-20.85744086508961,predicted_B,nan,https://irsa.ipac.caltech.edu/data/SPITZER/S4G/galaxies/NGC1512/P4/
NGC1533,62.465849,-56.118495,S4G,E-S0,(RL)SB(bl)0^o^,-2.0,64.8,20.2,31.526756847233116,-21.127,10.637,11.794,-19.732756847233116,-21.469352859099782,predicted_B,nan,https://irsa.ipac.caltech.edu/data/SPITZER/S4G/galaxies/NGC1533/P4/
NGC1546,63.651264,-56.060915,S4G,S0-a,(R')SA(r)a / E(b)3-4,1.0,53.5,15.87,31.002884633774237,-20.513,10.391,12.063,-18.939884633774234,-20.813317888936947,predicted_B,nan,https://irsa.ipac.caltech.edu/data/SPITZER/S4G/galaxies/NGC1546/P4/
NGC1553,64.043625,-55.780023,S4G,S0,"SA(rl,nrl,nb)0^+^ / E(d)0",-1.0,56.9,15.09,30.893446198877953,-22.236,11.081,10.285,-20.608446198877953,-22.52352485673632,predicted_B,nan,https://irsa.ipac.caltech.edu/data/SPITZER/S4G/galaxies/NGC1553/P4/
NGC4292,185.31861,4.595682,ETG,S0,"(RL)SAB(_rs,bl)0^+",-1.0,54.8,12.88,30.54957931511896,-18.526,9.597,13.087,-17.462579315118962,-18.946096139052955,predicted_B,nan,https://irsa.ipac.caltech.edu/data/SPITZER/S4G/galaxies/NGC4292/P4/
NGC4322,185.75718,15.90553,ETG,S0,"dE3,N / Sph",11.0,69.9,24.87,31.978378926349677,-17.796,9.304,14.625,-17.353378926349677,-18.361984047692175,predicted_B,nan,https://irsa.ipac.caltech.edu/data/SPITZER/S4G/galaxies/NGC4322/P4/
NGC4328,185.83344,15.820418,ETG,E-S0,dSA(l)0^{-/o}^ / Sph,11.0,49.7,23.7,31.87374173005052,-18.457,9.569,14.191,-17.682741730050516,-18.94504930656187,predicted_B,nan,https://irsa.ipac.caltech.edu/data/SPITZER/S4G/galaxies/NGC4328/P4/
UGC04314,124.7406,58.262737,ETG,I,SA(s)0/a:,0.0,48.3,14.32,30.779715089859188,-16.718,8.873,14.948,-15.831715089859188,-17.17972304611691,predicted_B,nan,https://irsa.ipac.caltech.edu/data/SPITZER/S4G/galaxies/UGC04314/P4/
UGC04902,139.27206,25.429223,ETG,S0-a,SA(r:)0^+ pec,-1.0,69.3,22.12,31.723925613163303,-18.384,9.54,13.926,-17.7979256131633,-18.916272519093376,predicted_B,nan,https://irsa.ipac.caltech.edu/data/SPITZER/S4G/galaxies/UGC04902/P4/
UGC05470,152.11599,12.307749,ETG,E,dSph,11.0,66.2,0.25,21.989700043360187,-11.528,6.797,11.16,-10.829700043360187,-12.033899510189645,predicted_B,nan,https://irsa.ipac.caltech.edu/data/SPITZER/S4G/galaxies/UGC05470/P4/
UGC05745,158.68653,-1.968935,ETG,S0-a,"(L,R)SAB(r_l)0^+",-1.0,46.6,11.93,30.383202218351705,-18.292,9.503,13.719,-16.664202218351704,-18.57946752131265,predicted_B,nan,https://irsa.ipac.caltech.edu/data/SPITZER/S4G/galaxies/UGC05745/P4/
UGC05870,161.49747,34.964905,ETG,S0,(L)SAB(r)0^+,-1.0,25.6,26.52,32.11786759866368,-18.799,9.706,14.242,-17.875867598663678,-19.252063885685963,predicted_B,nan,https://irsa.ipac.caltech.edu/data/SPITZER/S4G/galaxies/UGC05870/P4/
NGC4626,190.606489,-7.043389,DG,SBbc,SB(s)dm,8.0,67.6,38.9,32.94974800662854,-19.606,10.029,13.71,-19.23974800662854,-19.896,real,-19.896,https://irsa.ipac.caltech.edu/data/SPITZER/S4G/galaxies/NGC4626/P4/
NGC4674,191.51445,-8.655679,DG,Sa,SAab sp / E(b)6,2.0,66.0,20.16,31.522452638867435,-18.583,9.619,13.96,-17.562452638867434,-19.016,real,-19.016,https://irsa.ipac.caltech.edu/data/SPITZER/S4G/galaxies/NGC4674/P4/
NGC4964,196.35361,56.32285,DG,SABa,SA(s)c,5.0,41.6,34.02,32.65867154638275,-19.09,9.822,14.04,-18.61867154638275,-19.455,real,-19.455,https://irsa.ipac.caltech.edu/data/SPITZER/S4G/galaxies/NGC4964/P4/
NGC5037,198.747374,-16.590366,DG,Sa,(R$^{\prime}$)SA(s:)b,3.0,69.9,29.0,32.31198998949478,-20.985,10.58,13.12,-19.191989989494786,-21.053,real,-21.053,https://irsa.ipac.caltech.edu/data/SPITZER/S4G/galaxies/NGC5037/P4/
NGC5294,206.324837,55.29125,DG,I,IBm,10.0,57.1,26.35,32.10390309774282,-17.334,9.12,15.12,-16.983903097742825,-17.919,real,-17.919,https://irsa.ipac.caltech.edu/data/SPITZER/S4G/galaxies/NGC5294/P4/
NGC5323,206.402067,76.828274,DG,Sab,(R)SA(s)b spw / E0,3.0,57.6,26.52,32.11786759866368,-18.287,9.501,14.24,-17.877867598663677,-18.759,real,-18.759,https://irsa.ipac.caltech.edu/data/SPITZER/S4G/galaxies/NGC5323/P4/
NGC5378,209.21249,37.79733,DG,Sa,"(R$^{\prime}$)SB(r,bl)ab",2.0,40.5,39.8,32.99941536036844,-21.0,10.586,13.63,-19.369415360368436,-21.065,real,-21.065,https://irsa.ipac.caltech.edu/data/SPITZER/S4G/galaxies/NGC5378/P4/
NGC5475,211.301685,55.742008,DG,Sa,S0$^-$ sp / E(d)7,-3.0,68.7,22.06,31.718027540520865,-19.737,10.081,13.27,-18.448027540520865,-20.104091472022404,predicted_B,nan,https://irsa.ipac.caltech.edu/data/SPITZER/S4G/galaxies/NGC5475/P4/
NGC5705,219.956856,-0.718712,DG,SBcd,SB(s)d,7.0,64.1,26.19,32.09067749212616,-19.686,10.061,14.03,-18.06067749212616,-19.964,real,-19.964,https://irsa.ipac.caltech.edu/data/SPITZER/S4G/galaxies/NGC5705/P4/
NGC5811,225.114179,1.623361,DG,SBm,SB(s)m,9.0,42.2,20.55,31.56405913106044,-17.771,9.295,14.62,-16.944059131060442,-18.307,real,-18.307,https://irsa.ipac.caltech.edu/data/SPITZER/S4G/galaxies/NGC5811/P4/
NGC5866,226.622951,55.763287,DG,S0-a,S0$^-$ sp / E4,-3.0,64.2,12.4,30.467108425811176,-21.166,10.653,10.74,-19.727108425811174,-21.497860480065626,predicted_B,nan,https://irsa.ipac.caltech.edu/data/SPITZER/S4G/galaxies/NGC5866/P4/
NGC5917,230.385522,-7.377133,DG,Sb,(R)SB(rs)d,7.0,50.2,25.64,32.044590104233905,-18.993,9.783,13.81,-18.234590104233902,-19.37,real,-19.37,https://irsa.ipac.caltech.edu/data/SPITZER/S4G/galaxies/NGC5917/P4/
NGC6186,248.605999,21.54101,DG,Sa,(R$^{\prime}$L)SB(rs)a,1.0,36.3,39.45,32.9802350377272,-21.067,10.613,14.23,-18.750235037727197,-21.19256023386589,predicted_B,nan,https://irsa.ipac.caltech.edu/data/SPITZER/S4G/galaxies/NGC6186/P4/
NGC6283,254.86066,49.92219,DG,Sc,SA(rs)d,7.0,28.5,14.56,30.81580687488509,-17.383,9.139,13.64,-17.17580687488509,-17.963,real,-17.963,https://irsa.ipac.caltech.edu/data/SPITZER/S4G/galaxies/NGC6283/P4/
NGC4340,185.897175,16.722379,ETG,S0-a,"SAB_a(r,bl)0^+",-1.0,58.8,15.41,30.939013193592096,-19.981,10.178,12.081,-18.858013193592097,-20.387098100494143,predicted_B,nan,https://irsa.ipac.caltech.edu/data/SPITZER/S4G/galaxies/NGC4340/P4/
NGC4377,186.30135,14.762217,ETG,E-S0,(RL)SA(l)0^o,-2.0,47.4,17.75,31.245991786955564,-19.785,10.1,12.682,-18.56399178695556,-20.168063069934558,predicted_B,nan,https://irsa.ipac.caltech.edu/data/SPITZER/S4G/galaxies/NGC4377/P4/
NGC4379,186.3114,15.607418,ETG,E-S0,(L)SAB_a0^o,-2.0,42.4,15.92,31.00971531700825,-19.587,10.021,12.538,-18.47171531700825,-19.99490809949694,predicted_B,nan,https://irsa.ipac.caltech.edu/data/SPITZER/S4G/galaxies/NGC4379/P4/
NGC4382,186.35001,18.190178,ETG,S0-a,SA(s:)\underline{0}/a pec,-1.0,45.2,15.22,30.91207326217277,-22.348,11.125,9.943,-20.96907326217277,-22.6939522166106,predicted_B,nan,https://irsa.ipac.caltech.edu/data/SPITZER/S4G/galaxies/NGC4382/P4/
NGC4386,186.11796,75.528889,ETG,S0,SB_{xa}_0^o^,-1.0,68.9,29.01,32.31273864401332,-21.152,10.647,12.663,-19.649738644013322,-21.46896858134313,predicted_B,nan,https://irsa.ipac.caltech.edu/data/SPITZER/S4G/galaxies/NGC4386/P4/
NGC4391,186.32817,64.933519,ETG,E-S0,(RL)SA0^-,-3.0,9.4,23.9,31.891989504740692,-19.198,9.865,13.73,-18.161989504740692,-19.624537533614063,predicted_B,nan,https://irsa.ipac.caltech.edu/data/SPITZER/S4G/galaxies/NGC4391/P4/
UGC04867,138.679675,40.879928,S4G,SABc,SB(r\underline{s})c\underline{d},6.5,39.6,35.83,32.77123404083056,-18.291,9.503,15.046,-17.725234040830557,-18.828044999595182,predicted_B,nan,https://irsa.ipac.caltech.edu/data/SPITZER/S4G/galaxies/UGC04867/P4/
UGC04988,140.813275,34.734417,S4G,Sm,S/IAB(s:)m pec,9.5,46.6,21.05,31.616260500858438,-16.701,8.867,15.437,-16.17926050085844,-17.248391217701734,predicted_B,nan,https://irsa.ipac.caltech.edu/data/SPITZER/S4G/galaxies/UGC04988/P4/
UGC05004,141.141592,34.659383,S4G,I,S/IA\underline{B}m,9.5,48.0,24.61,31.955558068514016,-16.951,8.967,15.566,-16.389558068514013,-17.489061146100795,predicted_B,nan,https://irsa.ipac.caltech.edu/data/SPITZER/S4G/galaxies/UGC05004/P4/
UGC05015,141.450252,34.277248,S4G,SABd,S/IAB(s:)m,9.5,20.5,22.09,31.720978579357173,-17.278,9.097,15.642,-16.078978579357173,-17.666229966148936,predicted_B,nan,https://irsa.ipac.caltech.edu/data/SPITZER/S4G/galaxies/UGC05015/P4/
NGC5134,201.327237,-21.134208,S4G,SABb,"(R)SAB(rs,bl)a",1.0,58.7,8.75,29.710040265111566,-18.917,9.753,12.453,-17.257040265111566,-19.19690946230122,predicted_B,nan,https://irsa.ipac.caltech.edu/data/SPITZER/S4G/galaxies/NGC5134/P4/
NGC5145,201.307892,43.267357,S4G,SABa,"(R:)SA(r,nl)0^+^",-1.0,35.5,39.35,32.97472368347542,-21.252,10.687,13.608,-19.366723683475417,-21.47896006561672,predicted_B,nan,https://irsa.ipac.caltech.edu/data/SPITZER/S4G/galaxies/NGC5145/P4/
NGC5147,201.582151,2.100822,S4G,SBd,(R')SB(s)\underline{c}d,5.5,25.2,17.84,31.25697425020052,-19.104,9.828,12.274,-18.98297425020052,-19.74555894879712,predicted_B,nan,https://irsa.ipac.caltech.edu/data/SPITZER/S4G/galaxies/NGC5147/P4/
NGC5194,202.469673,47.195165,S4G,Sbc,"S\underline{A}B(rs,rs)bc",4.0,32.6,7.23,29.295691486472656,-21.733,10.879,8.607,-20.688691486472656,-22.157587499321075,predicted_B,nan,https://irsa.ipac.caltech.edu/data/SPITZER/S4G/galaxies/NGC5194/P4/
NGC5195,202.498124,47.266156,S4G,SBa,SAB(r)\underline{0}/a,-0.5,40.5,7.22,29.292685987848195,-20.374,10.336,10.496,-18.796685987848193,-20.673331207144326,predicted_B,nan,https://irsa.ipac.caltech.edu/data/SPITZER/S4G/galaxies/NGC5195/P4/
NGC5204,202.402175,58.420427,S4G,Sm,SA(s)m / Sph,9.0,58.8,5.25,28.600796517029785,-16.614,8.832,11.725,-16.875796517029784,-17.345522181501998,predicted_B,nan,https://irsa.ipac.caltech.edu/data/SPITZER/S4G/galaxies/NGC5204/P4/
NGC5205,202.515001,62.511573,S4G,Sbc,SB(rs)ab,2.0,56.4,31.79,32.51145263957386,-19.866,10.133,13.603,-18.90845263957386,-20.310976370299855,predicted_B,nan,https://irsa.ipac.caltech.edu/data/SPITZER/S4G/galaxies/NGC5205/P4/
NGC5218,203.043333,62.767866,S4G,SBb,SB(rs)a pec,1.0,51.1,51.42,33.55566036153421,-21.851,10.926,13.11,-20.44566036153421,-22.190745184960537,predicted_B,nan,https://irsa.ipac.caltech.edu/data/SPITZER/S4G/galaxies/NGC5218/P4/
NGC2964,145.725892,31.847374,S4G,Sbc,S\underline{A}B(r\underline{s})b,3.0,42.9,18.46,31.33115848344947,-20.54,10.402,12.044,-19.28715848344947,-20.915582243610626,predicted_B,nan,https://irsa.ipac.caltech.edu/data/SPITZER/S4G/galaxies/NGC2964/P4/
NGC2967,145.513799,0.336436,S4G,Sc,(R')SAB(rs)c,5.0,20.5,23.46,31.85164003889755,-20.516,10.392,12.283,-19.56864003889755,-20.96337040914092,predicted_B,nan,https://irsa.ipac.caltech.edu/data/SPITZER/S4G/galaxies/NGC2967/P4/
NGC2968,145.800077,31.92874,S4G,Sa,"(L)SB(s,bl)0^+^",-1.0,52.7,14.01,30.73219067642887,-19.784,10.1,12.74,-17.99219067642887,-20.032924808960782,predicted_B,nan,https://irsa.ipac.caltech.edu/data/SPITZER/S4G/galaxies/NGC2968/P4/
NGC2976,146.813661,67.916707,S4G,Sc,S\underline{A}B(s)d:,7.0,60.5,3.82,27.91031681455854,-17.99,9.382,10.809,-17.101316814558544,-18.45115945142126,predicted_B,nan,https://irsa.ipac.caltech.edu/data/SPITZER/S4G/galaxies/NGC2976/P4/
NGC2978,145.819947,-9.745734,S4G,SABb,SA(s)b\underline{c},4.5,35.9,85.38,34.65678075233964,-21.831,10.918,13.97,-20.686780752339644,-22.232108476799816,predicted_B,nan,https://irsa.ipac.caltech.edu/data/SPITZER/S4G/galaxies/NGC2978/P4/
NGC2985,147.592417,72.278967,S4G,Sab,(R')SA(rs)\underline{a}b,1.5,37.9,21.5,31.662192299578024,-21.732,10.879,11.215,-20.447192299578024,-22.100070190400835,predicted_B,nan,https://irsa.ipac.caltech.edu/data/SPITZER/S4G/galaxies/NGC2985/P4/
NGC3018,147.42269,0.621409,S4G,SBb,SB(s)\underline{d}m:,7.5,66.8,24.96,31.98622290505193,-18.282,9.499,13.893,-18.09322290505193,-18.907637382687202,predicted_B,nan,https://irsa.ipac.caltech.edu/data/SPITZER/S4G/galaxies/NGC3018/P4/
NGC3020,147.52759,12.81372,S4G,Sc,SB(rs)d\underline{m},8.5,58.4,24.14,31.913686328806655,-18.988,9.781,13.453,-18.460686328806656,-19.534081287269565,predicted_B,nan,https://irsa.ipac.caltech.edu/data/SPITZER/S4G/galaxies/NGC3020/P4/
NGC3021,147.738159,33.553599,S4G,Sbc,SA(s)\underline{b}c,3.5,55.7,26.35,32.10390309774282,-20.437,10.361,12.536,-19.56790309774282,-20.902762227969564,predicted_B,nan,https://irsa.ipac.caltech.edu/data/SPITZER/S4G/galaxies/NGC3021/P4/
NGC3870,176.485913,50.199858,S4G,S0,SB(r'l)0^o^[d]?,-2.0,50.7,17.44,31.207732402982742,-17.991,9.383,13.494,-17.713732402982743,-18.595842114700943,predicted_B,nan,https://irsa.ipac.caltech.edu/data/SPITZER/S4G/galaxies/NGC3870/P4/
NGC3876,176.361104,9.160657,S4G,Sab,(R'L)SA(rs)dm: (RG?) pec,8.0,59.1,38.85,32.946955115684666,-19.519,9.994,13.871,-19.075955115684664,-20.084884452185896,predicted_B,nan,https://irsa.ipac.caltech.edu/data/SPITZER/S4G/galaxies/NGC3876/P4/
NGC3887,176.769131,-16.854523,S4G,Sbc,(RL)SA\underline{B}_x_(rs)bc,4.0,39.4,17.69,31.238639164548616,-20.672,10.455,11.423,-19.815639164548614,-21.140755203668924,predicted_B,nan,https://irsa.ipac.caltech.edu/data/SPITZER/S4G/galaxies/NGC3887/P4/
NGC3888,176.893303,55.967317,S4G,SABc,SA(rs)b,3.0,36.3,39.85,33.00214162866065,-21.244,10.684,12.685,-20.31714162866065,-21.696188282735253,predicted_B,nan,https://irsa.ipac.caltech.edu/data/SPITZER/S4G/galaxies/NGC3888/P4/
NGC3892,177.004335,-10.962115,S4G,S0-a,"(RL)SAB(rl,bl)0^{o/+}^",-1.5,32.0,27.2,32.172844520171,-21.232,10.679,12.836,-19.336844520171,-21.456638462240186,predicted_B,nan,https://irsa.ipac.caltech.edu/data/SPITZER/S4G/galaxies/NGC3892/P4/
NGC3893,177.15901,48.710949,S4G,SABc,SA(s)c,5.0,59.8,15.77,30.98915846664451,-20.633,10.439,10.825,-20.164158466644512,-21.19282223966146,predicted_B,nan,https://irsa.ipac.caltech.edu/data/SPITZER/S4G/galaxies/NGC3893/P4/
NGC3896,177.235142,48.674726,S4G,S0-a,S\underline{A}B:(s:)m pec,9.0,57.7,12.32,30.453053539142033,-16.916,8.953,13.168,-17.285053539142034,-17.67272758169838,predicted_B,nan,https://irsa.ipac.caltech.edu/data/SPITZER/S4G/galaxies/NGC3896/P4/
NGC3898,177.313532,56.084566,S4G,Sab,(RR)SA0^+^,-1.0,56.3,22.1,31.721961368425553,-21.339,10.722,11.257,-20.464961368425556,-21.803600921580003,predicted_B,nan,https://irsa.ipac.caltech.edu/data/SPITZER/S4G/galaxies/NGC3898/P4/
PGC054944,230.833937,-4.151627,S4G,SBab,SB(\underline{r}s)cd,6.0,54.5,26.08,32.08153793529941,-19.427,9.957,13.507,-18.57453793529941,-19.89667141479536,predicted_B,nan,https://irsa.ipac.caltech.edu/data/SPITZER/S4G/galaxies/PGC054944/P4/
PGC066242,317.521256,-3.701667,S4G,SBbc,(R')SB(s)d,7.0,66.3,36.79,32.828648939155634,-18.744,9.684,14.43,-18.398648939155635,-19.332842500701574,predicted_B,nan,https://irsa.ipac.caltech.edu/data/SPITZER/S4G/galaxies/PGC066242/P4/
PGC066559,319.928542,-7.55205,S4G,Sd,SB(s)dm,8.0,49.5,36.23,32.79534167017268,-18.276,9.497,15.891,-16.904341670172684,-18.62366029249058,predicted_B,nan,https://irsa.ipac.caltech.edu/data/SPITZER/S4G/galaxies/PGC066559/P4/
UGC05846,161.12295,60.37105,S4G,I,dIm,10.0,0.0,19.3,31.42778654503887,-15.733,8.479,15.341,-16.08678654503887,-16.486139838084135,predicted_B,nan,https://irsa.ipac.caltech.edu/data/SPITZER/S4G/galaxies/UGC05846/P4/
UGC05918,162.40275,65.53083,S4G,I,dIm,10.0,11.3,7.27,29.30767205429519,-13.311,7.511,15.147,-14.160672054295189,-14.18067293275937,predicted_B,nan,https://irsa.ipac.caltech.edu/data/SPITZER/S4G/galaxies/UGC05918/P4/
UGC05922,162.256363,-0.640408,S4G,SBcd,S\underline{A}B(s)ab: pec / Sph,2.0,51.5,24.66,31.959965361298565,-17.701,9.267,14.735,-17.224965361298565,-18.259131859905164,predicted_B,nan,https://irsa.ipac.caltech.edu/data/SPITZER/S4G/galaxies/UGC05922/P4/
UGC05934,162.49751,31.909483,S4G,SBd,(R_1_')SA\underline{B}(s)d,7.0,59.8,21.53,31.66522014911743,-16.688,8.861,15.576,-16.08922014911743,-17.217286735042595,predicted_B,nan,https://irsa.ipac.caltech.edu/data/SPITZER/S4G/galaxies/UGC05934/P4/
UGC05947,162.62655,19.6443,S4G,I,IB:m sp,10.0,63.7,16.6,31.100540440200277,-15.937,8.561,14.921,-16.179540440200277,-16.663997003447065,predicted_B,nan,https://irsa.ipac.caltech.edu/data/SPITZER/S4G/galaxies/UGC05947/P4/
UGC05976,163.011528,55.601215,S4G,Sc,SA(s:)d:,7.0,35.5,16.18,31.044892586381266,-16.548,8.805,15.041,-16.003892586381266,-17.090134757799596,predicted_B,nan,https://irsa.ipac.caltech.edu/data/SPITZER/S4G/galaxies/UGC05976/P4/
UGC05979,163.170249,67.988807,S4G,I,S/IA(s:)m:,9.5,42.3,20.6,31.569336101845764,-16.478,8.777,15.447,-16.122336101845764,-17.064418983933756,predicted_B,nan,https://irsa.ipac.caltech.edu/data/SPITZER/S4G/galaxies/UGC05979/P4/
UGC08877,209.278943,41.792983,S4G,Sd,SA\underline{B}(s)dm,8.0,28.3,31.91,32.51963402096755,-17.269,9.094,15.16,-17.35963402096755,-17.960298994927374,predicted_B,nan,https://irsa.ipac.caltech.edu/data/SPITZER/S4G/galaxies/UGC08877/P4/
UGC08892,209.4213,57.001,S4G,I,SAB(s)dm,8.0,44.6,29.7,32.36378224658606,-17.548,9.205,15.422,-16.94178224658606,-18.075538827947724,predicted_B,nan,https://irsa.ipac.caltech.edu/data/SPITZER/S4G/galaxies/UGC08892/P4/
UGC08909,209.657786,60.796771,S4G,SABc,S\underline{A}B(s)c\underline{d}:,6.5,42.3,21.54,31.666228494809815,-17.65,9.246,14.676,-16.990228494809813,-18.164953696280303,predicted_B,nan,https://irsa.ipac.caltech.edu/data/SPITZER/S4G/galaxies/UGC08909/P4/
UGC09126,213.91935,16.5489,S4G,IAB,IAB:(s:)m,10.0,27.7,30.0,32.38560627359831,-17.123,9.036,15.115,-17.27060627359831,-17.827687474295605,predicted_B,nan,https://irsa.ipac.caltech.edu/data/SPITZER/S4G/galaxies/UGC09126/P4/
UGC09128,213.9858,23.0548,S4G,IAB,dIm,10.0,58.6,3.61,27.78753600952829,-12.574,7.216,14.563,-13.224536009528288,-13.396875962239147,predicted_B,nan,https://irsa.ipac.caltech.edu/data/SPITZER/S4G/galaxies/UGC09128/P4/
PGC052618,221.003025,-12.950816,DG,SABd,SA(rs)c,5.0,23.6,39.16,32.9642134156555,-18.921,9.755,14.96,-18.0042134156555,-19.309,real,-19.309,https://irsa.ipac.caltech.edu/data/SPITZER/S4G/galaxies/PGC052618/P4/
PGC053303,223.669283,-17.405597,DG,Sbc,SA(s)c,5.0,63.6,39.96,33.00812739776972,-20.002,10.187,13.98,-19.02812739776972,-20.231,real,-20.231,https://irsa.ipac.caltech.edu/data/SPITZER/S4G/galaxies/PGC053303/P4/
PGC053583,225.036683,-16.365221,DG,Sm,S\underline{A}B(s)cd,6.0,33.7,37.44,32.86667920033034,-19.699,10.066,15.0,-17.86667920033034,-19.974,real,-19.974,https://irsa.ipac.caltech.edu/data/SPITZER/S4G/galaxies/PGC053583/P4/
PGC053977,226.778921,-9.964684,DG,IB,SB(rs)dm,8.0,41.5,25.71,32.0505103832143,-17.496,9.185,15.23,-16.8205103832143,-18.063,real,-18.063,https://irsa.ipac.caltech.edu/data/SPITZER/S4G/galaxies/PGC053977/P4/
NGC0357,15.84114,-6.339236,ETG,S0-a,"(RL)SB(rs,bl)0/a",0.0,40.7,32.1,32.53252516202436,-21.352,10.727,13.158,-19.374525162024362,-21.557293413075726,predicted_B,nan,https://irsa.ipac.caltech.edu/data/SPITZER/S4G/galaxies/NGC0357/P4/
NGC0502,20.73138,9.049167,ETG,S0,SA(l)0^+,-1.0,24.4,34.7,32.70164737395437,-20.494,10.384,13.741,-18.960647373954373,-20.80366213287928,predicted_B,nan,https://irsa.ipac.caltech.edu/data/SPITZER/S4G/galaxies/NGC0502/P4/
NGC0524,21.19875,9.538778,ETG,S0-a,"SA(r,l)0^o",-2.0,5.5,26.04,32.078204899480774,-22.284,11.1,11.404,-20.674204899480774,-22.57569815137798,predicted_B,nan,https://irsa.ipac.caltech.edu/data/SPITZER/S4G/galaxies/NGC0524/P4/
NGC5035,198.70509,-16.492528,ETG,S0-a,(L)SAB(r)0^+,-1.0,58.1,29.24,32.329886841429115,-20.158,10.25,13.683,-18.646886841429115,-20.472888407735844,predicted_B,nan,https://irsa.ipac.caltech.edu/data/SPITZER/S4G/galaxies/NGC5035/P4/
NGC3901,175.70589,77.373377,S4G,Sc,SAB(s)\underline{d}m,7.5,62.5,32.2,32.539279358479156,-18.638,9.641,14.548,-17.991279358479154,-19.156020649242603,predicted_B,nan,https://irsa.ipac.caltech.edu/data/SPITZER/S4G/galaxies/NGC3901/P4/
NGC4450,187.123344,17.084958,S4G,Sab,(R')SAB(rs)0/\underline{a},0.5,48.8,15.08,30.892006707668777,-21.192,10.663,10.838,-20.054006707668776,-21.59457157630216,predicted_B,nan,https://irsa.ipac.caltech.edu/data/SPITZER/S4G/galaxies/NGC4450/P4/
NGC4451,187.168827,9.259121,S4G,Sab,SA(r)0^+^[c] / Sph,-1.0,53.6,25.98,32.07319573368505,-19.684,10.06,13.322,-18.751195733685048,-20.134790997415987,predicted_B,nan,https://irsa.ipac.caltech.edu/data/SPITZER/S4G/galaxies/NGC4451/P4/
NGC4454,187.211475,-1.939154,S4G,S0-a,"(RL)SAB(r,bl)0/a",0.0,25.4,31.35,32.48118772583368,-20.877,10.537,12.854,-19.62718772583368,-21.253294115570913,predicted_B,nan,https://irsa.ipac.caltech.edu/data/SPITZER/S4G/galaxies/NGC4454/P4/
NGC4457,187.245941,3.570638,S4G,S0-a,(RR)SAB(l)0^+^,-1.0,34.6,11.99,30.39409591549424,-20.175,10.256,11.714,-18.680095915494242,-20.49369754014115,predicted_B,nan,https://irsa.ipac.caltech.edu/data/SPITZER/S4G/galaxies/NGC4457/P4/
NGC4470,187.40759,7.824203,S4G,Sa,SA(s:)d: pec / Sph,7.0,51.0,17.55,31.221385604009214,-18.743,9.683,13.033,-18.188385604009213,-19.282665616942165,predicted_B,nan,https://irsa.ipac.caltech.edu/data/SPITZER/S4G/galaxies/NGC4470/P4/
NGC4480,187.611662,4.246629,S4G,SABc,SA(s)c,5.0,61.2,41.78,33.104842178221446,-20.828,10.517,13.115,-19.989842178221444,-21.30103291188204,predicted_B,nan,https://irsa.ipac.caltech.edu/data/SPITZER/S4G/galaxies/NGC4480/P4/
NGC4485,187.62962,41.700751,S4G,I,Im pec / Sph,10.0,55.2,8.99,29.76879845866614,-17.4,9.146,12.33,-17.43879845866614,-18.079117637786542,predicted_B,nan,https://irsa.ipac.caltech.edu/data/SPITZER/S4G/galaxies/NGC4485/P4/
NGC4487,187.768625,-8.054005,S4G,Sc,SB(s)d,7.0,58.2,16.97,31.14840921158838,-19.686,10.06,11.831,-19.31740921158838,-20.26938116472327,predicted_B,nan,https://irsa.ipac.caltech.edu/data/SPITZER/S4G/galaxies/NGC4487/P4/
NGC5236,204.253572,-29.865537,S4G,Sc,"SAB(s,nr)c",5.0,14.1,6.51,29.06790494284096,-22.115,11.032,7.818,-21.249904942840963,-22.581702661567626,predicted_B,nan,https://irsa.ipac.caltech.edu/data/SPITZER/S4G/galaxies/NGC5236/P4/
NGC5238,203.677209,51.613749,S4G,SABd,dIm / dE3-4 / Sph,10.0,36.2,4.62,28.323209877780627,-14.422,7.955,13.852,-14.471209877780627,-15.103564321278448,predicted_B,nan,https://irsa.ipac.caltech.edu/data/SPITZER/S4G/galaxies/NGC5238/P4/
NGC5240,203.979981,35.58822,S4G,SBc,SAB(s)b,3.0,47.4,50.97,33.53657316794354,-20.686,10.461,13.818,-19.71857316794354,-21.128654694466732,predicted_B,nan,https://irsa.ipac.caltech.edu/data/SPITZER/S4G/galaxies/NGC5240/P4/
NGC5247,204.51258,-17.88412,S4G,SABb,SA(\underline{r}s)c,5.0,38.1,9.35,29.85405805436259,-19.92,10.154,10.766,-19.08805805436259,-20.39449364277521,predicted_B,nan,https://irsa.ipac.caltech.edu/data/SPITZER/S4G/galaxies/NGC5247/P4/
NGC5248,204.383361,8.885187,S4G,SABb,"(R')SAB(s,nr)bc",4.2,56.4,13.04,30.576387956979502,-20.863,10.531,10.882,-19.694387956979504,-21.258376169890184,predicted_B,nan,https://irsa.ipac.caltech.edu/data/SPITZER/S4G/galaxies/NGC5248/P4/
NGC5254,204.90804,-11.493816,S4G,Sc,SA(s)bc,4.0,67.2,31.45,32.48810324890644,-20.861,10.531,12.67,-19.81810324890644,-21.285919263493014,predicted_B,nan,https://irsa.ipac.caltech.edu/data/SPITZER/S4G/galaxies/NGC5254/P4/
NGC5264,205.40246,-29.91322,S4G,IB,dS0: (I\underline{A}Bm) / Sph,11.0,47.8,4.98,28.48614671379859,-16.217,8.673,12.591,-15.89514671379859,-16.811364477742668,predicted_B,nan,https://irsa.ipac.caltech.edu/data/SPITZER/S4G/galaxies/NGC5264/P4/
NGC5273,205.534942,35.654273,S4G,S0,"SA(l,s)0^{-/o}^",-2.5,58.3,16.66,31.108374985353848,-19.824,10.116,12.532,-18.576374985353848,-20.200808121558154,predicted_B,nan,https://irsa.ipac.caltech.edu/data/SPITZER/S4G/galaxies/NGC5273/P4/
NGC5300,207.066964,3.950817,S4G,SABc,S\underline{A}B(s)c,5.0,50.8,19.62,31.46349501521965,-19.717,10.073,13.056,-18.407495015219652,-20.07926632857662,predicted_B,nan,https://irsa.ipac.caltech.edu/data/SPITZER/S4G/galaxies/NGC5300/P4/
ESO603-005,340.364483,-19.48475,DG,Sbc,SB(s)d sp / E(d)7,7.0,67.7,30.94,32.452601546816744,-17.449,9.166,15.45,-17.002601546816745,-18.021,real,-18.021,https://irsa.ipac.caltech.edu/data/SPITZER/S4G/galaxies/ESO603-005/P4/
ESO603-006,340.697233,-21.16493,DG,SABb,(R$^{\prime}$)SAB(s)m,9.0,42.7,39.8,32.99941536036844,-19.267,9.893,14.04,-18.95941536036844,-19.606,real,-19.606,https://irsa.ipac.caltech.edu/data/SPITZER/S4G/galaxies/ESO603-006/P4/
IC0127,22.448179,-6.980156,DG,Sb,Sb sp / E7,3.0,60.7,39.73,32.995592825276816,-20.219,10.274,14.83,-18.165592825276818,-20.414,real,-20.414,https://irsa.ipac.caltech.edu/data/SPITZER/S4G/galaxies/IC0127/P4/
IC0277,44.960756,2.771362,DG,SBbc,"(R$_1^{\prime}$)SA\underline{B}(rs,nr)b",3.0,30.7,38.21,32.910885188442045,-20.188,10.261,13.89,-19.020885188442044,-20.388,real,-20.388,https://irsa.ipac.caltech.edu/data/SPITZER/S4G/galaxies/IC0277/P4/
UGC05692,157.645676,70.619745,DG,Sm,dIAB(s)m,10.0,49.3,4.0,28.010299956639813,-15.632,8.439,13.51,-14.500299956639813,-16.036050489810357,predicted_B,nan,https://irsa.ipac.caltech.edu/data/SPITZER/S4G/galaxies/UGC05692/P4/
UGC05760,159.088849,13.711617,DG,SBc,Sb sp pec / E7,3.0,68.1,39.96,33.00812739776972,-19.81,10.11,14.3,-18.70812739776972,-20.069,real,-20.069,https://irsa.ipac.caltech.edu/data/SPITZER/S4G/galaxies/UGC05760/P4/
UGC05974,162.897201,4.583227,DG,SABc,SAB(rs)d,7.0,65.0,26.08,32.08153793529941,-17.714,9.272,14.62,-17.46153793529941,-18.256,real,-18.256,https://irsa.ipac.caltech.edu/data/SPITZER/S4G/galaxies/UGC05974/P4/
UGC05983,163.069771,36.592909,DG,I,SB(s)dm sp / E(d)7-8,8.0,45.8,9.33,29.8494082187325,-14.084,7.82,16.53,-13.319408218732498,-14.574320931402136,predicted_B,nan,https://irsa.ipac.caltech.edu/data/SPITZER/S4G/galaxies/UGC05983/P4/
UGC06102,165.451478,28.689942,DG,I,SB(rs)dm,8.0,29.6,9.34,29.851734381150465,-14.066,7.812,15.61,-14.241734381150465,-14.926,real,-14.926,https://irsa.ipac.caltech.edu/data/SPITZER/S4G/galaxies/UGC06102/P4/
UGC06448,171.710793,64.136512,DG,I,SB[0]d,7.0,59.4,19.0,31.39376800476414,-18.983,9.779,14.79,-16.60376800476414,-19.093880481119573,predicted_B,nan,https://irsa.ipac.caltech.edu/data/SPITZER/S4G/galaxies/UGC06448/P4/
UGC06455,171.84135,40.01307,DG,SBb,SB(r\underline{s})cd,6.0,65.9,26.98,32.15520972667943,-17.488,9.182,15.44,-16.715209726679433,-18.056,real,-18.056,https://irsa.ipac.caltech.edu/data/SPITZER/S4G/galaxies/UGC06455/P4/
UGC06658,175.51067,32.00109,DG,SBc,SA(s)c:,5.0,65.9,19.43,31.442364002998914,-16.901,8.946,14.99,-16.452364002998912,-17.532,real,-17.532,https://irsa.ipac.caltech.edu/data/SPITZER/S4G/galaxies/UGC06658/P4/
UGC06669,175.574705,14.994362,DG,IB,IAB(s)m,10.0,63.8,20.1,31.515980287102444,-15.469,8.374,15.8,-15.715980287102443,-16.234,real,-16.234,https://irsa.ipac.caltech.edu/data/SPITZER/S4G/galaxies/UGC06669/P4/
UGC06717,176.190338,9.212962,DG,SBm,SB(s)cd,6.0,36.9,38.54,32.92955855159717,-17.578,9.218,15.46,-17.469558551597167,-18.136,real,-18.136,https://irsa.ipac.caltech.edu/data/SPITZER/S4G/galaxies/UGC06717/P4/
UGC06728,176.31575,79.681624,DG,S0-a,(L)SB$_\textrm{a}$(s)0$^\textrm{o}$,-2.0,36.0,26.19,32.09067749212616,-18.267,9.493,14.69,-17.400677492126164,-18.741,real,-18.741,https://irsa.ipac.caltech.edu/data/SPITZER/S4G/galaxies/UGC06728/P4/
NGC1481,58.62084,-20.427223,ETG,E-S0,E^+^2: pec,11.0,51.3,24.2,31.919076829902153,-18.204,9.468,14.564,-17.355076829902153,-18.674503055027007,predicted_B,nan,https://irsa.ipac.caltech.edu/data/SPITZER/S4G/galaxies/NGC1481/P4/
NGC1531,62.99709,-32.850876,ETG,E-S0,dSB_a_0,11.0,68.3,13.0,30.56971676153418,-18.501,9.587,12.873,-17.696716761534184,-18.981993438960533,predicted_B,nan,https://irsa.ipac.caltech.edu/data/SPITZER/S4G/galaxies/NGC1531/P4/
UGC08986,211.066065,4.112138,ETG,S0,SA(l)0^o,-2.0,12.5,16.59,31.099231930121803,-17.597,9.225,15.219,-15.880231930121804,-17.863559503578625,predicted_B,nan,https://irsa.ipac.caltech.edu/data/SPITZER/S4G/galaxies/UGC08986/P4/
ESO013-009,15.683661,-80.233764,DG,Scd,SAB(s)cd,6.0,68.9,24.27,31.925348881659673,-17.291,9.103,14.93,-16.995348881659673,-17.881,real,-17.881,https://irsa.ipac.caltech.edu/data/SPITZER/S4G/galaxies/ESO013-009/P4/
ESO013-021,26.424588,-77.946807,DG,Sab,SB$_	extrm{a}$(rs)0$^+$,-1.0,59.7,23.36,31.842364192201813,-17.766,9.293,14.66,-17.182364192201813,-18.302,real,-18.302,https://irsa.ipac.caltech.edu/data/SPITZER/S4G/galaxies/ESO013-021/P4/
ESO027-021,346.078911,-79.465897,DG,S0-a,(R$^{\prime}$)SA(nr)b,3.0,39.6,33.28,32.61091658809343,-19.426,9.957,13.97,-18.640916588093432,-19.743,real,-19.743,https://irsa.ipac.caltech.edu/data/SPITZER/S4G/galaxies/ESO027-021/P4/
ESO028-007,359.50485,-73.452209,DG,Sm,SAB(s)cd,6.0,39.5,34.09,32.66313500614446,-17.433,9.159,15.8,-16.863135006144457,-18.006,real,-18.006,https://irsa.ipac.caltech.edu/data/SPITZER/S4G/galaxies/ESO028-007/P4/
ESO080-006,26.821849,-62.971414,DG,SBm,SA\underline{B}(rs)m,9.0,60.6,20.86,31.596571520452564,-17.127,9.037,14.42,-17.176571520452562,-17.735,real,-17.735,https://irsa.ipac.caltech.edu/data/SPITZER/S4G/galaxies/ESO080-006/P4/
ESO084-015,65.553419,-63.611082,DG,SBm,SA(s)cd,6.0,68.4,14.5,30.806840011174877,-15.596,8.425,15.34,-15.466840011174877,-16.35,real,-16.35,https://irsa.ipac.caltech.edu/data/SPITZER/S4G/galaxies/ESO084-015/P4/
NGC6306,256.90396,60.7289,DG,SBab,Sb sp / E(d)7,3.0,63.6,39.94,33.00704030267342,-20.001,10.187,14.52,-18.487040302673417,-20.23,real,-20.23,https://irsa.ipac.caltech.edu/data/SPITZER/S4G/galaxies/NGC6306/P4/
NGC6861B,301.52253,-48.474586,DG,S0,S0$^\textrm{o}$  / E(d)6,-2.0,69.0,39.67,32.992311002370755,-18.731,9.679,15.12,-17.872311002370758,-19.145,real,-19.145,https://irsa.ipac.caltech.edu/data/SPITZER/S4G/galaxies/NGC6861B/P4/
NGC6890,304.575342,-44.806711,DG,SBb,(R$^{\prime}$L)SAB(rs)a,1.0,42.6,31.8,32.51213559992217,-21.126,10.637,12.96,-19.552135599922167,-21.42614186598171,predicted_B,nan,https://irsa.ipac.caltech.edu/data/SPITZER/S4G/galaxies/NGC6890/P4/
NGC6990,314.98706,-55.561732,DG,Sa,SA(\underline{r}s)cd,6.0,61.6,27.19,32.1720460379375,-18.678,9.657,14.0,-18.1720460379375,-19.099,real,-19.099,https://irsa.ipac.caltech.edu/data/SPITZER/S4G/galaxies/NGC6990/P4/
NGC7096,325.33013,-63.908656,DG,Sa,SA(rs)ab,2.0,31.1,39.07,32.959217056123926,-21.658,10.849,12.87,-20.08921705612393,-21.606,real,-21.606,https://irsa.ipac.caltech.edu/data/SPITZER/S4G/galaxies/NGC7096/P4/
NGC7126,327.325486,-60.609143,DG,Sc,SA(rs)bc,4.0,58.2,39.65,32.991215958268114,-21.08,10.618,12.93,-20.061215958268114,-21.132,real,-21.132,https://irsa.ipac.caltech.edu/data/SPITZER/S4G/galaxies/NGC7126/P4/
IC3258,185.93534,12.47838,S4G,IB,IAB:(s:)m,10.0,40.8,13.5,30.651668842475033,-16.781,8.899,13.664,-16.98766884247503,-17.499567177981632,predicted_B,nan,https://irsa.ipac.caltech.edu/data/SPITZER/S4G/galaxies/IC3258/P4/
IC3267,186.022997,7.041304,S4G,Sc,SA(rs)0/\underline{a},0.5,15.1,37.8,32.88745899918612,-19.383,9.939,14.216,-18.67145899918612,-19.885787864808737,predicted_B,nan,https://irsa.ipac.caltech.edu/data/SPITZER/S4G/galaxies/IC3267/P4/
IC3268,186.031865,6.606997,S4G,I,IA:m,10.0,41.6,29.1,32.319464944929535,-18.67,9.654,14.281,-18.038464944929537,-19.191589262058443,predicted_B,nan,https://irsa.ipac.caltech.edu/data/SPITZER/S4G/galaxies/IC3268/P4/
IC3356,186.7107,11.55883,S4G,I,dIm,10.0,67.1,17.26,31.185203956895954,-15.446,8.365,15.12,-16.065203956895957,-16.26151292987055,predicted_B,nan,https://irsa.ipac.caltech.edu/data/SPITZER/S4G/galaxies/IC3356/P4/
IC3391,187.113693,18.415099,S4G,Sc,SA(rs:)c pec / Sph,5.0,37.6,26.73,32.13499479378269,-18.932,9.759,14.063,-18.071994793782686,-19.39989877653893,predicted_B,nan,https://irsa.ipac.caltech.edu/data/SPITZER/S4G/galaxies/IC3391/P4/
IC3473,188.079601,18.245359,S4G,Scd,"dE3-4,N (dIm) / Sph",11.0,48.9,11.12,30.230523936230192,-16.152,8.647,15.232,-14.998523936230193,-16.550933125014097,predicted_B,nan,https://irsa.ipac.caltech.edu/data/SPITZER/S4G/galaxies/IC3473/P4/
IC3475,188.170281,12.771335,S4G,E,dE1 / Sph,11.0,47.2,34.67,32.699769208281985,-18.985,9.78,14.16,-18.539769208281985,-19.550370763946265,predicted_B,nan,https://irsa.ipac.caltech.edu/data/SPITZER/S4G/galaxies/IC3475/P4/
IC3476,188.174492,14.050349,S4G,IB,SAB(s)m,9.0,51.2,13.6,30.66769454185109,-17.731,9.278,13.36,-17.30769454185109,-18.301523217335006,predicted_B,nan,https://irsa.ipac.caltech.edu/data/SPITZER/S4G/galaxies/IC3476/P4/
IC3517,188.62856,9.15452,S4G,SABm,(R')SA\underline{B}(s)d\underline{m},8.5,59.5,21.68,31.680296389331744,-16.594,8.824,15.237,-16.443296389331742,-17.22858465149296,predicted_B,nan,https://irsa.ipac.caltech.edu/data/SPITZER/S4G/galaxies/IC3517/P4/
IC3521,188.6637,7.15879,S4G,IB,IB(s)m / Sph pec,10.0,48.0,14.81,30.85277529260604,-17.813,9.311,13.85,-17.00277529260604,-18.29259719376242,predicted_B,nan,https://irsa.ipac.caltech.edu/data/SPITZER/S4G/galaxies/IC3521/P4/
IC3522,188.689831,15.220227,S4G,IB,dIm,10.0,68.1,19.83,31.48661357102651,-15.793,8.503,15.351,-16.13561357102651,-16.543514189191228,predicted_B,nan,https://irsa.ipac.caltech.edu/data/SPITZER/S4G/galaxies/IC3522/P4/
IC3576,189.15694,6.620577,S4G,SBm,SA\underline{B}(s)m,9.0,21.0,23.29,31.835847442673405,-17.593,9.223,14.047,-17.788847442673404,-18.30902414902825,predicted_B,nan,https://irsa.ipac.caltech.edu/data/SPITZER/S4G/galaxies/IC3576/P4/
IC3687,190.563,38.5026,S4G,IAB,dIm,10.0,25.0,3.79,27.893196049840363,-13.425,7.556,13.729,-14.164196049840363,-14.268711071712486,predicted_B,nan,https://irsa.ipac.caltech.edu/data/SPITZER/S4G/galaxies/IC3687/P4/
IC3727,191.273609,10.900936,S4G,Sc,dE-S0 / Sph,11.0,30.9,14.25,30.76907432172264,-16.513,8.791,14.543,-16.226074321722642,-17.11557246560482,predicted_B,nan,https://irsa.ipac.caltech.edu/data/SPITZER/S4G/galaxies/IC3727/P4/
IC4182,196.455748,37.605226,S4G,Sm,SA(s)m,9.0,25.7,4.2,28.116246451989504,-16.028,8.597,12.343,-15.773246451989504,-16.638132916217533,predicted_B,nan,https://irsa.ipac.caltech.edu/data/SPITZER/S4G/galaxies/IC4182/P4/
NGC5076,199.87665,-12.740875,ETG,S0-a,SB(s)a,1.0,48.9,40.88,33.057554435633286,-20.31,10.31,13.84,-19.217554435633286,-20.72327529237382,predicted_B,nan,https://irsa.ipac.caltech.edu/data/SPITZER/S4G/galaxies/NGC5076/P4/
NGC5283,205.273875,67.672139,ETG,S0,(L)SA(l)0^o,-2.0,34.9,45.33,33.28192859529344,-20.639,10.442,14.246,-19.035928595293434,-20.932278219893956,predicted_B,nan,https://irsa.ipac.caltech.edu/data/SPITZER/S4G/galaxies/NGC5283/P4/
ESO406-031,344.41971,-35.396874,DG,Sab,Sbc: sp / E(d)7,4.0,66.5,21.33,31.644954277247145,-17.705,9.268,15.19,-16.454954277247147,-18.248,real,-18.248,https://irsa.ipac.caltech.edu/data/SPITZER/S4G/galaxies/ESO406-031/P4/
ESO407-004,346.615901,-36.244707,DG,Sc,SAB(s)dm,8.0,53.6,38.33,32.91769409627176,-18.072,9.415,15.19,-17.72769409627176,-18.571,real,-18.571,https://irsa.ipac.caltech.edu/data/SPITZER/S4G/galaxies/ESO407-004/P4/
ESO410-005,3.879778,-32.180694,DG,S0-a,dIm,10.0,52.3,1.91,26.405166836238635,-13.627,7.637,15.42,-10.985166836238635,-13.67616920651608,predicted_B,nan,https://irsa.ipac.caltech.edu/data/SPITZER/S4G/galaxies/ESO410-005/P4/
ESO411-016,11.914482,-27.94725,DG,Sab,S\underline{A}B(s)cd:,6.0,37.3,23.88,31.890171612286657,-16.793,8.903,15.29,-16.60017161228666,-17.436,real,-17.436,https://irsa.ipac.caltech.edu/data/SPITZER/S4G/galaxies/ESO411-016/P4/
ESO411-027,13.21598,-27.3261,DG,Sc,SB(s)dm,8.0,69.0,24.5,31.945830421822663,-15.974,8.576,16.08,-15.865830421822665,-16.696,real,-16.696,https://irsa.ipac.caltech.edu/data/SPITZER/S4G/galaxies/ESO411-027/P4/
ESO420-005,62.305866,-30.415139,DG,Sb,SA(rs)c,5.0,44.9,14.63,30.826221630626556,-16.866,8.933,13.91,-16.916221630626556,-17.502,real,-17.502,https://irsa.ipac.caltech.edu/data/SPITZER/S4G/galaxies/ESO420-005/P4/
ESO440-012,177.243782,-28.443962,DG,I,SAB(s)c,5.0,60.0,20.62,31.571443304737492,-16.062,8.611,15.95,-15.621443304737493,-16.775,real,-16.775,https://irsa.ipac.caltech.edu/data/SPITZER/S4G/galaxies/ESO440-012/P4/
ESO440-018,177.919322,-30.091476,DG,Sbc,SA(s)c,5.0,59.9,23.17,31.82463016894988,-16.676,8.857,15.46,-16.36463016894988,-17.331,real,-17.331,https://irsa.ipac.caltech.edu/data/SPITZER/S4G/galaxies/ESO440-018/P4/
ESO443-008,193.680284,-28.571581,DG,Sc,S\underline{A}B(s)c,5.0,64.7,37.66,32.87940157840323,-17.509,9.19,15.92,-16.95940157840323,-18.075,real,-18.075,https://irsa.ipac.caltech.edu/data/SPITZER/S4G/galaxies/ESO443-008/P4/
ESO443-033,195.400876,-30.065906,DG,Sa,SB$_\textrm{a}$0$^-$,-3.0,57.2,39.9,33.004864478433745,-20.432,10.359,14.11,-18.894864478433746,-20.592,real,-20.592,https://irsa.ipac.caltech.edu/data/SPITZER/S4G/galaxies/ESO443-033/P4/
ESO444-084,204.333487,-28.046178,DG,I,dIAm,10.0,18.2,4.91,28.455407460614843,-13.352,7.527,15.02,-13.435407460614844,-14.041600753244488,predicted_B,nan,https://irsa.ipac.caltech.edu/data/SPITZER/S4G/galaxies/ESO444-084/P4/
ESO445-076,208.731035,-29.137747,DG,Sc,SA(s)d pec,7.0,35.3,36.38,32.80431347363732,-18.18,9.458,14.73,-18.07431347363732,-18.664,real,-18.664,https://irsa.ipac.caltech.edu/data/SPITZER/S4G/galaxies/ESO445-076/P4/
PGC069381,339.58515,-13.136104,DG,Sm,SAB(s)d,7.0,38.0,36.14,32.78994074112457,-17.92,9.354,15.31,-17.479940741124565,-18.437,real,-18.437,https://irsa.ipac.caltech.edu/data/SPITZER/S4G/galaxies/PGC069381/P4/
PGC070104,344.387147,-2.501467,DG,IB,Scd pec,6.0,67.3,37.68,32.880554470604196,-17.496,9.185,15.4,-17.480554470604197,-18.063,real,-18.063,https://irsa.ipac.caltech.edu/data/SPITZER/S4G/galaxies/PGC070104/P4/
PGC070154,344.643737,-4.938493,DG,S?,SB(s)d,7.0,53.8,37.83,32.88918170646372,-17.856,9.328,15.6,-17.289181706463715,-18.38,real,-18.38,https://irsa.ipac.caltech.edu/data/SPITZER/S4G/galaxies/PGC070154/P4/
PGC070787,348.638544,-43.600956,DG,IB,SB(s)m,9.0,25.8,21.31,31.64291724857101,-17.473,9.175,15.0,-16.64291724857101,-17.947930553414185,predicted_B,nan,https://irsa.ipac.caltech.edu/data/SPITZER/S4G/galaxies/PGC070787/P4/
PGC083842,198.7077,-16.973474,DG,S0-a,(RL)S\underline{A}B(l)0$^\textrm{o}$,-2.0,18.7,29.28,32.33285536193177,-18.599,9.626,15.2,-17.13285536193177,-19.03,real,-19.03,https://irsa.ipac.caltech.edu/data/SPITZER/S4G/galaxies/PGC083842/P4/
PGC1010767,355.574664,-7.931272,DG,S?,IB(s)m sp / E5-6,10.0,51.2,27.76,32.217097308914084,-16.649,8.845,15.61,-16.607097308914085,-17.306,real,-17.306,https://irsa.ipac.caltech.edu/data/SPITZER/S4G/galaxies/PGC1010767/P4/
PGC1034827,148.794416,-6.269952,DG,I,IBm sp / E4,10.0,60.7,10.57,30.120374936537132,-14.25,7.886,15.64,-14.480374936537132,-15.1,real,-15.1,https://irsa.ipac.caltech.edu/data/SPITZER/S4G/galaxies/PGC1034827/P4/
PGC128826,64.070421,-54.894175,DG,Sc,SA0$^-$: sp,-3.0,65.0,13.22,30.60615727574811,-15.199,8.266,15.66,-14.94615727574811,-15.985,real,-15.985,https://irsa.ipac.caltech.edu/data/SPITZER/S4G/galaxies/PGC128826/P4/
PGC132468,331.855664,-33.381727,DG,S?,SAB(s)cd,6.0,61.0,35.69,32.7627327397783,-18.19,9.463,15.59,-17.1727327397783,-18.675,real,-18.675,https://irsa.ipac.caltech.edu/data/SPITZER/S4G/galaxies/PGC132468/P4/
PGC158719,200.291818,-11.796877,DG,Sc,Sd spw / E(d)7,7.0,66.3,40.0,33.01029995663981,-17.709,9.277,15.46,-17.55029995663981,-18.27,real,-18.27,https://irsa.ipac.caltech.edu/data/SPITZER/S4G/galaxies/PGC158719/P4/
PGC170100,164.134911,-13.882232,DG,Sc,Im sp / E7,10.0,65.9,25.24,32.01044675286048,-16.839,8.922,15.2,-16.810446752860482,-17.478,real,-17.478,https://irsa.ipac.caltech.edu/data/SPITZER/S4G/galaxies/PGC170100/P4/
NGC1248,48.20229,-5.224698,ETG,S0,(RPL)SA(rs)0/a,0.0,34.2,29.73,32.36597454602469,-20.142,10.243,13.531,-18.83497454602469,-20.504849018315802,predicted_B,nan,https://irsa.ipac.caltech.edu/data/SPITZER/S4G/galaxies/NGC1248/P4/
NGC1315,50.777475,-21.375175,ETG,S0-a,S_AB(s)0^o,-2.0,38.1,16.37,31.070243397059713,-18.631,9.639,13.65,-17.420243397059714,-19.01647219830903,predicted_B,nan,https://irsa.ipac.caltech.edu/data/SPITZER/S4G/galaxies/NGC1315/P4/
ESO287-037,323.631159,-44.313991,S4G,SBm,SAB(s)dm,8.0,32.8,34.94,32.71661450323456,-19.12,9.834,13.728,-18.988614503234558,-19.75912440826012,predicted_B,nan,https://irsa.ipac.caltech.edu/data/SPITZER/S4G/galaxies/ESO287-037/P4/
NGC1559,64.3989,-62.78358,S4G,SBc,SB(s)cd,6.0,60.2,14.94,30.871752987396903,-20.656,10.449,11.016,-19.855752987396905,-21.137941952038272,predicted_B,nan,https://irsa.ipac.caltech.edu/data/SPITZER/S4G/galaxies/NGC1559/P4/
NGC1566,65.001562,-54.937997,S4G,SABb,"(R_1_')SAB(rs,r\underline{s})b",3.0,47.9,9.59,29.909093035853317,-20.585,10.42,10.286,-19.623093035853316,-21.02895186342553,predicted_B,nan,https://irsa.ipac.caltech.edu/data/SPITZER/S4G/galaxies/NGC1566/P4/
NGC1592,67.420164,-27.408694,S4G,S?,Im pec,10.0,62.5,9.12,29.79997419164208,-15.487,8.381,14.425,-15.374974191642078,-16.130673935035887,predicted_B,nan,https://irsa.ipac.caltech.edu/data/SPITZER/S4G/galaxies/NGC1592/P4/
NGC1602,66.97905,-55.05777,S4G,SBm,I\underline{A}B:m,10.0,68.8,20.99,31.610062192912004,-18.083,9.419,13.409,-18.201062192912005,-18.78074461533432,predicted_B,nan,https://irsa.ipac.caltech.edu/data/SPITZER/S4G/galaxies/NGC1602/P4/
NGC1637,70.367434,-2.857959,S4G,Sc,SAB(s)b,3.0,31.1,11.53,30.3091465364735,-19.736,10.081,11.557,-18.752146536473496,-20.174794436071274,predicted_B,nan,https://irsa.ipac.caltech.edu/data/SPITZER/S4G/galaxies/NGC1637/P4/
NGC1640,70.560419,-20.434823,S4G,Sb,"(R')SB_a_(r,bl)\underline{a}b",1.5,17.2,14.77,30.846902476559748,-19.471,9.974,12.427,-18.41990247655975,-19.89399208199154,predicted_B,nan,https://irsa.ipac.caltech.edu/data/SPITZER/S4G/galaxies/NGC1640/P4/
NGC1672,71.427012,-59.24728,S4G,Sb,"(R')SA\underline{B}(rs,nr)b",3.0,28.2,11.81,30.36124948806757,-21.002,10.587,10.343,-20.01824948806757,-21.44081862969588,predicted_B,nan,https://irsa.ipac.caltech.edu/data/SPITZER/S4G/galaxies/NGC1672/P4/
NGC1679,72.479197,-31.965522,S4G,SBm,S/IB(s)m,9.5,49.1,11.32,30.26923213426126,-18.312,9.511,12.654,-17.61523213426126,-18.818259551551396,predicted_B,nan,https://irsa.ipac.caltech.edu/data/SPITZER/S4G/galaxies/NGC1679/P4/
NGC1688,72.098881,-59.800265,S4G,SBc,(R')SB(s)dm,8.0,48.2,14.08,30.743013274030467,-18.758,9.689,12.099,-18.644013274030467,-19.40121311939716,predicted_B,nan,https://irsa.ipac.caltech.edu/data/SPITZER/S4G/galaxies/NGC1688/P4/
NGC1703,73.21712,-59.742332,S4G,SBb,SA(s)c,5.0,21.1,17.4,31.202746241412996,-19.648,10.045,12.019,-19.183746241412997,-20.208900366732053,predicted_B,nan,https://irsa.ipac.caltech.edu/data/SPITZER/S4G/galaxies/NGC1703/P4/
NGC1705,73.555973,-53.360988,S4G,E-S0,"dE3,N / Sph",11.0,48.8,5.32,28.629558161475245,-15.565,8.412,12.792,-15.837558161475245,-16.299051167946683,predicted_B,nan,https://irsa.ipac.caltech.edu/data/SPITZER/S4G/galaxies/NGC1705/P4/
NGC1744,74.9922,-26.02809,S4G,SBcd,SB(s)d,7.0,69.9,9.99,29.997827441129907,-18.179,9.458,11.713,-18.284827441129906,-18.873869448665527,predicted_B,nan,https://irsa.ipac.caltech.edu/data/SPITZER/S4G/galaxies/NGC1744/P4/
NGC1792,76.309986,-37.980583,S4G,Sbc,SA(s)c: pec,5.0,62.8,11.85,30.368591751730612,-20.935,10.56,10.776,-19.592591751730613,-21.289534061656692,predicted_B,nan,https://irsa.ipac.caltech.edu/data/SPITZER/S4G/galaxies/NGC1792/P4/
NGC1800,76.606801,-31.954077,S4G,S?,IB(s:)m / Sph,10.0,47.0,7.71,29.435271890254782,-16.611,8.831,13.116,-16.319271890254782,-17.212443894209873,predicted_B,nan,https://irsa.ipac.caltech.edu/data/SPITZER/S4G/galaxies/NGC1800/P4/
NGC2841,140.511219,50.976585,S4G,Sb,"(RL)S\underline{A}B(\underline{r}s,rl)a",1.0,65.2,16.34,31.066260260981984,-22.347,11.125,10.064,-21.002260260981984,-22.700986161330768,predicted_B,nan,https://irsa.ipac.caltech.edu/data/SPITZER/S4G/galaxies/NGC2841/P4/
NGC2854,141.013174,49.204229,S4G,SBb,SAB(r)\underline{a}b,1.5,68.2,32.8,32.5793692185584,-20.075,10.216,13.936,-18.643369218558398,-20.408566766361222,predicted_B,nan,https://irsa.ipac.caltech.edu/data/SPITZER/S4G/galaxies/NGC2854/P4/
NGC2859,141.077201,34.513533,S4G,S0-a,"(R)SAB_a_(rl,bl,nl,nb)0^+^",-1.0,32.9,18.25,31.30631434396247,-20.834,10.52,11.865,-19.441314343962468,-21.17671887083118,predicted_B,nan,https://irsa.ipac.caltech.edu/data/SPITZER/S4G/galaxies/NGC2859/P4/
NGC2882,141.650581,7.954567,S4G,Sc,SA(rs)b,3.0,61.8,37.36,32.86203433779028,-20.401,10.346,13.506,-19.356034337790277,-20.825433069380715,predicted_B,nan,https://irsa.ipac.caltech.edu/data/SPITZER/S4G/galaxies/NGC2882/P4/
NGC2893,142.570656,29.540002,S4G,S0-a,(R_1_L)SAB(l)\underline{0}/a,-0.5,39.1,26.8,32.14067397014394,-19.417,9.953,13.876,-18.264673970143946,-19.81620338298383,predicted_B,nan,https://irsa.ipac.caltech.edu/data/SPITZER/S4G/galaxies/NGC2893/P4/
NGC2894,142.376007,7.718839,S4G,Sa,(R:)S\underline{A}B0^{-/o}^:,-2.5,65.9,42.3,33.13170183687521,-21.318,10.713,13.231,-19.900701836875207,-21.654934931665675,predicted_B,nan,https://irsa.ipac.caltech.edu/data/SPITZER/S4G/galaxies/NGC2894/P4/
NGC2903,143.042403,21.501831,S4G,SABb,"(R')SB(rs,nr)b",3.0,67.1,7.99,29.512733896569955,-21.103,10.627,9.526,-19.986733896569955,-21.51067746569394,predicted_B,nan,https://irsa.ipac.caltech.edu/data/SPITZER/S4G/galaxies/NGC2903/P4/
NGC2906,143.025968,8.441823,S4G,Sc,SA(rs)\underline{a}b,1.5,54.9,39.05,32.9581051910666,-21.226,10.677,13.203,-19.7551051910666,-21.550339719900652,predicted_B,nan,https://irsa.ipac.caltech.edu/data/SPITZER/S4G/galaxies/NGC2906/P4/
NGC2938,144.604049,76.319302,S4G,Sc,SB(s)\underline{d}m,7.5,48.0,46.0,33.31378915840787,-19.264,9.892,14.368,-18.94578915840787,-19.85922045222585,predicted_B,nan,https://irsa.ipac.caltech.edu/data/SPITZER/S4G/galaxies/NGC2938/P4/
NGC4189,183.446907,13.424757,S4G,Sc,SA\underline{B}(r\underline{s})bc,4.0,35.9,29.93,32.380533584200954,-20.872,10.535,12.58,-19.800533584200956,-21.290205392287223,predicted_B,nan,https://irsa.ipac.caltech.edu/data/SPITZER/S4G/galaxies/NGC4189/P4/
NGC4190,183.43575,36.63337,S4G,IB,IB:m / Sph,10.0,24.5,4.04,28.031906825553023,-14.597,8.025,13.859,-14.172906825553023,-15.16733810400496,predicted_B,nan,https://irsa.ipac.caltech.edu/data/SPITZER/S4G/galaxies/NGC4190/P4/
NGC4193,183.473247,13.172955,S4G,SABb,(RL)SAB(r\underline{s})\underline{a}b,1.5,66.8,37.09,32.84628416664305,-20.864,10.532,13.19,-19.656284166643054,-21.25018677916112,predicted_B,nan,https://irsa.ipac.caltech.edu/data/SPITZER/S4G/galaxies/NGC4193/P4/
NGC4194,183.540203,54.526522,S4G,IB,SA(s)a: pec,1.0,52.6,16.99,31.150966894345224,-19.632,10.039,12.947,-18.203966894345225,-19.96641222017113,predicted_B,nan,https://irsa.ipac.caltech.edu/data/SPITZER/S4G/galaxies/NGC4194/P4/
NGC4204,183.809945,20.658951,S4G,SBd,SB(s)dm,8.0,0.0,8.79,29.71994437536886,-16.876,8.936,13.942,-15.777944375368861,-17.287956928211685,predicted_B,nan,https://irsa.ipac.caltech.edu/data/SPITZER/S4G/galaxies/NGC4204/P4/
NGC4658,191.15731,-10.083328,S4G,Sbc,SB(rs)d,7.0,53.5,29.48,32.34763739593507,-20.161,10.251,12.945,-19.402637395935066,-20.65278478804474,predicted_B,nan,https://irsa.ipac.caltech.edu/data/SPITZER/S4G/galaxies/NGC4658/P4/
NGC4659,191.122453,13.498538,S4G,S0-a,"(\underline{R}L)SAB(l,bl)0^o^",-2.0,49.5,6.26,28.982871666052148,-16.987,8.981,13.063,-15.919871666052147,-17.406224841522253,predicted_B,nan,https://irsa.ipac.caltech.edu/data/SPITZER/S4G/galaxies/NGC4659/P4/
NGC4666,191.285943,-0.461991,S4G,SABc,SA\underline{B}(s)c sp,5.0,69.6,17.05,31.15862191664258,-21.759,10.89,11.453,-19.70562191664258,-21.946456150411006,predicted_B,nan,https://irsa.ipac.caltech.edu/data/SPITZER/S4G/galaxies/NGC4666/P4/
ESO288-013,327.9436,-43.123678,S4G,SABm,SA\underline{B}(s)dm,8.0,37.4,34.41,32.68342336310465,-18.236,9.481,14.603,-18.08042336310465,-18.869439490329594,predicted_B,nan,https://irsa.ipac.caltech.edu/data/SPITZER/S4G/galaxies/ESO288-013/P4/
ESO012-010,359.113364,-81.567077,S4G,SBd,SA\underline{B}(s)d,7.0,26.8,38.08,32.90348469856218,-19.011,9.791,14.475,-18.42848469856218,-19.544108904162112,predicted_B,nan,https://irsa.ipac.caltech.edu/data/SPITZER/S4G/galaxies/ESO012-010/P4/
ESO013-016,23.201707,-79.47388,S4G,SBd,SB(rs)cd,6.0,56.7,21.95,31.707172622890702,-18.567,9.613,13.46,-18.2471726228907,-19.161840566379315,predicted_B,nan,https://irsa.ipac.caltech.edu/data/SPITZER/S4G/galaxies/ESO013-016/P4/
ESO026-001,306.246017,-81.576532,S4G,SBc,(R_2_')SAB(s)\underline{c}d,5.5,30.4,17.04,31.1573479521534,-17.724,9.276,14.532,-16.6253479521534,-18.13581676875605,predicted_B,nan,https://irsa.ipac.caltech.edu/data/SPITZER/S4G/galaxies/ESO026-001/P4/
ESO027-001,328.110719,-81.530872,S4G,SBc,SA\underline{B}(s)\underline{b}c,3.5,36.3,15.1,30.894884736465848,-19.337,9.921,12.377,-18.517884736465845,-19.814507913069473,predicted_B,nan,https://irsa.ipac.caltech.edu/data/SPITZER/S4G/galaxies/ESO027-001/P4/
ESO048-017,332.228699,-73.382242,S4G,SBcd,SB(s)m,9.0,62.5,26.46,32.11294919925741,-17.397,9.145,14.639,-17.473949199257408,-18.08508306182549,predicted_B,nan,https://irsa.ipac.caltech.edu/data/SPITZER/S4G/galaxies/ESO048-017/P4/
ESO054-021,57.454551,-71.635581,S4G,Sd,(R')SAB(s)\underline{d}m pec,7.5,65.8,16.1,31.03412938015925,-18.581,9.618,12.78,-18.25412938015925,-19.174185404337422,predicted_B,nan,https://irsa.ipac.caltech.edu/data/SPITZER/S4G/galaxies/ESO054-021/P4/
ESO079-005,10.182495,-63.441987,S4G,SBcd,SB(s)m,9.0,61.6,21.42,31.654097332479182,-17.785,9.3,13.75,-17.904097332479182,-18.482987873132608,predicted_B,nan,https://irsa.ipac.caltech.edu/data/SPITZER/S4G/galaxies/ESO079-005/P4/
ESO079-007,12.517568,-66.552204,S4G,SBbc,SB(s)dm,8.0,39.2,25.06,31.99490533329066,-18.431,9.559,13.649,-18.34590533329066,-19.081002753323304,predicted_B,nan,https://irsa.ipac.caltech.edu/data/SPITZER/S4G/galaxies/ESO079-007/P4/
ESO114-007,26.626372,-58.672905,S4G,SBm,S/IA\underline{B}(s)m / clump group,9.5,35.5,26.1,32.0832025366914,-17.405,9.148,14.23,-17.853202536691402,-18.18032759612248,predicted_B,nan,https://irsa.ipac.caltech.edu/data/SPITZER/S4G/galaxies/ESO114-007/P4/
ESO120-012,84.996724,-58.584689,S4G,Scd,IAB(s)m,10.0,50.6,13.2,30.60286965602925,-16.518,8.794,14.002,-16.600869656029246,-17.207474369166874,predicted_B,nan,https://irsa.ipac.caltech.edu/data/SPITZER/S4G/galaxies/ESO120-012/P4/
ESO362-009,77.997256,-32.972063,S4G,SABm,SA(s)dm,8.0,25.4,10.2,30.04300085880959,-16.808,8.909,13.113,-16.930000858809592,-17.506670201820253,predicted_B,nan,https://irsa.ipac.caltech.edu/data/SPITZER/S4G/galaxies/ESO362-009/P4/
ESO402-030,321.685171,-34.49894,S4G,S0-a,SA(rs)0^{o/+}^[c],-1.5,63.5,36.29,32.79893484100278,-19.882,10.139,14.42,-18.37893484100278,-20.198779687635653,predicted_B,nan,https://irsa.ipac.caltech.edu/data/SPITZER/S4G/galaxies/ESO402-030/P4/
ESO403-031,327.016853,-36.772655,S4G,Sbc,SB(s:)dm: pec,8.0,68.8,30.93,32.4518996000159,-16.997,8.985,15.235,-17.2168996000159,-17.718676406003738,predicted_B,nan,https://irsa.ipac.caltech.edu/data/SPITZER/S4G/galaxies/ESO403-031/P4/
ESO404-003,328.165578,-36.502734,S4G,SBbc,SB(s)\underline{c}d,5.5,63.8,32.7,32.57273876330143,-19.182,9.859,14.039,-18.53373876330143,-19.699658609375835,predicted_B,nan,https://irsa.ipac.caltech.edu/data/SPITZER/S4G/galaxies/ESO404-003/P4/
ESO404-012,329.280033,-34.58214,S4G,Sc,SAB(rs)b,3.0,38.9,36.77,32.82746814934431,-20.772,10.495,12.916,-19.911468149344312,-21.239775015095912,predicted_B,nan,https://irsa.ipac.caltech.edu/data/SPITZER/S4G/galaxies/ESO404-012/P4/
ESO298-023,33.615,-39.185112,S4G,Sc,S/IAB(s:)m:,9.5,24.3,18.42,31.326448129304147,-16.13,8.638,14.731,-16.595448129304145,-16.909380310386474,predicted_B,nan,https://irsa.ipac.caltech.edu/data/SPITZER/S4G/galaxies/ESO298-023/P4/
NGC1666,72.13686,-6.570097,ETG,S0-a,(L)SB(r)0^o,-2.0,22.8,36.97,32.83924725286553,-20.775,10.496,13.666,-19.173247252865533,-21.068588104423398,predicted_B,nan,https://irsa.ipac.caltech.edu/data/SPITZER/S4G/galaxies/NGC1666/P4/
NGC7135,327.44169,-34.876315,ETG,E-S0,ETG pec,0.0,47.6,29.53,32.351317234825395,-21.052,10.607,12.792,-19.559317234825393,-21.371219550183966,predicted_B,nan,https://irsa.ipac.caltech.edu/data/SPITZER/S4G/galaxies/NGC7135/P4/
NGC7155,329.040495,-49.521969,ETG,S0,(L)SB(bl)0^o,-2.0,31.7,26.38,32.10637395605173,-20.596,10.424,13.072,-19.034373956051734,-20.899017879672158,predicted_B,nan,https://irsa.ipac.caltech.edu/data/SPITZER/S4G/galaxies/NGC7155/P4/
NGC7187,330.68514,-32.803159,ETG,S0-a,(R)SA(r)0^+,-1.0,26.2,35.84,32.771840004950434,-20.697,10.465,13.466,-19.305840004950433,-21.04007740116335,predicted_B,nan,https://irsa.ipac.caltech.edu/data/SPITZER/S4G/galaxies/NGC7187/P4/
NGC7192,331.70889,-64.316208,ETG,E,"SA(l,nl)0^-",-3.0,22.0,33.78,32.64329822617495,-21.712,10.871,12.195,-20.44829822617495,-22.085030083151114,predicted_B,nan,https://irsa.ipac.caltech.edu/data/SPITZER/S4G/galaxies/NGC7192/P4/
NGC7200,331.789635,-49.995499,ETG,E,S0^- sp / E(d)1-2,-3.0,50.6,54.82,33.694695156017396,-21.133,10.639,13.772,-19.922695156017397,-21.518578361664087,predicted_B,nan,https://irsa.ipac.caltech.edu/data/SPITZER/S4G/galaxies/NGC7200/P4/
NGC7302,338.098755,-14.120659,ETG,E-S0,SA(l)0^-,-3.0,65.8,35.74,32.76577274084813,-21.031,10.599,13.15,-19.61577274084813,-21.36842159409931,predicted_B,nan,https://irsa.ipac.caltech.edu/data/SPITZER/S4G/galaxies/NGC7302/P4/
IC0559,146.182426,9.616073,DG,I,SB(s)d: pec,7.0,37.6,9.71,29.936096149540028,-15.515,8.392,14.82,-15.116096149540027,-16.276,real,-16.276,https://irsa.ipac.caltech.edu/data/SPITZER/S4G/galaxies/IC0559/P4/
IC0782,185.403977,5.765833,DG,S0-a,SA(r)0$^\textrm{o}$,-2.0,57.1,32.53,32.56142031640927,-19.436,9.961,14.31,-18.251420316409266,-19.751,real,-19.751,https://irsa.ipac.caltech.edu/data/SPITZER/S4G/galaxies/IC0782/P4/
IC2009,58.396411,-48.989563,DG,IAB,SAB(s)m,9.0,38.5,18.0,31.276362525516532,-16.794,8.904,14.9,-16.376362525516534,-17.437,real,-17.437,https://irsa.ipac.caltech.edu/data/SPITZER/S4G/galaxies/IC2009/P4/
IC2038,62.224611,-55.9924,DG,Scd,Sd: sp / E(d)6-7,7.0,68.8,19.2,31.416506143517744,-16.739,8.882,15.42,-15.996506143517744,-17.23451394372667,predicted_B,nan,https://irsa.ipac.caltech.edu/data/SPITZER/S4G/galaxies/IC2038/P4/
IC2049,63.017638,-58.557368,DG,SABc,SA(s)cd,6.0,38.7,19.66,31.467917567480583,-16.511,8.791,14.57,-16.897917567480583,-17.271925628357938,predicted_B,nan,https://irsa.ipac.caltech.edu/data/SPITZER/S4G/galaxies/IC2049/P4/
IC3118,184.546052,9.49969,DG,I,(R$^{\prime}$)SAB(rs)d:,7.0,64.5,21.06,31.61729183424734,-17.259,9.09,14.74,-16.877291834247337,-17.854,real,-17.854,https://irsa.ipac.caltech.edu/data/SPITZER/S4G/galaxies/IC3118/P4/
IC3430,187.57005,9.08524,DG,S0-a,dSA(r)0$^\textrm{o}$,-2.0,68.9,27.0,32.15681882079493,-17.279,9.098,15.43,-16.726818820794932,-17.87,real,-17.87,https://irsa.ipac.caltech.edu/data/SPITZER/S4G/galaxies/IC3430/P4/
IC3459,187.982851,12.174103,DG,I,S0$^-$ sp / E0,-3.0,32.5,5.15,28.55903614520595,-14.023,7.796,14.91,-13.649036145205951,-14.888,real,-14.888,https://irsa.ipac.caltech.edu/data/SPITZER/S4G/galaxies/IC3459/P4/
IC3518,188.630252,9.623055,DG,I,S0$^-$ sp / E(b)6,-3.0,65.5,19.27,31.424408573277262,-17.297,9.105,14.79,-16.634408573277263,-17.887,real,-17.887,https://irsa.ipac.caltech.edu/data/SPITZER/S4G/galaxies/IC3518/P4/
UGC06756,176.756498,57.09253,DG,S0-a,I0 pec,0.0,62.5,10.43,30.091421542132657,-15.407,8.349,15.13,-14.961421542132657,-16.176,real,-16.176,https://irsa.ipac.caltech.edu/data/SPITZER/S4G/galaxies/UGC06756/P4/
UGC06881,178.68726,20.056712,DG,I,SAB(s)dm,8.0,64.6,16.4,31.07421924023849,-15.103,8.227,15.83,-15.244219240238492,-15.895,real,-15.895,https://irsa.ipac.caltech.edu/data/SPITZER/S4G/galaxies/UGC06881/P4/
UGC06992,180.078403,50.65302,DG,Sd,Im,10.0,63.3,15.9,31.00698562160226,-16.94,8.962,14.81,-16.19698562160226,-17.568,real,-17.568,https://irsa.ipac.caltech.edu/data/SPITZER/S4G/galaxies/UGC06992/P4/
UGC06998,180.198712,-0.023322,DG,Sm,SAB(s)cd,6.0,55.2,31.0,32.456808469171364,-17.287,9.101,15.18,-17.276808469171364,-17.878,real,-17.878,https://irsa.ipac.caltech.edu/data/SPITZER/S4G/galaxies/UGC06998/P4/
UGC07038,180.960561,14.549182,DG,I,SB(s)dm,8.0,35.8,11.98,30.392284090266465,-14.384,7.94,15.95,-14.442284090266465,-15.225,real,-15.225,https://irsa.ipac.caltech.edu/data/SPITZER/S4G/galaxies/UGC07038/P4/
UGC07138,182.370209,26.226337,DG,SABc,SA(s)cd,6.0,57.1,29.05,32.31573068363175,-17.898,9.345,15.3,-17.015730683631748,-18.417,real,-18.417,https://irsa.ipac.caltech.edu/data/SPITZER/S4G/galaxies/UGC07138/P4/
UGC09875,232.697037,23.06614,S4G,SABm,SAB(s)m:,9.0,20.7,26.68,32.130929126222554,-17.412,9.151,15.841,-16.289929126222553,-17.8183133446623,predicted_B,nan,https://irsa.ipac.caltech.edu/data/SPITZER/S4G/galaxies/UGC09875/P4/
UGC09936,234.18747,44.236955,S4G,SABm,(R')SAB(s)m,9.0,67.5,40.7,33.047972046126105,-18.048,9.405,14.976,-18.071972046126106,-18.723633430839634,predicted_B,nan,https://irsa.ipac.caltech.edu/data/SPITZER/S4G/galaxies/UGC09936/P4/
UGC09951,234.833586,15.38442,S4G,SABc,SA(s)d:,7.0,53.9,37.0,32.841008620334975,-17.181,9.059,15.774,-17.067008620334974,-17.82421202577872,predicted_B,nan,https://irsa.ipac.caltech.edu/data/SPITZER/S4G/galaxies/UGC09951/P4/
UGC09992,235.450982,67.253835,S4G,I,dIm / Sph,10.0,60.3,9.94,29.986931921986567,-14.791,8.102,15.565,-14.421931921986568,-15.374269001666844,predicted_B,nan,https://irsa.ipac.caltech.edu/data/SPITZER/S4G/galaxies/UGC09992/P4/
UGC10014,236.433176,12.50961,S4G,IAB,IAB:m:,10.0,22.8,29.8,32.37108132038128,-17.089,9.022,15.608,-16.76308132038128,-17.682409110289598,predicted_B,nan,https://irsa.ipac.caltech.edu/data/SPITZER/S4G/galaxies/UGC10014/P4/
UGC10020,236.435518,20.560417,S4G,Scd,(R')SA(s)c,5.0,21.6,33.4,32.618732334057825,-19.051,9.806,14.581,-18.037732334057825,-19.482882098503588,predicted_B,nan,https://irsa.ipac.caltech.edu/data/SPITZER/S4G/galaxies/UGC10020/P4/
PGC002492,10.439405,-16.860757,S4G,Sab,SAB(r'l)\underline{d}m,7.5,51.0,25.65,32.04543684723917,-17.903,9.347,14.16,-17.885436847239173,-18.568872659101206,predicted_B,nan,https://irsa.ipac.caltech.edu/data/SPITZER/S4G/galaxies/PGC002492/P4/
PGC002689,11.515689,-11.506472,S4G,Sm,S/IB(s)m,9.5,33.8,20.2,31.526756847233116,-16.857,8.929,14.481,-17.045756847233115,-17.57135785909978,predicted_B,nan,https://irsa.ipac.caltech.edu/data/SPITZER/S4G/galaxies/PGC002689/P4/
PGC003853,16.270287,-6.212446,S4G,SABc,(R')SB(rs)cd,6.0,43.2,12.2,30.431799153373746,-18.853,9.727,12.428,-18.003799153373745,-19.323437801042832,predicted_B,nan,https://irsa.ipac.caltech.edu/data/SPITZER/S4G/galaxies/PGC003853/P4/
PGC006048,24.500044,-7.566303,S4G,Sbc,Im / Sph,10.0,69.1,26.01,32.07570176097936,-17.108,9.029,15.22,-16.855701760979365,-17.71870991383015,predicted_B,nan,https://irsa.ipac.caltech.edu/data/SPITZER/S4G/galaxies/PGC006048/P4/
UGC01176,25.04055,15.9047,S4G,I,Im / Sph,10.0,42.7,6.33,29.007018550086777,-14.527,7.997,14.361,-14.646018550086776,-15.224969359270391,predicted_B,nan,https://irsa.ipac.caltech.edu/data/SPITZER/S4G/galaxies/UGC01176/P4/
UGC01200,25.70123,13.15599,S4G,IB,dIm / dE3,11.0,66.2,13.8,30.699395432006185,-16.812,8.911,14.315,-16.384395432006187,-17.381512926521456,predicted_B,nan,https://irsa.ipac.caltech.edu/data/SPITZER/S4G/galaxies/UGC01200/P4/
UGC01547,30.835402,22.041543,S4G,I,S\underline{A}B(s)m,9.0,14.8,35.1,32.72653558232912,-18.266,9.493,14.469,-18.25753558232912,-18.93401086184734,predicted_B,nan,https://irsa.ipac.caltech.edu/data/SPITZER/S4G/galaxies/UGC01547/P4/
UGC01551,30.906525,24.075191,S4G,SBc,SA\underline{B}(rs)\underline{c}d,5.5,56.8,35.6,32.75724998986438,-19.509,9.99,13.888,-18.86924998986438,-20.02865874761813,predicted_B,nan,https://irsa.ipac.caltech.edu/data/SPITZER/S4G/galaxies/UGC01551/P4/
UGC01670,32.682887,6.758404,S4G,Sm,SAB(s)m,9.0,0.0,20.7,31.579851727284584,-16.284,8.7,14.986,-16.593851727284584,-17.026815155911876,predicted_B,nan,https://irsa.ipac.caltech.edu/data/SPITZER/S4G/galaxies/UGC01670/P4/
UGC01862,36.103289,-2.16237,S4G,SABc,(R')SA(s)c:,5.0,49.4,19.67,31.469021799596682,-18.122,9.435,13.868,-17.60102179959668,-18.66957012290522,predicted_B,nan,https://irsa.ipac.caltech.edu/data/SPITZER/S4G/galaxies/UGC01862/P4/
UGC06816,177.69795,56.4554,S4G,I,SA\underline{B}(s)m,9.0,32.0,22.0,31.712113404111037,-17.155,9.048,14.289,-17.423113404111035,-17.888006649966094,predicted_B,nan,https://irsa.ipac.caltech.edu/data/SPITZER/S4G/galaxies/UGC06816/P4/
UGC06849,178.16327,50.0379,S4G,Sm,SA(s)dm,8.0,22.6,13.41,30.637143889258,-15.982,8.579,15.43,-15.207143889257999,-16.46990881397563,predicted_B,nan,https://irsa.ipac.caltech.edu/data/SPITZER/S4G/galaxies/UGC06849/P4/
UGC06900,178.91319,31.519217,S4G,I,dSAB0[m] / Sph,11.0,60.1,11.25,30.255762612236907,-15.698,8.465,14.845,-15.410762612236907,-16.300499213875675,predicted_B,nan,https://irsa.ipac.caltech.edu/data/SPITZER/S4G/galaxies/UGC06900/P4/
UGC06903,178.904001,1.237206,S4G,Sc,(R')SB(s)cd,6.0,28.4,30.5,32.42149919673393,-19.461,9.97,14.094,-18.327499196733932,-19.86462731123247,predicted_B,nan,https://irsa.ipac.caltech.edu/data/SPITZER/S4G/galaxies/UGC06903/P4/
UGC06912,179.05962,58.19936,S4G,,S/Im:,9.5,61.2,24.4,31.936949131693652,-17.226,9.077,15.786,-16.15094913169365,-17.643363045948007,predicted_B,nan,https://irsa.ipac.caltech.edu/data/SPITZER/S4G/galaxies/UGC06912/P4/
UGC06917,179.1198,50.42834,S4G,SBm,SB(s)d,7.0,62.2,19.4,31.43900864965113,-18.405,9.548,13.154,-18.28500864965113,-19.046802032668015,predicted_B,nan,https://irsa.ipac.caltech.edu/data/SPITZER/S4G/galaxies/UGC06917/P4/
UGC06922,179.217316,50.81703,S4G,Sbc,SA(s)a:,1.0,14.1,11.72,30.34463805841036,-16.222,8.675,14.194,-16.150638058410358,-16.875229943726435,predicted_B,nan,https://irsa.ipac.caltech.edu/data/SPITZER/S4G/galaxies/UGC06922/P4/
UGC10061,237.8127,16.3295,S4G,I,S/IB:(s:)m,9.5,25.8,27.9,32.22802101636799,-16.646,8.844,14.456,-17.77202101636799,-17.580614938846477,predicted_B,nan,https://irsa.ipac.caltech.edu/data/SPITZER/S4G/galaxies/UGC10061/P4/
UGC10290,243.637428,0.821747,S4G,Sm,SAB(s)\underline{d}m pec,7.5,62.8,30.8,32.44275358250222,-17.924,9.356,15.25,-17.19275358250222,-18.42215709188802,predicted_B,nan,https://irsa.ipac.caltech.edu/data/SPITZER/S4G/galaxies/UGC10290/P4/
NGC4668,191.383344,-0.535808,S4G,SBcd,SB(s)m,9.0,63.9,16.54,31.09267752608264,-17.772,9.295,13.54,-17.55267752608264,-18.39045921862942,predicted_B,nan,https://irsa.ipac.caltech.edu/data/SPITZER/S4G/galaxies/NGC4668/P4/
NGC4680,191.728117,-11.637123,S4G,S0-a,SAB(r\underline{s})b pec,3.0,63.5,31.43,32.486721905087904,-20.302,10.307,13.893,-18.593721905087904,-20.57055464769566,predicted_B,nan,https://irsa.ipac.caltech.edu/data/SPITZER/S4G/galaxies/NGC4680/P4/
NGC4682,191.814633,-10.063369,S4G,SABc,SA(r)bc,4.0,64.6,32.52,32.56075268461015,-20.385,10.34,13.115,-19.44575268461015,-20.834276880883387,predicted_B,nan,https://irsa.ipac.caltech.edu/data/SPITZER/S4G/galaxies/NGC4682/P4/
NGC4688,191.94382,4.335944,S4G,Sc,SB(s)dm,8.0,23.7,7.6,29.404067961403953,-16.603,8.828,13.508,-15.896067961403954,-17.10687097092993,predicted_B,nan,https://irsa.ipac.caltech.edu/data/SPITZER/S4G/galaxies/NGC4688/P4/
NGC4689,191.939893,13.762746,S4G,Sc,"(\underline{R}L)SA(rs,rs)b",3.0,42.5,15.91,31.008350898232905,-20.382,10.339,11.583,-19.425350898232907,-20.827187461084733,predicted_B,nan,https://irsa.ipac.caltech.edu/data/SPITZER/S4G/galaxies/NGC4689/P4/
NGC4691,192.057963,-3.333361,S4G,S0-a,"(R'L,R')SB(s)0/a[dm]",0.0,38.8,21.32,31.643936001772673,-20.831,10.519,11.682,-19.96193600177267,-21.296769960416576,predicted_B,nan,https://irsa.ipac.caltech.edu/data/SPITZER/S4G/galaxies/NGC4691/P4/
NGC5645,217.663866,7.275124,S4G,SBcd,SB(s)dm,8.0,58.6,17.17,31.173851475804582,-18.863,9.731,12.904,-18.269851475804582,-19.393610096814076,predicted_B,nan,https://irsa.ipac.caltech.edu/data/SPITZER/S4G/galaxies/NGC5645/P4/
NGC5660,217.457647,49.62267,S4G,SABc,SA(s)c,5.0,23.5,17.63,31.23126156149661,-19.445,9.964,12.379,-18.85226156149661,-19.975706466951703,predicted_B,nan,https://irsa.ipac.caltech.edu/data/SPITZER/S4G/galaxies/NGC5660/P4/
NGC5661,217.989218,6.25044,S4G,Sb,SB(s)cd,6.0,60.7,48.57,33.43184051736518,-19.922,10.155,14.359,-19.07284051736518,-20.392447521580817,predicted_B,nan,https://irsa.ipac.caltech.edu/data/SPITZER/S4G/galaxies/NGC5661/P4/
NGC5665,218.1075,8.07841,S4G,SABc,(RL)SAB(r\underline{s})c\underline{d} pec,6.5,53.1,21.46,31.658148588149658,-19.85,10.126,12.719,-18.939148588149656,-20.30594991821517,predicted_B,nan,https://irsa.ipac.caltech.edu/data/SPITZER/S4G/galaxies/NGC5665/P4/
NGC5667,217.595421,59.469737,S4G,SBc,SA\underline{B}:(\underline{r}s:)c: pec,5.0,61.3,26.46,32.11294919925741,-19.046,9.804,13.267,-18.845949199257408,-19.66898806182549,predicted_B,nan,https://irsa.ipac.caltech.edu/data/SPITZER/S4G/galaxies/NGC5667/P4/
NGC5668,218.351364,4.450473,S4G,Scd,S\underline{A}B(r\underline{s})c\underline{d},6.5,33.0,14.58,30.818787619909777,-18.889,9.742,12.254,-18.56478761990978,-19.482810090678797,predicted_B,nan,https://irsa.ipac.caltech.edu/data/SPITZER/S4G/galaxies/NGC5668/P4/
NGC5669,218.183079,9.89188,S4G,SABc,SB(rs)d,7.0,56.8,19.1,31.405166836238635,-19.413,9.952,12.971,-18.434166836238635,-19.85297420651608,predicted_B,nan,https://irsa.ipac.caltech.edu/data/SPITZER/S4G/galaxies/NGC5669/P4/
NGC5676,218.195296,49.457878,S4G,Sc,S\underline{A}B(s)c,5.0,66.2,29.4,32.34173665206079,-21.905,10.948,11.87,-20.47173665206079,-22.238183113234285,predicted_B,nan,https://irsa.ipac.caltech.edu/data/SPITZER/S4G/galaxies/NGC5676/P4/
NGC5678,218.023148,57.921425,S4G,SABb,(R'L)SA(\underline{r}s)b: pec,3.0,61.6,27.91,32.228799182443154,-21.485,10.78,12.291,-19.937799182443154,-21.79140780787414,predicted_B,nan,https://irsa.ipac.caltech.edu/data/SPITZER/S4G/galaxies/NGC5678/P4/
NGC3433,163.016045,10.14836,S4G,Sc,SAB(s)b,3.0,17.8,32.44,32.55540422769559,-20.502,10.387,13.217,-19.33840422769559,-20.898554993508462,predicted_B,nan,https://irsa.ipac.caltech.edu/data/SPITZER/S4G/galaxies/NGC3433/P4/
NGC3443,163.250233,17.573881,S4G,Scd,SA(s)dm,8.0,61.2,23.84,31.886531255340998,-17.863,9.331,14.829,-17.057531255340997,-18.343714845005135,predicted_B,nan,https://irsa.ipac.caltech.edu/data/SPITZER/S4G/galaxies/NGC3443/P4/
NGC3445,163.648112,56.990824,S4G,SABm,SAB(s)m,9.0,27.9,22.64,31.774382112581165,-18.903,9.748,12.928,-18.846382112581164,-19.559694796456572,predicted_B,nan,https://irsa.ipac.caltech.edu/data/SPITZER/S4G/galaxies/NGC3445/P4/
NGC3447,163.349772,16.773345,S4G,Sm,SA\underline{B}(s)d\underline{m},8.5,64.1,13.73,30.688352686183777,-17.29,9.102,14.462,-16.226352686183777,-17.710042881253187,predicted_B,nan,https://irsa.ipac.caltech.edu/data/SPITZER/S4G/galaxies/NGC3447/P4/
NGC3455,163.629522,17.284719,S4G,SABb,SA(r\underline{s})c:,5.0,53.7,24.25,31.92355871469141,-19.042,9.803,14.309,-17.614558714691412,-19.37655129795248,predicted_B,nan,https://irsa.ipac.caltech.edu/data/SPITZER/S4G/galaxies/NGC3455/P4/
NGC3471,164.787698,61.530764,S4G,Sa,(R'L)SB(r\underline{s})0/a[d],0.0,65.1,28.07,32.2412120631722,-20.147,10.245,13.252,-18.989212063172197,-20.544919834845466,predicted_B,nan,https://irsa.ipac.caltech.edu/data/SPITZER/S4G/galaxies/NGC3471/P4/
NGC4210,183.816108,65.985316,S4G,Sb,SB(rs)\underline{b}c,3.5,46.2,36.37,32.80371650527356,-20.437,10.361,13.512,-19.291716505273563,-20.837858378739288,predicted_B,nan,https://irsa.ipac.caltech.edu/data/SPITZER/S4G/galaxies/NGC4210/P4/
NGC4212,183.913988,13.901552,S4G,Sc,SA(rs)b,3.0,54.5,18.01,31.27756856409767,-20.502,10.387,11.783,-19.49456856409767,-20.935253612562953,predicted_B,nan,https://irsa.ipac.caltech.edu/data/SPITZER/S4G/galaxies/NGC4212/P4/
NGC4214,183.91305,36.328,S4G,I,IAB(s)m / Sph,10.0,43.7,2.98,27.37108132038128,-17.157,9.049,10.209,-17.16208132038128,-17.8281941102896,predicted_B,nan,https://irsa.ipac.caltech.edu/data/SPITZER/S4G/galaxies/NGC4214/P4/
NGC4234,184.288151,3.683112,S4G,Sm,(L)SB(rs)d\underline{m},8.5,17.2,32.9,32.58597948974987,-19.877,10.137,13.433,-19.152979489749868,-20.37685518009122,predicted_B,nan,https://irsa.ipac.caltech.edu/data/SPITZER/S4G/galaxies/NGC4234/P4/
NGC4237,184.297628,15.324096,S4G,SABb,(R')SA(s)b,3.0,51.7,20.36,31.543888868323606,-20.344,10.324,12.38,-19.163888868323603,-20.73667388405605,predicted_B,nan,https://irsa.ipac.caltech.edu/data/SPITZER/S4G/galaxies/NGC4237/P4/
ESO150-005,5.607727,-53.648004,S4G,SABd,SA(s)d:,7.0,57.4,14.26,30.770597627579235,-16.654,8.848,14.004,-16.766597627579237,-17.350460442481122,predicted_B,nan,https://irsa.ipac.caltech.edu/data/SPITZER/S4G/galaxies/ESO150-005/P4/
ESO159-025,85.77587,-52.706139,S4G,IB,dIm,10.0,47.2,11.8,30.359410036530626,-15.166,8.253,15.522,-14.837410036530626,-15.758781358584697,predicted_B,nan,https://irsa.ipac.caltech.edu/data/SPITZER/S4G/galaxies/ESO159-025/P4/
ESO187-051,316.88834,-54.950367,S4G,SBm,SA\underline{B}(s)m,9.0,56.1,17.35,31.196497395634466,-16.182,8.659,14.91,-16.286497395634466,-16.876556887974097,predicted_B,nan,https://irsa.ipac.caltech.edu/data/SPITZER/S4G/galaxies/ESO187-051/P4/
ESO234-043,308.05724,-48.53057,S4G,SBm,SA\underline{B}(s)\underline{d}m:,7.5,44.0,22.42,31.753178041294774,-17.249,9.086,14.477,-17.276178041294774,-17.92538683970427,predicted_B,nan,https://irsa.ipac.caltech.edu/data/SPITZER/S4G/galaxies/ESO234-043/P4/
ESO234-049,308.82525,-49.86563,S4G,Sbc,SA(r)cd pec,6.0,51.8,34.62,32.696635317696874,-19.584,10.02,13.106,-19.590635317696872,-20.255559299658763,predicted_B,nan,https://irsa.ipac.caltech.edu/data/SPITZER/S4G/galaxies/ESO234-049/P4/
ESO237-052,334.447544,-49.259695,S4G,SBd,SAB(s)\underline{d}m:,7.5,67.3,34.54,32.6916116661572,-18.292,9.503,14.541,-18.1506116661572,-18.928773741546944,predicted_B,nan,https://irsa.ipac.caltech.edu/data/SPITZER/S4G/galaxies/ESO237-052/P4/
ESO238-018,338.933199,-50.890996,S4G,Sc,SA\underline{B}(s)dm,8.0,32.4,39.7,32.99395253381557,-18.458,9.569,14.22,-18.773952533815574,-19.202248845446658,predicted_B,nan,https://irsa.ipac.caltech.edu/data/SPITZER/S4G/galaxies/ESO238-018/P4/
ESO245-005,26.26605,-43.59854,S4G,IB,S/IAB(s)m,9.5,20.9,4.29,28.162286460923617,-14.334,7.92,12.799,-15.363286460923618,-15.24588231831705,predicted_B,nan,https://irsa.ipac.caltech.edu/data/SPITZER/S4G/galaxies/ESO245-005/P4/
ESO245-007,27.774822,-44.444637,S4G,Sm,Im,10.0,35.6,0.42,23.116246451989504,-9.228,5.877,13.722,-9.394246451989504,-9.937067916217533,predicted_B,nan,https://irsa.ipac.caltech.edu/data/SPITZER/S4G/galaxies/ESO245-007/P4/
ESO249-008,54.328722,-43.586393,S4G,Sa,Im (cc) pec,10.0,52.3,16.81,31.127838567197358,-16.861,8.931,14.218,-16.909838567197358,-17.54247706329138,predicted_B,nan,https://irsa.ipac.caltech.edu/data/SPITZER/S4G/galaxies/ESO249-008/P4/
ESO249-036,59.8155,-45.87331,S4G,IB,S/IA\underline{B}:(s:)m,9.5,42.0,9.4,29.86563926799849,-14.644,8.044,15.297,-14.568639267998488,-15.296290227979645,predicted_B,nan,https://irsa.ipac.caltech.edu/data/SPITZER/S4G/galaxies/ESO249-036/P4/
NGC2551,126.209258,73.412064,S4G,S0-a,SA(l)0/a,0.0,50.6,34.1,32.66377189496249,-20.638,10.441,13.104,-19.559771894962488,-21.054616395316184,predicted_B,nan,https://irsa.ipac.caltech.edu/data/SPITZER/S4G/galaxies/NGC2551/P4/
NGC2552,124.83555,50.00967,S4G,SABm,(R')SAB(s)d\underline{m},8.5,68.0,10.61,30.128576919506706,-17.263,9.091,12.696,-17.432576919506708,-17.972850576084078,predicted_B,nan,https://irsa.ipac.caltech.edu/data/SPITZER/S4G/galaxies/NGC2552/P4/
NGC2604,128.346418,29.538757,S4G,SBc,(R_1_')SB(r\underline{s})\underline{c}d,5.5,22.4,27.91,32.228799182443154,-19.336,9.92,13.891,-18.337799182443156,-19.771422807874142,predicted_B,nan,https://irsa.ipac.caltech.edu/data/SPITZER/S4G/galaxies/NGC2604/P4/
NGC2608,128.822289,28.473461,S4G,Sb,SAB(s)b,3.0,64.3,21.22,31.633726897826612,-19.75,10.086,12.962,-18.671726897826613,-20.166605820989254,predicted_B,nan,https://irsa.ipac.caltech.edu/data/SPITZER/S4G/galaxies/NGC2608/P4/
NGC2633,132.01899,74.098973,S4G,Sb,(R_2_')SAB(rs)b,3.0,53.8,25.97,32.07235974814652,-20.758,10.489,12.866,-19.206359748146518,-21.06336454081443,predicted_B,nan,https://irsa.ipac.caltech.edu/data/SPITZER/S4G/galaxies/NGC2633/P4/
NGC2655,133.908239,78.223301,S4G,S0-a,(L)SAB(s)0/a pec,0.0,66.2,24.4,31.936949131693652,-22.316,11.112,10.98,-20.95694913169365,-22.666623045948008,predicted_B,nan,https://irsa.ipac.caltech.edu/data/SPITZER/S4G/galaxies/NGC2655/P4/
NGC2681,133.386411,51.313604,S4G,S0-a,(\underline{R}L)SAB(\underline{r}s)\underline{0}/a,-0.5,0.0,15.63,30.969794890095933,-20.791,10.503,11.146,-19.823794890095932,-21.233706799172545,predicted_B,nan,https://irsa.ipac.caltech.edu/data/SPITZER/S4G/galaxies/NGC2681/P4/
NGC2684,133.725149,49.160442,S4G,Sc,SA(rs)b,3.0,41.8,38.69,32.93799364860622,-20.034,10.2,13.696,-19.241993648606226,-20.517878507422463,predicted_B,nan,https://irsa.ipac.caltech.edu/data/SPITZER/S4G/galaxies/NGC2684/P4/
NGC2685,133.894531,58.73441,S4G,S0-a,(R)S0^{-/o}^ pec,-2.5,68.7,13.05,30.578052558371496,-19.61,10.03,12.161,-18.417052558371495,-19.9996573512173,predicted_B,nan,https://irsa.ipac.caltech.edu/data/SPITZER/S4G/galaxies/NGC2685/P4/
NGC2701,134.773903,53.771599,S4G,SABc,S\underline{A}B(s)\underline{b}c pec,3.5,49.2,33.35,32.615479191262835,-20.381,10.339,12.786,-19.829479191262834,-20.921392609946768,predicted_B,nan,https://irsa.ipac.caltech.edu/data/SPITZER/S4G/galaxies/NGC2701/P4/
NGC2710,134.951442,55.706361,S4G,SBb,SB(s)b\underline{c},4.5,65.1,50.4,33.51215268222762,-20.503,10.387,13.727,-19.785152682227622,-21.004305880323493,predicted_B,nan,https://irsa.ipac.caltech.edu/data/SPITZER/S4G/galaxies/NGC2710/P4/
NGC2712,134.877018,44.91395,S4G,SBb,"(R')SAB(rs,nl)a\underline{b}",2.5,60.4,28.42,32.26812036795725,-20.579,10.418,12.78,-19.48812036795725,-20.992643286469953,predicted_B,nan,https://irsa.ipac.caltech.edu/data/SPITZER/S4G/galaxies/NGC2712/P4/
NGC2731,135.535322,8.301702,S4G,SABb,S pec / RG?,0.0,48.8,31.03,32.45890887792083,-19.634,10.04,14.12,-18.33890887792083,-19.999653586311396,predicted_B,nan,https://irsa.ipac.caltech.edu/data/SPITZER/S4G/galaxies/NGC2731/P4/
NGC2742,136.889776,60.479448,S4G,Sc,SA(s)c,5.0,60.6,22.47,31.758015362095648,-20.537,10.401,12.081,-19.67701536209565,-21.004903610092477,predicted_B,nan,https://irsa.ipac.caltech.edu/data/SPITZER/S4G/galaxies/NGC2742/P4/
NGC2743,136.225353,25.0039,S4G,Sd,SB(rs)d\underline{m},8.5,53.5,31.5,32.491552768948004,-19.185,9.86,14.142,-18.349552768948005,-19.65866990070278,predicted_B,nan,https://irsa.ipac.caltech.edu/data/SPITZER/S4G/galaxies/NGC2743/P4/
IC4214,199.427889,-32.101719,S4G,SBa,"(R_1_)SA(\underline{r}s,nr,nb)0/a",0.0,55.6,30.18,32.39859617719786,-21.64,10.842,12.272,-20.12659617719786,-21.9543501016415,predicted_B,nan,https://irsa.ipac.caltech.edu/data/SPITZER/S4G/galaxies/IC4214/P4/
IC4221,199.62652,-14.608889,S4G,SBc,SB(rs)\underline{d}m,7.5,65.2,32.63,32.56808536893938,-19.774,10.096,13.58,-18.98808536893938,-20.259310061700756,predicted_B,nan,https://irsa.ipac.caltech.edu/data/SPITZER/S4G/galaxies/IC4221/P4/
IC4237,201.136512,-21.136886,S4G,SBb,SB_x_(r)b,3.0,51.7,40.07,33.0140967121635,-21.025,10.596,13.174,-19.8400967121635,-21.41654772735842,predicted_B,nan,https://irsa.ipac.caltech.edu/data/SPITZER/S4G/galaxies/IC4237/P4/
IC4247,201.6852,-30.3625,S4G,S?,dIm,10.0,69.7,4.97,28.48178194366666,-13.87,7.734,14.435,-14.04678194366666,-14.581543756761665,predicted_B,nan,https://irsa.ipac.caltech.edu/data/SPITZER/S4G/galaxies/IC4247/P4/
NGC0210,10.145717,-13.872773,S4G,SABb,"(R_1_',R_2_'L)SAB(r'l,nrl)ab",2.0,55.4,18.32,31.314627346659158,-20.518,10.393,11.72,-19.59462734665916,-20.971007426464904,predicted_B,nan,https://irsa.ipac.caltech.edu/data/SPITZER/S4G/galaxies/NGC0210/P4/
NGC0244,11.44343,-15.59657,S4G,S0,(L)SA(r\underline{s})m:,9.0,0.0,21.53,31.66522014911743,-18.072,9.415,13.789,-17.87622014911743,-18.695991735042597,predicted_B,nan,https://irsa.ipac.caltech.edu/data/SPITZER/S4G/galaxies/NGC0244/P4/
NGC0254,11.865155,-31.421775,S4G,S0-a,(\underline{R}L)SAB(l)0^+^,-1.0,57.4,20.7,31.579851727284584,-20.166,10.253,12.591,-18.988851727284583,-20.55937015591188,predicted_B,nan,https://irsa.ipac.caltech.edu/data/SPITZER/S4G/galaxies/NGC0254/P4/
NGC0255,11.946929,-11.468734,S4G,Sbc,SB(rs)c\underline{d},6.5,26.2,18.14,31.293186413620383,-19.03,9.798,12.405,-18.88818641362038,-19.66667380720079,predicted_B,nan,https://irsa.ipac.caltech.edu/data/SPITZER/S4G/galaxies/NGC0255/P4/
NGC0274,12.757695,-7.056978,S4G,E-S0,(R)SA(l:)0^-^,-3.0,37.8,28.41,32.267356168614675,-20.164,10.252,13.402,-18.865356168614674,-20.52881869962445,predicted_B,nan,https://irsa.ipac.caltech.edu/data/SPITZER/S4G/galaxies/NGC0274/P4/
NGC0275,12.768555,-7.06573,S4G,SBc,Sdm pec,8.0,38.2,35.59,32.75663994001923,-20.461,10.371,12.812,-19.94463994001923,-21.00965538590452,predicted_B,nan,https://irsa.ipac.caltech.edu/data/SPITZER/S4G/galaxies/NGC0275/P4/
NGC0289,13.176101,-31.205822,S4G,SBbc,"(R',R'L)SAB(rs,rs)\underline{a}b:",1.5,43.0,19.16,31.41197752371263,-20.892,10.543,11.695,-19.71697752371263,-21.28586971807247,predicted_B,nan,https://irsa.ipac.caltech.edu/data/SPITZER/S4G/galaxies/NGC0289/P4/
NGC0300,13.722672,-37.684196,S4G,Scd,SA(s)dm,8.0,48.5,1.94,26.439008649651132,-18.031,9.399,8.761,-17.678008649651133,-18.618047032668017,predicted_B,nan,https://irsa.ipac.caltech.edu/data/SPITZER/S4G/galaxies/NGC0300/P4/
IC5069,315.043324,-71.810632,S4G,SBb,SA\underline{B}(s)\underline{c}d:,5.5,34.9,37.88,32.892049851656175,-18.929,9.758,14.17,-18.722049851656173,-19.550366715139198,predicted_B,nan,https://irsa.ipac.caltech.edu/data/SPITZER/S4G/galaxies/IC5069/P4/
IC5152,330.66996,-51.296397,S4G,IAB,dSAB0^o^ /dSph,11.0,51.6,2.16,26.672268755754654,-15.755,8.488,10.403,-16.269268755754652,-16.545853157602345,predicted_B,nan,https://irsa.ipac.caltech.edu/data/SPITZER/S4G/galaxies/IC5152/P4/
IC5201,335.239184,-46.036088,S4G,Sc,SB(s)d,7.0,66.7,11.22,30.249964284600715,-18.517,9.593,11.387,-18.862964284600714,-19.268301606881167,predicted_B,nan,https://irsa.ipac.caltech.edu/data/SPITZER/S4G/galaxies/IC5201/P4/
IC5240,340.46829,-44.76718,S4G,SBa,SB_x_(r)0/a,0.0,49.6,25.45,32.02843893336389,-20.715,10.472,12.702,-19.32643893336389,-21.058688149340515,predicted_B,nan,https://irsa.ipac.caltech.edu/data/SPITZER/S4G/galaxies/IC5240/P4/
IC1438,334.121147,-21.430606,S4G,Sa,"(R_1_)SAB_a_(r'\underline{l},nl)0/a",0.0,23.8,34.25,32.67330287914222,-20.819,10.514,12.745,-19.928302879142223,-21.27968617659842,predicted_B,nan,https://irsa.ipac.caltech.edu/data/SPITZER/S4G/galaxies/IC1438/P4/
IC1447,337.499209,-5.119821,S4G,Sb,S\underline{A}B(s)bc,4.0,62.1,48.3,33.41973565375756,-20.564,10.412,13.71,-19.709735653757562,-21.033247878633027,predicted_B,nan,https://irsa.ipac.caltech.edu/data/SPITZER/S4G/galaxies/IC1447/P4/
IC1555,8.636397,-30.017818,S4G,Scd,SA(s:)\underline{d}m:,7.5,65.2,20.59,31.568281733090153,-17.128,9.037,14.302,-17.266281733090153,-17.830496207276187,predicted_B,nan,https://irsa.ipac.caltech.edu/data/SPITZER/S4G/galaxies/IC1555/P4/
IC1558,8.946172,-25.374404,S4G,SABm,SA(s)dm,8.0,67.5,11.07,30.22073810439361,-16.926,8.956,12.87,-17.350738104393614,-17.695813454532498,predicted_B,nan,https://irsa.ipac.caltech.edu/data/SPITZER/S4G/galaxies/IC1558/P4/
IC1826,39.76505,-27.44381,S4G,S0-a,Im (cc) / Sph,10.0,31.1,38.81,32.94471821370007,-20.317,10.313,13.169,-19.77571821370007,-20.859798780219517,predicted_B,nan,https://irsa.ipac.caltech.edu/data/SPITZER/S4G/galaxies/IC1826/P4/
IC1870,44.473031,-2.347177,S4G,Sm,SB(s)d\underline{m},8.5,63.3,18.35,31.318180342940543,-18.312,9.511,13.84,-17.478180342940544,-18.78605238059103,predicted_B,nan,https://irsa.ipac.caltech.edu/data/SPITZER/S4G/galaxies/IC1870/P4/
IC1892,47.113261,-23.056018,S4G,SBd,SA\underline{B}(s)dm,8.0,67.0,36.64,32.819777324979064,-18.937,9.761,13.82,-18.999777324979064,-19.621752671370082,predicted_B,nan,https://irsa.ipac.caltech.edu/data/SPITZER/S4G/galaxies/IC1892/P4/
IC3023,182.507377,14.366799,S4G,I,dIm,10.0,60.1,12.35,30.458334787978423,-14.269,7.894,15.416,-15.042334787978422,-15.120733675174929,predicted_B,nan,https://irsa.ipac.caltech.edu/data/SPITZER/S4G/galaxies/IC3023/P4/
IC3044,183.202166,13.976299,S4G,SBc,(R'L)SB(s)d / Sph,7.0,68.8,17.5,31.215190243431472,-16.963,8.971,14.237,-16.97819024343147,-17.636569707206398,predicted_B,nan,https://irsa.ipac.caltech.edu/data/SPITZER/S4G/galaxies/IC3044/P4/
ESO305-009,77.032183,-38.309897,S4G,SBd,SAB(s)dm,8.0,53.0,13.96,30.724427091435714,-16.89,8.942,13.09,-17.634427091435715,-17.734940366487393,predicted_B,nan,https://irsa.ipac.caltech.edu/data/SPITZER/S4G/galaxies/ESO305-009/P4/
ESO340-017,304.922719,-39.288508,S4G,SBd,SB(sl)d,7.0,64.1,36.7,32.82333032126045,-19.177,9.857,13.281,-19.54233032126045,-19.932852625496206,predicted_B,nan,https://irsa.ipac.caltech.edu/data/SPITZER/S4G/galaxies/ESO340-017/P4/
ESO340-042,308.733284,-40.623914,S4G,SBd,SB(s)\underline{d}m,7.5,68.3,24.0,31.901056208558032,-17.568,9.213,14.311,-17.590056208558032,-18.24318320901114,predicted_B,nan,https://irsa.ipac.caltech.edu/data/SPITZER/S4G/galaxies/ESO340-042/P4/
ESO341-032,315.889158,-39.446309,S4G,SBm,SAB(s)d\underline{m} (cc),8.5,26.3,37.09,32.84628416664305,-19.141,9.842,13.71,-19.13628416664305,-19.809891779161116,predicted_B,nan,https://irsa.ipac.caltech.edu/data/SPITZER/S4G/galaxies/ESO341-032/P4/
ESO342-050,322.062601,-37.861329,S4G,Sc,SA(s)bc,4.0,43.5,29.18,32.325426437787165,-20.235,10.28,12.914,-19.411426437787163,-20.711460212879985,predicted_B,nan,https://irsa.ipac.caltech.edu/data/SPITZER/S4G/galaxies/ESO342-050/P4/
ESO345-046,340.815874,-39.867725,S4G,Scd,S\underline{A}B(s)d,7.0,34.5,26.7,32.13255630682288,-18.657,9.649,13.23,-18.902556306822877,-19.384705732103377,predicted_B,nan,https://irsa.ipac.caltech.edu/data/SPITZER/S4G/galaxies/ESO345-046/P4/
ESO347-008,350.2047,-41.73094,S4G,SBm,SA\underline{B}(s)m,9.0,69.8,1.0,25.0,-9.634,6.04,14.779,-10.221,-10.441945,predicted_B,nan,https://irsa.ipac.caltech.edu/data/SPITZER/S4G/galaxies/ESO347-008/P4/
ESO355-026,38.072987,-35.030535,S4G,SBbc,SA(r)bc,4.0,43.0,30.22,32.40147230001503,-19.146,9.845,13.669,-18.73247230001503,-19.71882099050353,predicted_B,nan,https://irsa.ipac.caltech.edu/data/SPITZER/S4G/galaxies/ESO355-026/P4/
ESO357-012,49.222491,-35.541387,S4G,Scd,SAB(s)\underline{d}m,7.5,41.9,21.3,31.64189801719369,-17.658,9.25,13.98,-17.66189801719369,-18.328916034040518,predicted_B,nan,https://irsa.ipac.caltech.edu/data/SPITZER/S4G/galaxies/ESO357-012/P4/
ESO358-005,51.819008,-33.485802,S4G,SABm,S/IA(s:)m,9.5,51.5,21.8,31.692282468023024,-16.893,8.944,14.667,-17.025282468023022,-17.59408637998541,predicted_B,nan,https://irsa.ipac.caltech.edu/data/SPITZER/S4G/galaxies/ESO358-005/P4/
ESO358-015,53.27847,-34.80705,S4G,SBm,SA(s)m pec,9.0,39.9,16.1,31.03412938015925,-15.881,8.539,15.171,-15.86312938015925,-16.546800404337425,predicted_B,nan,https://irsa.ipac.caltech.edu/data/SPITZER/S4G/galaxies/ESO358-015/P4/
ESO358-020,53.739019,-32.639537,S4G,SBm,S/IA\underline{B}(s)m (cc),9.5,68.5,23.7,31.87374173005052,-17.571,9.215,14.479,-17.39474173005052,-18.199579306561873,predicted_B,nan,https://irsa.ipac.caltech.edu/data/SPITZER/S4G/galaxies/ESO358-020/P4/
ESO358-054,55.759165,-36.272745,S4G,SABd,SAB(s)m,9.0,48.0,16.9,31.13943352306837,-16.815,8.912,13.954,-17.18543352306837,-17.57205187792107,predicted_B,nan,https://irsa.ipac.caltech.edu/data/SPITZER/S4G/galaxies/ESO358-054/P4/
ESO359-029,63.21048,-33.00286,S4G,IB,dIm (dE/S0) / Sph,10.0,69.3,11.73,30.346490060577644,-15.582,8.419,14.828,-15.518490060577644,-16.237075164235748,predicted_B,nan,https://irsa.ipac.caltech.edu/data/SPITZER/S4G/galaxies/ESO359-029/P4/
ESO359-031,63.291807,-34.4253,S4G,Sd,IAB(s:)m,10.0,25.5,20.01,31.506235443181055,-16.723,8.875,14.569,-16.937235443181052,-17.443345329147547,predicted_B,nan,https://irsa.ipac.caltech.edu/data/SPITZER/S4G/galaxies/ESO359-031/P4/
ESO443-085,198.80851,-32.25393,S4G,SBd,SB(s)d,7.0,65.5,23.1,31.81805989946072,-17.599,9.226,14.606,-17.21205989946072,-18.17806907637327,predicted_B,nan,https://irsa.ipac.caltech.edu/data/SPITZER/S4G/galaxies/ESO443-085/P4/
ESO444-037,201.7536,-30.07641,S4G,SBd,S/IB(s)m: sp,9.5,62.8,33.72,32.63943782976352,-17.491,9.183,15.012,-17.627437829763522,-18.193062889994426,predicted_B,nan,https://irsa.ipac.caltech.edu/data/SPITZER/S4G/galaxies/ESO444-037/P4/
ESO445-089,210.266984,-30.327145,S4G,SBcd,SB(s)d,7.0,34.6,36.3,32.79953312518056,-19.94,10.162,13.074,-19.72553312518056,-20.55960028441743,predicted_B,nan,https://irsa.ipac.caltech.edu/data/SPITZER/S4G/galaxies/ESO445-089/P4/
UGC10310,244.07449,47.04523,S4G,Sm,S/IAB(s)m:,9.5,41.7,7.91,29.490882417488386,-15.191,8.262,13.684,-15.806882417488387,-16.005732368109772,predicted_B,nan,https://irsa.ipac.caltech.edu/data/SPITZER/S4G/galaxies/UGC10310/P4/
UGC10437,247.781616,43.348432,S4G,Sc,S\underline{A}B(s)m,9.0,32.2,37.3,32.85854415904344,-18.17,9.454,15.295,-17.56354415904344,-18.697482877375208,predicted_B,nan,https://irsa.ipac.caltech.edu/data/SPITZER/S4G/galaxies/UGC10437/P4/
UGC10445,248.448338,28.984823,S4G,Sc,S\underline{A}B(s)\underline{d}m,7.5,45.8,27.3,32.180813235203786,-18.629,9.638,13.835,-18.345813235203785,-19.23245111027289,predicted_B,nan,https://irsa.ipac.caltech.edu/data/SPITZER/S4G/galaxies/UGC10445/P4/
UGC10608,253.5903,53.11214,S4G,SBd,IBm,10.0,45.9,17.15,31.171320621893948,-15.105,8.228,15.474,-15.697320621893947,-15.914195346145078,predicted_B,nan,https://irsa.ipac.caltech.edu/data/SPITZER/S4G/galaxies/UGC10608/P4/
IC5267,344.306218,-43.395929,S4G,S0-a,"(RL)SA(r,l)0/a",0.0,48.4,21.26,31.637816300936386,-21.7,10.866,11.391,-20.246816300936388,-22.02850183072005,predicted_B,nan,https://irsa.ipac.caltech.edu/data/SPITZER/S4G/galaxies/IC5267/P4/
IC5269A,343.9806,-36.34807,S4G,SBm,SAB(s)d\underline{m},8.5,48.6,36.26,32.79713899879745,-18.183,9.459,14.024,-18.77313899879745,-18.991682664717402,predicted_B,nan,https://irsa.ipac.caltech.edu/data/SPITZER/S4G/galaxies/IC5269A/P4/
IC5270,344.478682,-35.858016,S4G,SBc,SB(s)d,7.0,58.2,21.81,31.693278327893502,-19.807,10.109,12.905,-18.7882783278935,-20.237600407054973,predicted_B,nan,https://irsa.ipac.caltech.edu/data/SPITZER/S4G/galaxies/IC5270/P4/
IC5273,344.861151,-37.702888,S4G,SBc,SB(s)\underline{c}d,5.5,51.0,15.33,30.92771077427188,-19.6,10.026,12.561,-18.36671077427188,-19.980177031953893,predicted_B,nan,https://irsa.ipac.caltech.edu/data/SPITZER/S4G/galaxies/IC5273/P4/
IC5321,351.583281,-17.956044,S4G,SBab,SAB(r\underline{s})cd,6.0,59.5,39.82,33.00050627845695,-19.326,9.917,14.006,-18.994506278456953,-19.918098975437385,predicted_B,nan,https://irsa.ipac.caltech.edu/data/SPITZER/S4G/galaxies/IC5321/P4/
IC5325,352.180928,-41.33327,S4G,Sbc,SA(s)bc,4.0,24.9,18.1,31.288392874345924,-20.297,10.305,11.871,-19.41739287434592,-20.76029232547129,predicted_B,nan,https://irsa.ipac.caltech.edu/data/SPITZER/S4G/galaxies/IC5325/P4/
IC5332,353.614368,-36.101015,S4G,SABc,S\underline{A}B(s)cd,6.0,18.5,4.58,28.304327390019346,-17.602,9.227,11.314,-16.990327390019345,-18.128256936654548,predicted_B,nan,https://irsa.ipac.caltech.edu/data/SPITZER/S4G/galaxies/IC5332/P4/
NGC0014,2.19285,15.81629,S4G,IB,(L)IA\underline{B}(s:)m,10.0,55.6,9.27,29.835398670722483,-17.171,9.055,13.023,-16.812398670722484,-17.756728687619784,predicted_B,nan,https://irsa.ipac.caltech.edu/data/SPITZER/S4G/galaxies/NGC0014/P4/
NGC0045,3.516988,-23.181873,S4G,SABd,SA(s)dm,8.0,50.0,7.64,29.415466792878448,-18.455,9.568,11.399,-18.016466792878447,-19.021944696326432,predicted_B,nan,https://irsa.ipac.caltech.edu/data/SPITZER/S4G/galaxies/NGC0045/P4/
NGC0150,8.564448,-27.803522,S4G,SBb,SAB(r\underline{s})ab,2.0,66.9,19.29,31.426661138219423,-20.506,10.388,11.972,-19.45466113821942,-20.928935367481564,predicted_B,nan,https://irsa.ipac.caltech.edu/data/SPITZER/S4G/galaxies/NGC0150/P4/
NGC0157,8.694906,-8.396344,S4G,SABb,SA(s)b\underline{c},4.5,61.8,16.06,31.02872770471331,-20.956,10.569,11.069,-19.95972770471331,-21.39187601060763,predicted_B,nan,https://irsa.ipac.caltech.edu/data/SPITZER/S4G/galaxies/NGC0157/P4/
NGC0772,29.831391,19.007664,S4G,Sb,SA(rs)a\underline{b} pec,2.5,59.6,26.89,32.147954011116504,-22.305,11.108,10.707,-21.440954011116503,-22.77194919261238,predicted_B,nan,https://irsa.ipac.caltech.edu/data/SPITZER/S4G/galaxies/NGC0772/P4/
NGC0779,29.927683,-5.964238,S4G,SABb,(L)SA_x_(rs)a,1.0,69.4,18.31,31.313441721508482,-20.606,10.428,11.965,-19.348441721508483,-20.980473804554496,predicted_B,nan,https://irsa.ipac.caltech.edu/data/SPITZER/S4G/galaxies/NGC0779/P4/
NGC0864,33.865121,6.002503,S4G,SABc,SAB(r\underline{s})bc,4.0,47.6,15.49,30.95025708879603,-19.783,10.099,11.624,-19.326257088796027,-20.345665415867067,predicted_B,nan,https://irsa.ipac.caltech.edu/data/SPITZER/S4G/galaxies/NGC0864/P4/
NGC0895,35.402017,-5.521277,S4G,Sc,S\underline{A}B(rs)c,5.0,49.1,25.15,32.002689946959734,-20.312,10.311,12.304,-19.698689946959732,-20.837872137535538,predicted_B,nan,https://irsa.ipac.caltech.edu/data/SPITZER/S4G/galaxies/NGC0895/P4/
NGC0899,35.47107,-20.8238,S4G,IB,SA(s)d\underline{m},8.5,47.6,18.5,31.33585864201507,-18.512,9.591,13.096,-18.23985864201507,-19.11804678087354,predicted_B,nan,https://irsa.ipac.caltech.edu/data/SPITZER/S4G/galaxies/NGC0899/P4/
NGC0908,35.768854,-21.233821,S4G,SABc,SA(rs)b,3.0,65.1,15.64,30.971183743619143,-21.178,10.657,10.819,-20.15218374361914,-21.6069331797505,predicted_B,nan,https://irsa.ipac.caltech.edu/data/SPITZER/S4G/galaxies/NGC0908/P4/
NGC0918,36.461655,18.496316,S4G,Sc,SAB(s)cd,6.0,57.6,19.12,31.407439439700404,-20.028,10.197,13.074,-18.333439439700406,-20.299778268329593,predicted_B,nan,https://irsa.ipac.caltech.edu/data/SPITZER/S4G/galaxies/NGC0918/P4/
NGC0337,14.95875,-7.57818,S4G,SBcd,SAB(r\underline{s})cd: pec,6.0,50.6,19.35,31.43340484677465,-19.949,10.166,12.007,-19.426404846774652,-20.496190138992045,predicted_B,nan,https://irsa.ipac.caltech.edu/data/SPITZER/S4G/galaxies/NGC0337/P4/
NGC2748,138.429388,76.475236,S4G,Sbc,(R')SAB(\underline{r}s)bc,4.0,68.1,19.05,31.399474900058188,-20.232,10.279,12.397,-19.00247490005819,-20.613061601513675,predicted_B,nan,https://irsa.ipac.caltech.edu/data/SPITZER/S4G/galaxies/NGC2748/P4/
NGC2750,136.4497,25.43743,S4G,SABc,S\underline{A}B(s)\underline{b}c pec,3.5,45.4,20.43,31.55134183316224,-19.61,10.03,12.766,-18.785341833162242,-20.086205330793128,predicted_B,nan,https://irsa.ipac.caltech.edu/data/SPITZER/S4G/galaxies/NGC2750/P4/
NGC2764,137.072973,21.443379,S4G,S0,SA:(rs)a sp / E4-5,1.0,66.3,37.4,32.8643580110024,-20.66,10.45,13.655,-19.2093580110024,-20.989099132585565,predicted_B,nan,https://irsa.ipac.caltech.edu/data/SPITZER/S4G/galaxies/NGC2764/P4/
NGC2775,137.583953,7.037979,S4G,Sab,"SA(l,\underline{r}s)\underline{0}/a",-0.5,40.0,15.5,30.951658490851457,-21.465,10.772,11.144,-19.80765849085146,-21.745524745350092,predicted_B,nan,https://irsa.ipac.caltech.edu/data/SPITZER/S4G/galaxies/NGC2775/P4/
NGC2776,138.060538,44.954873,S4G,SABc,SA(s)c,5.0,67.3,27.04,32.16003343634799,-20.617,10.433,12.202,-19.95803343634799,-21.13214285754178,predicted_B,nan,https://irsa.ipac.caltech.edu/data/SPITZER/S4G/galaxies/NGC2776/P4/
NGC2780,138.184865,34.925594,S4G,Sb,(R'L)SB(rs)a,1.0,45.7,55.55,33.723420316384434,-20.453,10.367,14.336,-19.387420316384436,-20.87258877435034,predicted_B,nan,https://irsa.ipac.caltech.edu/data/SPITZER/S4G/galaxies/NGC2780/P4/
NGC2782,138.521287,40.113657,S4G,SABa,"SA(rs,nr)a pec",1.0,45.1,16.94,31.144567029973437,-19.907,10.149,12.324,-18.82056702997344,-20.32168825204376,predicted_B,nan,https://irsa.ipac.caltech.edu/data/SPITZER/S4G/galaxies/NGC2782/P4/
NGC2787,139.827383,69.203333,S4G,S0-a,"(L)SB_a_(r,bl)0^o^",-2.0,66.1,22.34,31.745415843897952,-21.801,10.906,11.603,-20.14241584389795,-22.081232723316017,predicted_B,nan,https://irsa.ipac.caltech.edu/data/SPITZER/S4G/galaxies/NGC2787/P4/
NGC2793,139.1943,34.43168,S4G,SBm,RG pec,0.0,37.4,20.17,31.523529491063826,-17.909,9.35,13.245,-18.27852949106383,-18.6658394304,predicted_B,nan,https://irsa.ipac.caltech.edu/data/SPITZER/S4G/galaxies/NGC2793/P4/
NGC2805,140.085004,64.10298,S4G,SABc,(R)SA(s)c pec,5.0,36.0,12.76,30.52925337192572,-18.741,9.683,11.796,-18.73325337192572,-19.409179542402544,predicted_B,nan,https://irsa.ipac.caltech.edu/data/SPITZER/S4G/galaxies/NGC2805/P4/
NGC0672,26.976993,27.432764,S4G,SBc,(R')SB(s)d,7.0,69.6,7.32,29.322555405291965,-18.288,9.501,11.41,-17.912555405291965,-18.869770520243613,predicted_B,nan,https://irsa.ipac.caltech.edu/data/SPITZER/S4G/galaxies/NGC0672/P4/
NGC0680,27.447031,21.970864,S4G,E,SA(r'l)0^o^ pec,-2.0,29.4,38.12,32.905764459831445,-21.608,10.829,12.899,-20.006764459831444,-21.90170964806039,predicted_B,nan,https://irsa.ipac.caltech.edu/data/SPITZER/S4G/galaxies/NGC0680/P4/
NGC0681,27.295006,-10.426343,S4G,SABa,SA:(s:)\underline{b}c sp / E(d)3,3.5,46.8,38.0,32.89891798308405,-21.758,10.889,12.775,-20.12391798308405,-22.043990726024752,predicted_B,nan,https://irsa.ipac.caltech.edu/data/SPITZER/S4G/galaxies/NGC0681/P4/
NGC0685,26.928412,-52.761978,S4G,Sc,SB(s)c\underline{d},6.5,41.3,15.2,30.90921793972386,-19.346,9.925,11.896,-19.01321793972386,-19.937796215835107,predicted_B,nan,https://irsa.ipac.caltech.edu/data/SPITZER/S4G/galaxies/NGC0685/P4/
NGC0691,27.673772,21.75999,S4G,Sbc,"(R)SA(rs,rl)ab",2.0,48.0,36.72,32.82451336264602,-21.414,10.752,12.276,-20.548513362646023,-21.880610640221818,predicted_B,nan,https://irsa.ipac.caltech.edu/data/SPITZER/S4G/galaxies/NGC0691/P4/
NGC0693,27.628478,6.145309,S4G,S0-a,S0^o^[d] sp / E(d)5,-2.0,66.8,19.4,31.43900864965113,-19.733,10.079,13.242,-18.197008649651128,-20.042042032668014,predicted_B,nan,https://irsa.ipac.caltech.edu/data/SPITZER/S4G/galaxies/NGC0693/P4/
NGC0701,27.76531,-9.7029,S4G,SBc,SB(rs)d,7.0,62.4,21.09,31.62038289869743,-20.041,10.203,12.81,-18.810382898697426,-20.421804981193894,predicted_B,nan,https://irsa.ipac.caltech.edu/data/SPITZER/S4G/galaxies/NGC0701/P4/
NGC0718,28.305342,4.195761,S4G,Sa,"(L,R')SAB(rs,nl)a",1.0,28.2,21.4,31.652068866745957,-20.307,10.309,12.553,-19.099068866745956,-20.693136183685297,predicted_B,nan,https://irsa.ipac.caltech.edu/data/SPITZER/S4G/galaxies/NGC0718/P4/
NGC0723,28.440354,-23.757733,S4G,Sbc,(R')SA(r\underline{s})b\underline{c},4.5,40.2,19.87,31.490989335549074,-18.749,9.686,13.473,-18.017989335549075,-19.247212493854033,predicted_B,nan,https://irsa.ipac.caltech.edu/data/SPITZER/S4G/galaxies/NGC0723/P4/
NGC1179,45.660498,-18.89794,S4G,Sc,SB(s)cd,6.0,48.0,15.91,31.008350898232905,-18.954,9.768,12.665,-18.343350898232906,-19.480497461084735,predicted_B,nan,https://irsa.ipac.caltech.edu/data/SPITZER/S4G/galaxies/NGC1179/P4/
NGC1187,45.656559,-22.867103,S4G,Sc,SA\underline{B}(rs)bc,4.0,44.3,16.63,31.104461246097593,-20.564,10.412,11.366,-19.738461246097593,-21.039998392832935,predicted_B,nan,https://irsa.ipac.caltech.edu/data/SPITZER/S4G/galaxies/NGC1187/P4/
NGC1222,47.236407,-2.955155,S4G,E-S0,S0^-^ pec,-3.0,67.8,31.0,32.456808469171364,-20.34,10.322,13.146,-19.310808469171363,-20.76813999025527,predicted_B,nan,https://irsa.ipac.caltech.edu/data/SPITZER/S4G/galaxies/NGC1222/P4/
NGC1232,47.439256,-20.579,S4G,SABc,SAB(rs)c,5.0,32.6,15.43,30.941829630315738,-21.09,10.622,10.564,-20.377829630315738,-21.5926399631242,predicted_B,nan,https://irsa.ipac.caltech.edu/data/SPITZER/S4G/galaxies/NGC1232/P4/
NGC1249,47.505009,-53.335851,S4G,SBc,SB(r\underline{s}:)d\underline{m},8.5,69.0,15.5,30.951658490851457,-18.951,9.767,12.178,-18.773658490851457,-19.579324745350092,predicted_B,nan,https://irsa.ipac.caltech.edu/data/SPITZER/S4G/galaxies/NGC1249/P4/
NGC1253,48.537841,-2.822648,S4G,SABc,(R')SA(s)c\underline{d},6.5,68.2,21.17,31.62860429009706,-20.008,10.189,12.252,-19.376604290097056,-20.529622008172808,predicted_B,nan,https://irsa.ipac.caltech.edu/data/SPITZER/S4G/galaxies/NGC1253/P4/
NGC1255,48.383339,-25.725095,S4G,SABb,SB(s)cd,6.0,58.8,17.74,31.24476807747854,-20.083,10.219,11.599,-19.64576807747854,-20.650250498207456,predicted_B,nan,https://irsa.ipac.caltech.edu/data/SPITZER/S4G/galaxies/NGC1255/P4/
NGC1258,48.522911,-21.774392,S4G,SABc,(RxR')SAB(s)ab: pec,2.0,43.7,25.47,32.03014472481807,-18.577,9.617,13.882,-18.148144724818074,-19.14621901033225,predicted_B,nan,https://irsa.ipac.caltech.edu/data/SPITZER/S4G/galaxies/NGC1258/P4/
NGC1291,49.327329,-41.107973,S4G,S0-a,"(R)SAB(l,bl,nb)0^+^",-1.0,29.4,4.4,28.217263382430943,-19.997,10.185,9.417,-18.80026338243094,-20.38576689487127,predicted_B,nan,https://irsa.ipac.caltech.edu/data/SPITZER/S4G/galaxies/NGC1291/P4/
NGC1292,49.561816,-27.61043,S4G,Sc,SA(s)c,5.0,68.6,20.6,31.569336101845764,-19.446,9.964,12.823,-18.746336101845763,-19.951578983933757,predicted_B,nan,https://irsa.ipac.caltech.edu/data/SPITZER/S4G/galaxies/NGC1292/P4/
NGC0936,36.905968,-1.155945,S4G,S0-a,"(L)SB_a_(\underline{r}s,bl)0^+^",-1.0,50.5,20.18,31.524605809504457,-21.84,10.922,11.195,-20.329605809504457,-22.155057365233546,predicted_B,nan,https://irsa.ipac.caltech.edu/data/SPITZER/S4G/galaxies/NGC0936/P4/
NGC0941,37.116078,-1.15148,S4G,SABc,(R')SA(rs)c:,5.0,45.7,18.47,31.332334477201208,-18.635,9.64,13.038,-18.294334477201208,-19.224943602142286,predicted_B,nan,https://irsa.ipac.caltech.edu/data/SPITZER/S4G/galaxies/NGC0941/P4/
NGC0986,38.393089,-39.045003,S4G,Sab,"(R')SB(s,rs,np)ab",2.0,38.0,9.07,29.788036435300477,-19.485,9.98,11.674,-18.114036435300477,-19.832823562295612,predicted_B,nan,https://irsa.ipac.caltech.edu/data/SPITZER/S4G/galaxies/NGC0986/P4/
NGC0988,38.865961,-9.356373,S4G,Sc,SB(s)d,7.0,68.7,15.27,30.919195185282106,-19.454,9.968,10.964,-19.955195185282108,-20.241780868541294,predicted_B,nan,https://irsa.ipac.caltech.edu/data/SPITZER/S4G/galaxies/NGC0988/P4/
NGC0991,38.886123,-7.154328,S4G,SABc,SAB(s)\underline{c}d,5.5,28.1,8.78,29.717472579530515,-17.313,9.111,13.058,-16.659472579530515,-17.82942105618967,predicted_B,nan,https://irsa.ipac.caltech.edu/data/SPITZER/S4G/galaxies/NGC0991/P4/
NGC1015,39.548097,-1.318768,S4G,Sa,"(R')SB(r,bl)0/a",0.0,34.2,35.1,32.72653558232912,-20.743,10.483,13.374,-19.352535582329118,-21.08624086184734,predicted_B,nan,https://irsa.ipac.caltech.edu/data/SPITZER/S4G/galaxies/NGC1015/P4/
IC3059,183.729535,13.460791,S4G,IB,SAB(s)d\underline{m},8.5,38.9,19.4,31.43900864965113,-16.8,8.906,14.787,-16.65200864965113,-17.435222032668015,predicted_B,nan,https://irsa.ipac.caltech.edu/data/SPITZER/S4G/galaxies/IC3059/P4/
IC3102,184.35763,6.690086,S4G,S0-a,(R'L)SAB(\underline{r}s)0/a,0.0,59.5,28.0,32.2357901567111,-20.508,10.389,13.023,-19.212790156711097,-20.873625686827108,predicted_B,nan,https://irsa.ipac.caltech.edu/data/SPITZER/S4G/galaxies/IC3102/P4/
IC3115,184.499496,6.654283,S4G,Sc,SB(s)cd,6.0,46.4,27.03,32.15923022849363,-18.523,9.595,13.771,-18.388230228493626,-19.161329103696,predicted_B,nan,https://irsa.ipac.caltech.edu/data/SPITZER/S4G/galaxies/IC3115/P4/
IC2007,58.845054,-28.157722,S4G,Sbc,SB(r\underline{s})d\underline{m},8.5,65.6,21.5,31.662192299578024,-18.691,9.663,13.729,-17.933192299578025,-19.182915190400834,predicted_B,nan,https://irsa.ipac.caltech.edu/data/SPITZER/S4G/galaxies/IC2007/P4/
IC2035,62.257649,-45.517592,S4G,E-S0,SAB(s)0^{-/o}^,-2.5,40.6,11.87,30.372253594772957,-18.805,9.708,12.424,-17.948253594772957,-19.273664594771645,predicted_B,nan,https://irsa.ipac.caltech.edu/data/SPITZER/S4G/galaxies/IC2035/P4/
IC2051,58.003313,-83.830739,S4G,SBbc,"SB(\underline{r}s,bl)b",3.0,55.2,25.01,31.99056845865251,-21.214,10.672,12.249,-19.74156845865251,-21.53797858778334,predicted_B,nan,https://irsa.ipac.caltech.edu/data/SPITZER/S4G/galaxies/IC2051/P4/
IC2056,64.10196,-60.206804,S4G,Sbc,(L)SA(r\underline{s})bc,4.0,30.5,20.59,31.568281733090153,-19.991,10.183,12.422,-19.146281733090152,-20.462491207276187,predicted_B,nan,https://irsa.ipac.caltech.edu/data/SPITZER/S4G/galaxies/IC2056/P4/
IC2604,162.354451,32.772656,S4G,SBm,SA(s)d\underline{m}:,8.5,32.6,21.86,31.69825078806842,-17.237,9.081,14.723,-16.975250788068422,-17.845488935196077,predicted_B,nan,https://irsa.ipac.caltech.edu/data/SPITZER/S4G/galaxies/IC2604/P4/
IC2627,167.47243,-23.725921,S4G,SABc,(R')SA(s)bc,4.0,46.1,7.34,29.32848029958035,-17.787,9.301,12.682,-16.646480299580347,-18.18897787040138,predicted_B,nan,https://irsa.ipac.caltech.edu/data/SPITZER/S4G/galaxies/IC2627/P4/
IC2764,171.771025,-28.98017,S4G,S0-a,(\underline{R}L)SA(l)0^{o/+}^,-1.5,65.5,22.38,31.74930041096166,-19.849,10.126,13.184,-18.56530041096166,-20.21733059657599,predicted_B,nan,https://irsa.ipac.caltech.edu/data/SPITZER/S4G/galaxies/IC2764/P4/
IC2828,171.795633,8.731073,S4G,S?,IA\underline{B}(s:)m,10.0,67.8,14.2,30.761441721915283,-15.92,8.554,15.026,-15.735441721915283,-16.54662880465009,predicted_B,nan,https://irsa.ipac.caltech.edu/data/SPITZER/S4G/galaxies/IC2828/P4/
IC2969,178.130396,-3.87235,S4G,SBbc,SA(rs)d,7.0,57.5,26.25,32.09564653870988,-18.626,9.637,13.775,-18.32064653870988,-19.224241936596822,predicted_B,nan,https://irsa.ipac.caltech.edu/data/SPITZER/S4G/galaxies/IC2969/P4/
IC3021,182.477466,13.05008,S4G,Sm,dSB(s)0/a:,11.0,58.9,36.4,32.805506918245285,-17.604,9.228,14.969,-17.836506918245284,-18.328639125787642,predicted_B,nan,https://irsa.ipac.caltech.edu/data/SPITZER/S4G/galaxies/IC3021/P4/
IC4316,205.076544,-28.893078,S4G,IB,dE4 (dIm) / Sph,11.0,49.1,4.3,28.16734227789793,-14.162,7.851,14.554,-13.61334227789793,-14.703065435306014,predicted_B,nan,https://irsa.ipac.caltech.edu/data/SPITZER/S4G/galaxies/IC4316/P4/
IC4536,228.322299,-18.137098,S4G,SBcd,SB(rs)d,7.0,54.2,27.65,32.208475678203584,-19.26,9.89,13.898,-18.310475678203584,-19.706861784377843,predicted_B,nan,https://irsa.ipac.caltech.edu/data/SPITZER/S4G/galaxies/IC4536/P4/
IC4901,298.598116,-58.713594,S4G,SABc,SB(r)b\underline{c},4.5,47.8,22.36,31.74735899607193,-20.267,10.293,11.967,-19.780358996071932,-20.822639364076903,predicted_B,nan,https://irsa.ipac.caltech.edu/data/SPITZER/S4G/galaxies/IC4901/P4/
IC5007,310.893137,-29.703815,S4G,Scd,(R_2_')SB(s)dm,8.0,52.2,32.88,32.584659044340064,-20.132,10.239,13.08,-19.504659044340066,-20.654574875419918,predicted_B,nan,https://irsa.ipac.caltech.edu/data/SPITZER/S4G/galaxies/IC5007/P4/
ESO407-009,348.1868,-37.207927,S4G,SBcd,SA(s)b\underline{c},4.5,69.7,24.67,31.96084574744868,-18.158,9.449,14.142,-17.81884574744868,-18.74829875065044,predicted_B,nan,https://irsa.ipac.caltech.edu/data/SPITZER/S4G/galaxies/ESO407-009/P4/
ESO407-014,349.414827,-34.790799,S4G,SBc,SA(\underline{r}s)a\underline{b},2.5,53.9,38.01,32.89948934801552,-19.735,10.08,13.582,-19.31748934801552,-20.306884996783648,predicted_B,nan,https://irsa.ipac.caltech.edu/data/SPITZER/S4G/galaxies/ESO407-014/P4/
ESO407-018,351.61665,-32.38919,S4G,IB,dIA:m,10.0,37.4,1.95,26.45017305681259,-11.838,6.921,14.037,-12.41317305681259,-12.643165668350958,predicted_B,nan,https://irsa.ipac.caltech.edu/data/SPITZER/S4G/galaxies/ESO407-018/P4/
ESO408-012,354.393697,-36.996204,S4G,SABc,SAB(s)d\underline{m},8.5,60.7,56.6,33.76408215594135,-18.711,9.67,15.246,-18.51808215594135,-19.335664306646215,predicted_B,nan,https://irsa.ipac.caltech.edu/data/SPITZER/S4G/galaxies/ESO408-012/P4/
ESO409-015,1.38364,-28.099908,S4G,Sc,dIAB:m,10.0,66.4,8.2,29.569069261918585,-13.695,7.664,15.128,-14.441069261918585,-14.540326276550868,predicted_B,nan,https://irsa.ipac.caltech.edu/data/SPITZER/S4G/galaxies/ESO409-015/P4/
ESO410-018,8.545903,-30.774519,S4G,SABm,SA(s)d\underline{m},8.5,32.3,19.0,31.39376800476414,-16.938,8.961,14.14,-17.25376800476414,-17.68220548111957,predicted_B,nan,https://irsa.ipac.caltech.edu/data/SPITZER/S4G/galaxies/ESO410-018/P4/
ESO418-008,52.877732,-30.213335,S4G,SABd,(R')SB(s)dm:,8.0,49.6,20.61,31.570389958896065,-17.763,9.291,13.885,-17.685389958896067,-18.414761640340576,predicted_B,nan,https://irsa.ipac.caltech.edu/data/SPITZER/S4G/galaxies/ESO418-008/P4/
ESO418-009,52.982199,-31.338224,S4G,IB,SB(s)c\underline{d},6.5,36.7,17.38,31.200248860563235,-17.462,9.171,14.103,-17.097248860563234,-18.04628348223236,predicted_B,nan,https://irsa.ipac.caltech.edu/data/SPITZER/S4G/galaxies/ESO418-009/P4/
ESO419-013,60.173324,-30.831083,S4G,S0-a,Im sp? / Sph,10.0,62.4,19.94,31.49862576987819,-16.953,8.967,14.292,-17.206625769878187,-17.68260205592137,predicted_B,nan,https://irsa.ipac.caltech.edu/data/SPITZER/S4G/galaxies/ESO419-013/P4/
ESO420-009,62.752711,-31.407467,S4G,SBc,SAB(rs)\underline{c}d,5.5,41.7,18.29,31.311068527382083,-17.916,9.353,13.724,-17.587068527382083,-18.50870110393479,predicted_B,nan,https://irsa.ipac.caltech.edu/data/SPITZER/S4G/galaxies/ESO420-009/P4/
ESO421-019,72.30208,-29.20713,S4G,SABm,SA(s)d\underline{m},8.5,49.4,17.4,31.202746241412996,-17.978,9.377,13.208,-17.994746241412997,-18.651935366732054,predicted_B,nan,https://irsa.ipac.caltech.edu/data/SPITZER/S4G/galaxies/ESO421-019/P4/
ESO422-005,73.0232,-28.59197,S4G,I,SA\underline{B}(s)dm:,8.0,50.2,25.96,32.071523440641656,-16.958,8.969,14.879,-17.192523440641658,-17.683113008550787,predicted_B,nan,https://irsa.ipac.caltech.edu/data/SPITZER/S4G/galaxies/ESO422-005/P4/
ESO422-041,77.695789,-31.597046,S4G,SABd,(R')SA(ls)d:,7.0,27.1,10.8,30.167118777434744,-16.842,8.923,13.178,-16.989118777434744,-17.546572912697165,predicted_B,nan,https://irsa.ipac.caltech.edu/data/SPITZER/S4G/galaxies/ESO422-041/P4/
ESO438-017,169.32392,-27.82243,S4G,Sc,SAB(s)d,7.0,58.6,16.45,31.08082951142996,-17.322,9.115,14.034,-17.046829511429962,-17.92733493518604,predicted_B,nan,https://irsa.ipac.caltech.edu/data/SPITZER/S4G/galaxies/ESO438-017/P4/
UGC07257,183.762165,35.959037,S4G,SBd,IA\underline{B}(s)m,10.0,60.1,16.3,31.06093802201979,-16.649,8.846,14.363,-16.69793802201979,-17.330500435174653,predicted_B,nan,https://irsa.ipac.caltech.edu/data/SPITZER/S4G/galaxies/UGC07257/P4/
UGC07271,183.88912,43.435036,S4G,SBcd,S\underline{A}B(s:)dm:,8.0,67.5,13.05,30.578052558371496,-15.899,8.546,15.137,-15.441052558371496,-16.4613823512173,predicted_B,nan,https://irsa.ipac.caltech.edu/data/SPITZER/S4G/galaxies/UGC07271/P4/
UGC07300,184.1808,28.73067,S4G,I,Im,10.0,0.0,9.45,29.87715904254631,-14.45,7.966,15.087,-14.79015904254631,-15.199937374998383,predicted_B,nan,https://irsa.ipac.caltech.edu/data/SPITZER/S4G/galaxies/UGC07300/P4/
UGC07332,184.484235,0.435607,S4G,IB,IB(s)m,10.0,53.3,16.15,31.040862633335607,-15.87,8.534,15.565,-15.475862633335607,-16.447377718833867,predicted_B,nan,https://irsa.ipac.caltech.edu/data/SPITZER/S4G/galaxies/UGC07332/P4/
UGC07490,186.10316,70.334116,S4G,Sm,(L)SA(l)\underline{d}m,7.5,62.8,11.1,30.226614893933288,-16.689,8.862,13.418,-16.80861489393329,-17.387109500074324,predicted_B,nan,https://irsa.ipac.caltech.edu/data/SPITZER/S4G/galaxies/UGC07490/P4/
UGC12732,355.166047,26.236444,S4G,SABm,SAB(s)dm,8.0,26.6,13.6,30.66769454185109,-16.805,8.908,14.283,-16.38469454185109,-17.376228217335004,predicted_B,nan,https://irsa.ipac.caltech.edu/data/SPITZER/S4G/galaxies/UGC12732/P4/
UGC12846,358.94235,18.42587,S4G,SABm,SAB(s)m,9.0,25.7,27.28,32.179221829922206,-16.637,8.841,15.58,-16.599221829922207,-17.298122130031718,predicted_B,nan,https://irsa.ipac.caltech.edu/data/SPITZER/S4G/galaxies/UGC12846/P4/
UGC12893,0.117116,17.219133,S4G,Sd,dSA(l)0^o^ / Sph,11.0,29.5,14.67,30.83215056921641,-16.946,8.965,15.383,-15.44915056921641,-17.26424038376586,predicted_B,nan,https://irsa.ipac.caltech.edu/data/SPITZER/S4G/galaxies/UGC12893/P4/
NGC0337A,15.391406,-7.588056,S4G,SABd,SAB(s)m,9.0,56.1,8.13,29.550452727970338,-16.656,8.848,12.901,-16.64945272797034,-17.32446139107303,predicted_B,nan,https://irsa.ipac.caltech.edu/data/SPITZER/S4G/galaxies/NGC0337A/P4/
NGC0406,16.850863,-69.875573,S4G,SBc,SAB(s)dm,8.0,65.6,20.47,31.55558921331253,-19.076,9.817,13.053,-18.50258921331253,-19.611248465128444,predicted_B,nan,https://irsa.ipac.caltech.edu/data/SPITZER/S4G/galaxies/NGC0406/P4/
NGC0428,18.23175,0.98168,S4G,SABm,SAB(s)dm,8.0,47.9,12.48,30.481072926732026,-18.669,9.654,11.951,-18.530072926732025,-19.306352137782028,predicted_B,nan,https://irsa.ipac.caltech.edu/data/SPITZER/S4G/galaxies/NGC0428/P4/
NGC0450,18.876938,-0.860852,S4G,SABc,SAB(s)c\underline{d},6.5,49.8,17.61,31.228796779836387,-18.72,9.674,12.796,-18.432796779836387,-19.32250724326155,predicted_B,nan,https://irsa.ipac.caltech.edu/data/SPITZER/S4G/galaxies/NGC0450/P4/
NGC0470,19.936847,3.409903,S4G,Sb,(R')SA(s)ab,2.0,58.5,34.79,32.707272143737946,-21.374,10.736,12.546,-20.161272143737946,-21.759008953778416,predicted_B,nan,https://irsa.ipac.caltech.edu/data/SPITZER/S4G/galaxies/NGC0470/P4/
NGC0473,19.979376,16.54477,S4G,S0-a,(L)SA(r)0^+^,-1.0,62.1,29.8,32.37108132038128,-20.206,10.269,13.319,-19.052081320381276,-20.6048291102896,predicted_B,nan,https://irsa.ipac.caltech.edu/data/SPITZER/S4G/galaxies/NGC0473/P4/
NGC0474,20.027841,3.415528,S4G,S0,(R')SAB(r'l)0/a pec,0.0,26.2,28.05,32.2396643279609,-20.944,10.564,12.383,-19.856664327960903,-21.35847611707081,predicted_B,nan,https://irsa.ipac.caltech.edu/data/SPITZER/S4G/galaxies/NGC0474/P4/
NGC0488,20.444924,5.256812,S4G,Sb,"SA(rs,\underline{r}l)0/\underline{a}",0.5,45.4,29.01,32.31273864401332,-22.641,11.242,11.127,-21.18573864401332,-22.96901358134313,predicted_B,nan,https://irsa.ipac.caltech.edu/data/SPITZER/S4G/galaxies/NGC0488/P4/
NGC0514,21.016153,12.917441,S4G,SABc,SA(s)c,5.0,45.5,25.67,32.04712934335721,-20.271,10.295,12.298,-19.74912934335721,-20.818360395688945,predicted_B,nan,https://irsa.ipac.caltech.edu/data/SPITZER/S4G/galaxies/NGC0514/P4/
NGC0578,22.619133,-22.667096,S4G,Sc,SB(s)cd,6.0,54.3,18.18,31.297969394429742,-20.116,10.232,11.544,-19.753969394429742,-20.70092280769099,predicted_B,nan,https://irsa.ipac.caltech.edu/data/SPITZER/S4G/galaxies/NGC0578/P4/
NGC0600,23.271901,-7.311644,S4G,Scd,SB(r\underline{s})c\underline{d},6.5,13.3,6.38,29.024103393605813,-16.407,8.749,13.014,-16.010103393605814,-16.983729297497366,predicted_B,nan,https://irsa.ipac.caltech.edu/data/SPITZER/S4G/galaxies/NGC0600/P4/
NGC0613,23.575714,-29.418573,S4G,Sbc,"SB(\underline{r}s,bl,nr)b",3.0,35.7,20.86,31.596571520452564,-22.077,11.017,10.741,-20.855571520452564,-22.459964307306354,predicted_B,nan,https://irsa.ipac.caltech.edu/data/SPITZER/S4G/galaxies/NGC0613/P4/
NGC0628,24.173866,15.783626,S4G,Sc,SA(s)c,5.0,19.8,7.49,29.372409088497335,-20.288,10.301,9.703,-19.669409088497336,-20.812631135796874,predicted_B,nan,https://irsa.ipac.caltech.edu/data/SPITZER/S4G/galaxies/NGC0628/P4/
NGC0658,25.540183,12.601835,S4G,Sb,SA(rs)bc,4.0,55.6,37.03,32.84276856024721,-20.609,10.43,13.315,-19.52776856024721,-21.024910611658097,predicted_B,nan,https://irsa.ipac.caltech.edu/data/SPITZER/S4G/galaxies/NGC0658/P4/
UGC07673,187.9929,29.70949,S4G,I,dIm,10.0,28.2,9.7,29.933858671331222,-14.776,8.097,15.355,-14.578858671331222,-15.399671787762838,predicted_B,nan,https://irsa.ipac.caltech.edu/data/SPITZER/S4G/galaxies/UGC07673/P4/
UGC07690,188.112316,42.704045,S4G,I,(R')SAB(s)m,9.0,32.3,9.35,29.85405805436259,-16.296,8.705,13.133,-16.72105805436259,-17.065888642775207,predicted_B,nan,https://irsa.ipac.caltech.edu/data/SPITZER/S4G/galaxies/UGC07690/P4/
UGC07698,188.2266,31.54103,S4G,IB,dIm,10.0,51.7,3.99,28.004864478433745,-14.486,7.981,13.075,-14.929864478433746,-15.26030815243193,predicted_B,nan,https://irsa.ipac.caltech.edu/data/SPITZER/S4G/galaxies/UGC07698/P4/
UGC07700,188.141848,63.877645,S4G,Sd,SA\underline{B}(s)d\underline{m},8.5,52.1,42.77,33.155696251284056,-18.693,9.663,14.866,-18.289696251284056,-19.268223619051753,predicted_B,nan,https://irsa.ipac.caltech.edu/data/SPITZER/S4G/galaxies/UGC07700/P4/
UGC07730,188.525471,64.567108,S4G,Sm,SAB(s)d,7.0,51.7,37.55,32.87304970670093,-17.234,9.08,16.081,-16.792049706700933,-17.80014168107472,predicted_B,nan,https://irsa.ipac.caltech.edu/data/SPITZER/S4G/galaxies/UGC07730/P4/
UGC07739,188.6874,6.30164,S4G,I,IAm / Sph,10.0,26.2,24.0,31.901056208558032,-17.252,9.087,14.767,-17.134056208558032,-17.894283209011135,predicted_B,nan,https://irsa.ipac.caltech.edu/data/SPITZER/S4G/galaxies/UGC07739/P4/
UGC07795,189.43905,7.10371,S4G,I,dIm,10.0,42.8,16.4,31.07421924023849,-15.572,8.415,14.774,-16.30021924023849,-16.413131521456044,predicted_B,nan,https://irsa.ipac.caltech.edu/data/SPITZER/S4G/galaxies/UGC07795/P4/
ESO358-022,53.834625,-32.602223,ETG,S0,(L)SA(l)0^+,-1.0,32.0,15.94,31.012441585300465,-18.11,9.43,13.82,-17.192441585300465,-18.564373772545608,predicted_B,nan,https://irsa.ipac.caltech.edu/data/SPITZER/S4G/galaxies/ESO358-022/P4/
ESO358-059,56.26497,-35.972658,ETG,E-S0,SAB0^-,-3.0,42.1,20.42,31.55027868875446,-18.256,9.489,14.014,-17.53627868875446,-18.756865491857297,predicted_B,nan,https://irsa.ipac.caltech.edu/data/SPITZER/S4G/galaxies/ESO358-059/P4/
NGC5870,226.640955,55.479187,ETG,S0,dE4,11.0,49.5,11.19,30.244150432641753,-16.258,8.689,15.111,-15.133150432641752,-16.66366035167081,predicted_B,nan,https://irsa.ipac.caltech.edu/data/SPITZER/S4G/galaxies/NGC5870/P4/
NGC5890,229.463265,-17.58925,ETG,S0-a,SA0^-,-3.0,52.1,28.45,32.27041135365545,-19.921,10.154,14.22,-18.05041135365545,-20.15141166810903,predicted_B,nan,https://irsa.ipac.caltech.edu/data/SPITZER/S4G/galaxies/NGC5890/P4/
ESO508-003,196.59981,-24.163904,DG,Sab,SA(rs)m,9.0,57.3,38.09,32.90405486330473,-18.92,9.754,14.72,-18.18405486330473,-19.308,real,-19.308,https://irsa.ipac.caltech.edu/data/SPITZER/S4G/galaxies/ESO508-003/P4/
ESO508-066,201.015042,-24.656591,DG,IB,SAB(s)dm,8.0,37.1,30.2,32.400034714785754,-18.082,9.419,14.85,-17.550034714785752,-18.579,real,-18.579,https://irsa.ipac.caltech.edu/data/SPITZER/S4G/galaxies/ESO508-066/P4/
ESO509-064,203.663809,-23.67944,DG,Sab,SAB(s)m / I0 pec,9.0,55.1,34.86,32.711636913869874,-18.718,9.674,14.62,-18.091636913869877,-19.134,real,-19.134,https://irsa.ipac.caltech.edu/data/SPITZER/S4G/galaxies/ESO509-064/P4/
ESO510-043,210.393379,-23.138749,DG,SBbc,SAB(rs)cd,6.0,54.9,39.57,32.98683025133014,-19.036,9.801,14.6,-18.38683025133014,-19.408,real,-19.408,https://irsa.ipac.caltech.edu/data/SPITZER/S4G/galaxies/ESO510-043/P4/
ESO532-015,330.783507,-22.394789,DG,Sc,Sm sp,9.0,68.1,19.78,31.4811314363058,-15.628,8.437,15.73,-15.751131436305801,-16.379,real,-16.379,https://irsa.ipac.caltech.edu/data/SPITZER/S4G/galaxies/ESO532-015/P4/
ESO533-005,333.934359,-25.975499,DG,Sab,SAa sp / E(d)0,1.0,54.7,34.57,32.69349689771203,-18.138,9.442,15.24,-17.45349689771203,-18.629,real,-18.629,https://irsa.ipac.caltech.edu/data/SPITZER/S4G/galaxies/ESO533-005/P4/
ESO546-033,44.051278,-19.650071,DG,Sc,SA(s)dm,8.0,59.7,20.55,31.56405913106044,-17.175,9.056,14.58,-16.98405913106044,-17.778,real,-17.778,https://irsa.ipac.caltech.edu/data/SPITZER/S4G/galaxies/ESO546-033/P4/
ESO548-029,52.696554,-21.058208,DG,SABb,SB(s)dm,8.0,52.8,17.29,31.188974966369614,-17.544,9.203,14.25,-16.938974966369614,-18.105,real,-18.105,https://irsa.ipac.caltech.edu/data/SPITZER/S4G/galaxies/ESO548-029/P4/
ESO548-034,53.240178,-21.089649,DG,SABc,SA\underline{B}(rs)c,5.0,21.8,22.3,31.741524315240802,-17.918,9.353,14.33,-17.411524315240804,-18.436,real,-18.436,https://irsa.ipac.caltech.edu/data/SPITZER/S4G/galaxies/ESO548-034/P4/
ESO548-049,53.868046,-21.218436,DG,Sbc,dIm,10.0,34.9,20.32,31.539618518059406,-16.142,8.643,15.36,-16.179618518059407,-16.82084035174396,predicted_B,nan,https://irsa.ipac.caltech.edu/data/SPITZER/S4G/galaxies/ESO548-049/P4/
UGC04783,136.812334,38.94952,DG,Sc,Sdm sp / E(d)7-8,8.0,61.5,38.01,32.89948934801552,-17.918,9.354,15.25,-17.64948934801552,-18.436,real,-18.436,https://irsa.ipac.caltech.edu/data/SPITZER/S4G/galaxies/UGC04783/P4/
UGC04788,137.09625,59.07457,DG,Sa,(RL)SBa:,1.0,56.6,17.33,31.193992813569587,-17.13,9.039,15.44,-15.753992813569587,-17.739,real,-17.739,https://irsa.ipac.caltech.edu/data/SPITZER/S4G/galaxies/UGC04788/P4/
UGC04879,139.012694,52.84203,DG,I,dIm,10.0,56.5,1.28,25.536049848239344,-11.905,6.948,13.81,-11.726049848239343,-12.849,real,-12.849,https://irsa.ipac.caltech.edu/data/SPITZER/S4G/galaxies/UGC04879/P4/
UGC04883,139.633574,74.319089,DG,Sab,(L)SA(l)0$^\textrm{o}$,-2.0,56.3,39.85,33.00214162866065,-20.396,10.344,12.74,-20.26214162866065,-20.562,real,-20.562,https://irsa.ipac.caltech.edu/data/SPITZER/S4G/galaxies/UGC04883/P4/
UGC04889,139.139257,39.8729,DG,SABc,S\underline{A}B(s)c,5.0,38.5,35.79,32.76880849195002,-18.568,9.613,14.88,-17.888808491950016,-19.003,real,-19.003,https://irsa.ipac.caltech.edu/data/SPITZER/S4G/galaxies/UGC04889/P4/
UGC04906,139.416127,52.99299,DG,SBa,SAb sp / E(d)8,3.0,65.4,36.36,32.80311937274965,-20.835,10.52,13.37,-19.43311937274965,-20.928,real,-20.928,https://irsa.ipac.caltech.edu/data/SPITZER/S4G/galaxies/UGC04906/P4/
UGC04990,141.026165,62.03011,DG,SBc,SB(rs)d,7.0,54.3,19.82,31.48551825074628,-16.952,8.967,15.12,-16.365518250746284,-17.578,real,-17.578,https://irsa.ipac.caltech.edu/data/SPITZER/S4G/galaxies/UGC04990/P4/
UGC05348,149.503638,47.32465,DG,Sd,Sd sp / E7-8,7.0,69.4,6.54,29.077888741621337,-12.81,7.31,16.02,-13.057888741621337,-13.729,real,-13.729,https://irsa.ipac.caltech.edu/data/SPITZER/S4G/galaxies/UGC05348/P4/
UGC05454,151.795464,12.651717,DG,SABd,(R$^{\prime}$)SA(s)d,7.0,41.5,37.55,32.87304970670093,-17.164,9.052,15.72,-17.153049706700934,-17.768,real,-17.768,https://irsa.ipac.caltech.edu/data/SPITZER/S4G/galaxies/UGC05454/P4/
UGC05479,152.54025,54.50238,DG,Scd,SA\underline{B}(s)\underline{d}m,7.5,28.3,14.78,30.848372170294034,-16.395,8.744,14.95,-15.898372170294035,-17.077,real,-17.077,https://irsa.ipac.caltech.edu/data/SPITZER/S4G/galaxies/UGC05479/P4/
NGC1440,56.26209,-18.266028,ETG,S0,"(R)SB_a(s,bl)0^+",-1.0,47.7,46.63,33.34332707727246,-22.506,11.189,12.663,-20.680327077272462,-22.746966863159027,predicted_B,nan,https://irsa.ipac.caltech.edu/data/SPITZER/S4G/galaxies/NGC1440/P4/
NGC1460,56.557215,-36.69636,ETG,S0,"SB_a(rs,bl)0^+",-1.0,37.1,21.02,31.613163558461117,-19.125,9.836,13.528,-18.08516355846112,-19.550638436238362,predicted_B,nan,https://irsa.ipac.caltech.edu/data/SPITZER/S4G/galaxies/NGC1460/P4/
NGC6861,301.831065,-48.370281,ETG,E-S0,SAB0^- / E3 (twist),-3.0,51.4,30.09,32.392110938700405,-22.057,11.009,12.074,-20.318110938700407,-22.318361070594595,predicted_B,nan,https://irsa.ipac.caltech.edu/data/SPITZER/S4G/galaxies/NGC6861/P4/
ESO118-034,70.07283,-58.744278,ETG,S0,(L)SA(rs)ab pec,2.0,18.9,15.38,30.93478167732706,-17.863,9.331,13.519,-17.41578167732706,-18.42790369417186,predicted_B,nan,https://irsa.ipac.caltech.edu/data/SPITZER/S4G/galaxies/ESO118-034/P4/
ESO151-002,13.297545,-54.365889,ETG,S0-a,dE2-3,11.0,50.6,18.56,31.342889859414214,-16.202,8.667,15.25,-16.092889859414214,-16.84635911696234,predicted_B,nan,https://irsa.ipac.caltech.edu/data/SPITZER/S4G/galaxies/ESO151-002/P4/
ESO185-027,299.057865,-56.910558,ETG,E-S0,SAB0^-:,-3.0,63.2,42.03,33.117796950027184,-20.567,10.413,13.804,-19.313796950027182,-20.942497283256387,predicted_B,nan,https://irsa.ipac.caltech.edu/data/SPITZER/S4G/galaxies/ESO185-027/P4/
PGC015214,67.187845,-12.509896,S4G,SBm,IB(s)m,10.0,66.8,24.11,31.91098605188727,-16.441,8.762,15.35,-16.56098605188727,-17.139196722193507,predicted_B,nan,https://irsa.ipac.caltech.edu/data/SPITZER/S4G/galaxies/PGC015214/P4/
PGC015869,70.738799,-8.090893,S4G,SABd,SB(s)d,7.0,59.7,38.77,32.94247900503605,-18.83,9.718,14.835,-18.107479005036048,-19.33020756618347,predicted_B,nan,https://irsa.ipac.caltech.edu/data/SPITZER/S4G/galaxies/PGC015869/P4/
PGC016389,74.241373,-42.801355,S4G,Sd,Im,10.0,66.8,7.08,29.250166288448845,-13.37,7.534,14.457,-14.793166288448845,-14.374444077785478,predicted_B,nan,https://irsa.ipac.caltech.edu/data/SPITZER/S4G/galaxies/PGC016389/P4/
PGC016784,76.945298,-16.293886,S4G,SBm,SB(s)dm,8.0,62.4,24.9,31.980996735478683,-18.308,9.509,13.737,-18.24399673547868,-18.96295923283749,predicted_B,nan,https://irsa.ipac.caltech.edu/data/SPITZER/S4G/galaxies/PGC016784/P4/
PGC027616,145.129155,-8.943596,S4G,SBc,SAB(s)dm,8.0,34.3,27.52,32.19824214781737,-18.561,9.611,13.96,-18.238242147817367,-19.15515190473708,predicted_B,nan,https://irsa.ipac.caltech.edu/data/SPITZER/S4G/galaxies/PGC027616/P4/
UGC04714,135.81334,78.56322,S4G,SABb,SA(r\underline{s})m,9.0,41.0,16.63,31.104461246097593,-17.452,9.167,14.492,-16.612461246097592,-17.924708392832937,predicted_B,nan,https://irsa.ipac.caltech.edu/data/SPITZER/S4G/galaxies/UGC04714/P4/
UGC04797,137.044572,5.927763,S4G,Sm,S/IA(s)m,9.5,17.0,19.6,31.46128035678238,-17.19,9.062,14.577,-16.884280356782384,-17.78815588384386,predicted_B,nan,https://irsa.ipac.caltech.edu/data/SPITZER/S4G/galaxies/UGC04797/P4/
UGC04834,137.96202,34.963559,S4G,SBd,IB(s)m,10.0,63.3,20.7,31.579851727284584,-15.873,8.536,16.25,-15.329851727284584,-16.415360155911877,predicted_B,nan,https://irsa.ipac.caltech.edu/data/SPITZER/S4G/galaxies/UGC04834/P4/
UGC04837,138.0396,35.5316,S4G,Sm,Im,10.0,64.6,28.9,32.304489213782745,-17.223,9.075,14.941,-17.363489213782742,-17.926014965238945,predicted_B,nan,https://irsa.ipac.caltech.edu/data/SPITZER/S4G/galaxies/UGC04837/P4/
NGC2785,138.813728,40.91738,DG,SBm,I0 pec,0.0,63.5,35.33,32.74071818717423,-20.016,10.193,14.63,-18.11071818717423,-20.243,real,-20.243,https://irsa.ipac.caltech.edu/data/SPITZER/S4G/galaxies/NGC2785/P4/
NGC2880,142.393862,62.49062,DG,E-S0,SAB0$^-$,-3.0,48.0,21.64,31.67628628217266,-20.559,10.41,12.53,-19.14628628217266,-20.699,real,-20.699,https://irsa.ipac.caltech.edu/data/SPITZER/S4G/galaxies/NGC2880/P4/
NGC3230,155.933174,12.567492,DG,S0,SA\underline{B}$_\textrm{a}$(s)0$^\textrm{o}$,-2.0,65.5,37.53,32.87189282206541,-21.453,10.767,14.79,-18.081892822065413,-21.439,real,-21.439,https://irsa.ipac.caltech.edu/data/SPITZER/S4G/galaxies/NGC3230/P4/
NGC3245,156.826433,28.507487,DG,S0,SA(l)0$^\textrm{o}$,-2.0,55.3,18.22,31.30274186318489,-20.935,10.56,11.66,-19.64274186318489,-21.301319337848447,predicted_B,nan,https://irsa.ipac.caltech.edu/data/SPITZER/S4G/galaxies/NGC3245/P4/
NGC3367,161.645589,13.750996,DG,Sc,SB(\underline{r}s)bc,4.0,7.1,34.77,32.70602345341629,-21.686,10.86,12.02,-20.686023453416293,-22.12100551155283,predicted_B,nan,https://irsa.ipac.caltech.edu/data/SPITZER/S4G/galaxies/NGC3367/P4/
NGC3400,162.689457,28.469143,DG,SBa,S\underline{A}B(\underline{r}s)0/a,0.0,55.5,18.9,31.382309020866217,-18.592,9.623,14.07,-17.312309020866216,-19.024,real,-19.024,https://irsa.ipac.caltech.edu/data/SPITZER/S4G/galaxies/NGC3400/P4/
NGC3418,162.847378,28.104631,DG,S0-a,SAB(s)0/a,0.0,33.1,16.81,31.127838567197358,-18.331,9.518,14.28,-16.847838567197357,-18.65245706329138,predicted_B,nan,https://irsa.ipac.caltech.edu/data/SPITZER/S4G/galaxies/NGC3418/P4/
NGC3524,166.633725,11.385473,DG,S0-a,SA(l)0$^-$,-3.0,60.5,18.16,31.295579220925333,-18.957,9.769,13.33,-17.965579220925335,-19.339,real,-19.339,https://irsa.ipac.caltech.edu/data/SPITZER/S4G/galaxies/NGC3524/P4/
NGC4027A,179.87226,-19.329329,DG,IB,SB(rs)dm,8.0,13.9,22.77,31.786815153075715,-17.436,9.16,14.95,-16.836815153075715,-17.965191560972794,predicted_B,nan,https://irsa.ipac.caltech.edu/data/SPITZER/S4G/galaxies/NGC4027A/P4/
NGC4108A,181.456666,67.25217,DG,Sbc,SA\underline{B}(s)cd,6.0,64.1,30.4,32.414367918043766,-18.332,9.519,14.58,-17.834367918043768,-18.797,real,-18.797,https://irsa.ipac.caltech.edu/data/SPITZER/S4G/galaxies/NGC4108A/P4/
ESO440-011,177.189725,-28.2935,S4G,Scd,SB(rs)cd,6.0,52.9,16.25,31.054266826574462,-18.608,9.629,12.918,-18.136266826574463,-19.167142704245,predicted_B,nan,https://irsa.ipac.caltech.edu/data/SPITZER/S4G/galaxies/ESO440-011/P4/
ESO440-046,181.17165,-28.11641,S4G,SBm,SA\underline{B}(s)dm,8.0,57.0,12.32,30.453053539142033,-16.926,8.956,13.641,-16.812053539142035,-17.569222581698376,predicted_B,nan,https://irsa.ipac.caltech.edu/data/SPITZER/S4G/galaxies/ESO440-046/P4/
ESO440-049,181.391815,-31.423583,S4G,SABc,SA(l)c:,5.0,41.6,30.33,32.409362051553316,-18.149,9.446,13.941,-18.468362051553314,-18.89405008211503,predicted_B,nan,https://irsa.ipac.caltech.edu/data/SPITZER/S4G/galaxies/ESO440-049/P4/
ESO407-002,346.172625,-34.057806,ETG,S0-a,SA(rl)0^+,-1.0,57.6,22.74,31.783952301758582,-18.715,9.672,14.164,-17.61995230175858,-19.127663790913267,predicted_B,nan,https://irsa.ipac.caltech.edu/data/SPITZER/S4G/galaxies/ESO407-002/P4/
PGC035684,173.370202,49.236715,S4G,I,dIm / Sph,10.0,67.2,4.64,28.3325899027744,-13.543,7.603,14.423,-13.909589902774401,-14.299148627151984,predicted_B,nan,https://irsa.ipac.caltech.edu/data/SPITZER/S4G/galaxies/PGC035684/P4/
PGC035705,173.438707,-3.436761,S4G,Sd,SA\underline{B}(s)m,9.0,60.0,29.8,32.37108132038128,-17.416,9.153,15.242,-17.129081320381278,-18.0185741102896,predicted_B,nan,https://irsa.ipac.caltech.edu/data/SPITZER/S4G/galaxies/PGC035705/P4/
PGC036217,175.144239,-10.085897,S4G,Sc,SB(s)\underline{c}d pec,5.5,42.2,27.3,32.180813235203786,-18.944,9.764,14.013,-18.167813235203788,-19.43159611027289,predicted_B,nan,https://irsa.ipac.caltech.edu/data/SPITZER/S4G/galaxies/PGC036217/P4/
PGC037373,178.706513,-16.864039,S4G,Sc,SAB(s)c\underline{d},6.5,62.1,32.4,32.55272505103306,-18.601,9.627,13.91,-18.642725051033057,-19.280805386992768,predicted_B,nan,https://irsa.ipac.caltech.edu/data/SPITZER/S4G/galaxies/PGC037373/P4/
PGC038250,181.246206,58.107333,S4G,Sc,SAB(rs:)dm: pec,8.0,47.3,34.91,32.714749244070894,-17.613,9.231,15.533,-17.181749244070893,-18.18165607235666,predicted_B,nan,https://irsa.ipac.caltech.edu/data/SPITZER/S4G/galaxies/PGC038250/P4/
PGC040447,186.223746,61.063754,S4G,I,dIm,10.0,46.7,9.48,29.88404168669033,-14.009,7.79,16.114,-13.77004168669033,-14.622844796372227,predicted_B,nan,https://irsa.ipac.caltech.edu/data/SPITZER/S4G/galaxies/PGC040447/P4/
UGC05076,143.15167,51.87194,S4G,I,dE1 (dIm) / Sph,11.0,18.3,7.65,29.418307175768085,-14.228,7.877,15.407,-14.011307175768085,-14.8470771863055,predicted_B,nan,https://irsa.ipac.caltech.edu/data/SPITZER/S4G/galaxies/UGC05076/P4/
UGC05139,145.135997,71.181772,S4G,IAB,Im,10.0,18.4,3.68,27.82923909336759,-13.616,7.632,13.368,-14.46123909336759,-14.484631186941384,predicted_B,nan,https://irsa.ipac.caltech.edu/data/SPITZER/S4G/galaxies/UGC05139/P4/
UGC05172,145.467437,48.670981,S4G,SABm,SAB(s)d\underline{m},8.5,0.0,38.7,32.938554825094556,-17.043,9.003,15.459,-17.479554825094556,-17.81559038389722,predicted_B,nan,https://irsa.ipac.caltech.edu/data/SPITZER/S4G/galaxies/UGC05172/P4/
UGC05179,145.756952,58.973606,S4G,Sbc,SA0^o^,-2.0,55.8,18.03,31.27997863361201,-16.695,8.864,14.948,-16.33197863361201,-17.279689978898823,predicted_B,nan,https://irsa.ipac.caltech.edu/data/SPITZER/S4G/galaxies/UGC05179/P4/
UGC05336,149.3832,69.04596,S4G,I,dIm,10.0,34.0,4.05,28.03727511607334,-12.518,7.193,14.48,-13.557275116073338,-13.432229652277234,predicted_B,nan,https://irsa.ipac.caltech.edu/data/SPITZER/S4G/galaxies/UGC05336/P4/
UGC07848,190.23849,63.519658,S4G,SABc,"SAB_a_(s,x_1_r)b\underline{c}",4.5,69.1,51.7,33.56745271546971,-19.768,10.093,14.563,-19.00445271546971,-20.25856638813538,predicted_B,nan,https://irsa.ipac.caltech.edu/data/SPITZER/S4G/galaxies/UGC07848/P4/
UGC07906,191.0406,12.11446,S4G,I,dIB(s)m,10.0,48.8,13.54,30.658093321745625,-14.562,8.011,15.302,-15.356093321745625,-15.418611930610222,predicted_B,nan,https://irsa.ipac.caltech.edu/data/SPITZER/S4G/galaxies/UGC07906/P4/
UGC07911,191.1198,0.46808,S4G,Sm,SA\underline{B}(s)dm,8.0,66.8,18.0,31.276362525516532,-17.929,9.358,13.503,-17.773362525516532,-18.562425193496384,predicted_B,nan,https://irsa.ipac.caltech.edu/data/SPITZER/S4G/galaxies/UGC07911/P4/
UGC07943,191.690621,5.955414,S4G,SBc,SAB(s)c\underline{d},6.5,44.0,19.3,31.42778654503887,-17.707,9.269,13.861,-17.56678654503887,-18.344049838084135,predicted_B,nan,https://irsa.ipac.caltech.edu/data/SPITZER/S4G/galaxies/UGC07943/P4/
UGC07949,191.7492,36.47642,S4G,I,dIm,10.0,39.2,5.75,28.798339223448153,-13.149,7.446,15.12,-13.678339223448154,-13.943394717510316,predicted_B,nan,https://irsa.ipac.caltech.edu/data/SPITZER/S4G/galaxies/UGC07949/P4/
UGC07950,191.73615,51.61337,S4G,I,S/IA\underline{B}(s:)m,9.5,42.0,8.9,29.746950033224564,-15.437,8.361,15.099,-14.647950033224564,-15.921573257807772,predicted_B,nan,https://irsa.ipac.caltech.edu/data/SPITZER/S4G/galaxies/UGC07950/P4/
NGC5468,211.645409,-5.45302,S4G,SABc,S\underline{A}B(s)\underline{c}d,5.5,21.0,44.53,33.243263475656114,-21.288,10.701,12.938,-20.305263475656112,-21.727056916779187,predicted_B,nan,https://irsa.ipac.caltech.edu/data/SPITZER/S4G/galaxies/NGC5468/P4/
NGC5473,211.18023,54.892643,S4G,E-S0,(L)SA\underline{B}0^-^,-3.0,47.9,26.82,32.142293867577905,-21.097,10.625,12.37,-19.772293867577908,-21.45569405888081,predicted_B,nan,https://irsa.ipac.caltech.edu/data/SPITZER/S4G/galaxies/NGC5473/P4/
NGC5474,211.255537,53.662209,S4G,Sc,SA(s)m,9.0,50.2,4.46,28.24667429356071,-16.726,8.877,11.485,-16.76167429356071,-17.404383458986764,predicted_B,nan,https://irsa.ipac.caltech.edu/data/SPITZER/S4G/galaxies/NGC5474/P4/
NGC5476,212.035607,-6.092172,S4G,SABd,SAB(s)\underline{c}d,5.5,23.6,35.69,32.7627327397783,-19.969,10.174,13.36,-19.4027327397783,-20.505927193847903,predicted_B,nan,https://irsa.ipac.caltech.edu/data/SPITZER/S4G/galaxies/NGC5476/P4/
NGC5477,211.388901,54.460823,S4G,Sm,dIm,10.0,51.7,6.34,29.010446289408662,-14.441,7.963,14.374,-14.636446289408662,-15.156929878011036,predicted_B,nan,https://irsa.ipac.caltech.edu/data/SPITZER/S4G/galaxies/NGC5477/P4/
NGC5480,211.589871,50.725079,S4G,Sc,S\underline{A}B(s)c\underline{d} [0/a],6.5,41.5,23.75,31.878318069804422,-20.033,10.199,12.857,-19.021318069804423,-20.46525474640404,predicted_B,nan,https://irsa.ipac.caltech.edu/data/SPITZER/S4G/galaxies/NGC5480/P4/
NGC1022,39.636265,-6.677424,S4G,SBa,"(RL)SAB(\underline{r}s,bl,ns)\underline{0}/a",-0.5,59.9,22.25,31.736650076584752,-20.741,10.483,12.11,-19.626650076584752,-21.149127767997417,predicted_B,nan,https://irsa.ipac.caltech.edu/data/SPITZER/S4G/galaxies/NGC1022/P4/
NGC1036,40.1207,19.297006,S4G,S0-a,IB(s:)m,10.0,50.5,9.63,29.918131435622676,-16.872,8.935,13.767,-16.151131435622677,-17.37259588737133,predicted_B,nan,https://irsa.ipac.caltech.edu/data/SPITZER/S4G/galaxies/NGC1036/P4/
NGC1042,40.099821,-8.433523,S4G,SABc,SAB(s)c,5.0,58.1,7.51,29.37819968502084,-18.243,9.483,11.64,-17.738199685020838,-18.794371925979895,predicted_B,nan,https://irsa.ipac.caltech.edu/data/SPITZER/S4G/galaxies/NGC1042/P4/
NGC1047,40.136733,-8.147679,S4G,S0-a,"dSA\underline{B}0^o^, N",11.0,65.3,4.63,28.327904955089764,-14.748,8.085,14.476,-13.851904955089763,-15.207417664446094,predicted_B,nan,https://irsa.ipac.caltech.edu/data/SPITZER/S4G/galaxies/NGC1047/P4/
NGC1051,40.260387,-6.935825,S4G,SBm,SAB(s)d:,7.0,64.5,19.93,31.497536493502437,-18.423,9.555,13.435,-18.062536493502435,-19.00829107597307,predicted_B,nan,https://irsa.ipac.caltech.edu/data/SPITZER/S4G/galaxies/NGC1051/P4/
NGC1055,40.438149,0.443873,S4G,SBb,SA\underline{B}(s:)bc sp / E(d)2,4.0,62.5,15.05,30.88768249964931,-21.393,10.743,11.457,-19.430682499649308,-21.601855387417586,predicted_B,nan,https://irsa.ipac.caltech.edu/data/SPITZER/S4G/galaxies/NGC1055/P4/
NGC1068,40.669618,-0.013305,S4G,Sb,"(\underline{R}L)SA(l,s,nr',AGN)0/\underline{a}",0.5,24.1,10.58,30.122428338495837,-22.145,11.044,9.743,-20.379428338495835,-22.40009065954652,predicted_B,nan,https://irsa.ipac.caltech.edu/data/SPITZER/S4G/galaxies/NGC1068/P4/
NGC1073,40.918832,1.376104,S4G,SBc,SB(rs)\underline{c}d,5.5,52.3,7.37,29.337337439295254,-18.041,9.403,11.68,-17.657337439295254,-18.620839298234387,predicted_B,nan,https://irsa.ipac.caltech.edu/data/SPITZER/S4G/galaxies/NGC1073/P4/
NGC1076,40.871755,-14.754214,S4G,S0-a,SA(r\underline{s})b:,3.0,50.7,30.8,32.44275358250222,-20.059,10.21,13.56,-18.882753582502218,-20.452582091888022,predicted_B,nan,https://irsa.ipac.caltech.edu/data/SPITZER/S4G/galaxies/NGC1076/P4/
NGC1079,40.934715,-29.003273,S4G,SABa,"(R\underline{L})S\underline{A}B_a_(\underline{r}s,",-1.0,61.6,25.2,32.007002703907716,-20.991,10.583,12.361,-19.646002703907715,-21.344925635418313,predicted_B,nan,https://irsa.ipac.caltech.edu/data/SPITZER/S4G/galaxies/NGC1079/P4/
NGC1084,41.499538,-7.578474,S4G,Sc,SA(s)c,5.0,49.9,19.1,31.405166836238635,-21.165,10.652,11.187,-20.218166836238638,-21.61249420651608,predicted_B,nan,https://irsa.ipac.caltech.edu/data/SPITZER/S4G/galaxies/NGC1084/P4/
NGC1087,41.6051,-0.498845,S4G,SABc,SB(rs)c\underline{d} pec,6.5,54.2,13.99,30.72908857245914,-19.869,10.134,11.518,-19.21108857245914,-20.384390814527897,predicted_B,nan,https://irsa.ipac.caltech.edu/data/SPITZER/S4G/galaxies/NGC1087/P4/
NGC1090,41.641312,-0.247139,S4G,Sbc,"SAB(s,nr')b\underline{c}",4.5,67.5,28.48,32.272699924824096,-20.559,10.41,12.602,-19.670699924824095,-21.020249482333664,predicted_B,nan,https://irsa.ipac.caltech.edu/data/SPITZER/S4G/galaxies/NGC1090/P4/
NGC1097,41.578937,-30.274717,S4G,SBb,"(R')SB(rs,bl,nr)ab pec",2.2,55.0,17.16,31.17258641756343,-22.466,11.173,10.139,-21.03358641756343,-22.799382808127408,predicted_B,nan,https://irsa.ipac.caltech.edu/data/SPITZER/S4G/galaxies/NGC1097/P4/
NGC1425,55.547806,-29.893391,S4G,Sb,(R'R')SA(rl)b,3.0,68.2,20.4,31.54815083712949,-20.734,10.48,11.325,-20.22315083712949,-21.28395044672543,predicted_B,nan,https://irsa.ipac.caltech.edu/data/SPITZER/S4G/galaxies/NGC1425/P4/
NGC1427A,55.03875,-35.62451,S4G,IB,IAB:(s:)m,10.0,59.0,14.57,30.817297758849953,-17.308,9.109,13.399,-17.418297758849953,-18.00391997332974,predicted_B,nan,https://irsa.ipac.caltech.edu/data/SPITZER/S4G/galaxies/NGC1427A/P4/
NGC1433,55.506202,-47.221961,S4G,SBa,"(R_1_')SB(r,p,nrl,nb)a",1.0,67.4,9.47,29.881749895016362,-20.279,10.298,10.809,-19.072749895016365,-20.665531225328845,predicted_B,nan,https://irsa.ipac.caltech.edu/data/SPITZER/S4G/galaxies/NGC1433/P4/
NGC1436,55.90451,-35.853062,S4G,Sab,(R')SAB(r\underline{s})a,1.0,48.1,17.66,31.234953496207744,-19.795,10.104,12.452,-18.782953496207746,-20.22716907160882,predicted_B,nan,https://irsa.ipac.caltech.edu/data/SPITZER/S4G/galaxies/NGC1436/P4/
NGC1452,56.342934,-18.633687,S4G,S0-a,"(RL)SB(\underline{r}s,bl)0/a",0.0,46.5,20.9,31.60073143055527,-20.339,10.322,12.825,-18.775731430555272,-20.641631886180487,predicted_B,nan,https://irsa.ipac.caltech.edu/data/SPITZER/S4G/galaxies/NGC1452/P4/
NGC1473,56.859234,-68.220939,S4G,IB,S/IB(s)m,9.5,68.1,17.13,31.168786814827556,-17.889,9.342,13.431,-17.737786814827558,-18.523464901484477,predicted_B,nan,https://irsa.ipac.caltech.edu/data/SPITZER/S4G/galaxies/NGC1473/P4/
NGC3656,170.911245,53.842126,ETG,S?,"(RL,R)SAB(l)0^+ pec",-1.0,50.8,42.6,33.147047995513596,-21.355,10.728,13.318,-19.829047995513598,-21.666401278945695,predicted_B,nan,https://irsa.ipac.caltech.edu/data/SPITZER/S4G/galaxies/NGC3656/P4/
NGC3658,170.992725,38.56238,ETG,S0,(L)SA0^-,-3.0,25.4,27.33,32.1831981584633,-20.392,10.343,13.104,-19.0791981584633,-20.753491567238875,predicted_B,nan,https://irsa.ipac.caltech.edu/data/SPITZER/S4G/galaxies/NGC3658/P4/
PGC013343,54.226305,-35.37467,ETG,E-S0,(L)SAB0^o,-2.0,26.2,19.78,31.4811314363058,-17.469,9.174,14.807,-16.6741314363058,-17.952205887531864,predicted_B,nan,https://irsa.ipac.caltech.edu/data/SPITZER/S4G/galaxies/PGC013343/P4/
PGC013635,55.689465,-33.920214,ETG,E,dSA(l)0^o,11.0,50.4,16.38,31.071569487121998,-16.976,8.977,14.383,-16.688569487122,-17.57845382947367,predicted_B,nan,https://irsa.ipac.caltech.edu/data/SPITZER/S4G/galaxies/PGC013635/P4/
PGC033523,166.38552,17.639608,ETG,S?,dS0:,11.0,69.7,13.9,30.715074001270473,-16.092,8.623,14.822,-15.893074001270474,-16.71525239029856,predicted_B,nan,https://irsa.ipac.caltech.edu/data/SPITZER/S4G/galaxies/PGC033523/P4/
PGC034493,169.40916,17.818089,ETG,S0-a,(L)S_AB(s)a,1.0,39.6,17.21,31.178904351637804,-16.547,8.805,15.503,-15.675904351637804,-17.012292522634883,predicted_B,nan,https://irsa.ipac.caltech.edu/data/SPITZER/S4G/galaxies/PGC034493/P4/
PGC035111,171.345705,-9.586528,ETG,S0,(L)SA0^-,-3.0,53.8,26.38,32.10637395605173,-18.563,9.612,14.595,-17.511373956051735,-18.985867879672156,predicted_B,nan,https://irsa.ipac.caltech.edu/data/SPITZER/S4G/galaxies/PGC035111/P4/
PGC038717,182.55228,64.760593,ETG,I,dS0,11.0,59.9,18.06,31.283588729887434,-16.614,8.832,15.541,-15.742588729887434,-17.079218351523547,predicted_B,nan,https://irsa.ipac.caltech.edu/data/SPITZER/S4G/galaxies/PGC038717/P4/
PGC039413,184.36359,17.65051,ETG,S0,S0^- sp / E1,-3.0,65.0,12.66,30.512168528406683,-16.746,8.885,14.551,-15.961168528406683,-17.23156460417557,predicted_B,nan,https://irsa.ipac.caltech.edu/data/SPITZER/S4G/galaxies/PGC039413/P4/
NGC1266,49.002945,-2.427251,DG,S0,(RL)SA(rs)0/a,0.0,44.5,29.09,32.318718606235294,-20.31,10.31,14.39,-17.928718606235293,-20.42039887246529,predicted_B,nan,https://irsa.ipac.caltech.edu/data/SPITZER/S4G/galaxies/NGC1266/P4/
NGC6958,312.17757,-37.997322,ETG,E,(L)SA0^-,-3.0,51.8,34.81,32.70852011642144,-21.724,10.876,12.283,-20.42552011642144,-22.08885722735904,predicted_B,nan,https://irsa.ipac.caltech.edu/data/SPITZER/S4G/galaxies/NGC6958/P4/
NGC7022,317.396715,-49.303703,ETG,S0,(L)SB_x0^o,-2.0,53.0,30.96,32.454004760054275,-19.602,10.027,14.062,-18.392004760054277,-19.987651118612757,predicted_B,nan,https://irsa.ipac.caltech.edu/data/SPITZER/S4G/galaxies/NGC7022/P4/
NGC7070A,322.94709,-42.847634,ETG,S0-a,(RL)SA_B(_rs)0/a,0.0,43.8,32.08,32.531171798060626,-20.771,10.495,13.325,-19.206171798060627,-21.07326537254425,predicted_B,nan,https://irsa.ipac.caltech.edu/data/SPITZER/S4G/galaxies/NGC7070A/P4/
ESO548-073,55.268168,-19.092467,DG,Sab,SA\underline{B}(s)d,7.0,60.2,13.05,30.578052558371496,-15.507,8.389,15.62,-14.958052558371497,-16.268,real,-16.268,https://irsa.ipac.caltech.edu/data/SPITZER/S4G/galaxies/ESO548-073/P4/
ESO575-023,193.65465,-18.308313,DG,SBa,"SA\underline{B}(\underline{r}s,bl)a",3.0,30.7,20.17,31.523529491063826,-18.192,9.463,14.7,-16.823529491063827,-18.676,real,-18.676,https://irsa.ipac.caltech.edu/data/SPITZER/S4G/galaxies/ESO575-023/P4/
ESO580-005,219.566094,-22.324271,DG,Sc,SBd spw pec,7.0,69.2,31.87,32.51691031736866,-17.36,9.13,15.53,-16.98691031736866,-17.942,real,-17.942,https://irsa.ipac.caltech.edu/data/SPITZER/S4G/galaxies/ESO580-005/P4/
ESO601-001,329.17921,-21.208839,DG,Sc,Im sp / E(d)6-7,10.0,67.4,23.79,31.881972210186326,-16.945,8.964,15.23,-16.651972210186326,-17.573,real,-17.573,https://irsa.ipac.caltech.edu/data/SPITZER/S4G/galaxies/ESO601-001/P4/
NGC7412,343.940723,-42.641951,S4G,SBb,SAB(s)bc,4.0,44.4,10.68,30.14285626346269,-18.898,9.745,11.773,-18.36985626346269,-19.443886221913733,predicted_B,nan,https://irsa.ipac.caltech.edu/data/SPITZER/S4G/galaxies/NGC7412/P4/
NGC7418,344.150401,-37.029971,S4G,Sc,SAB(rs)c,5.0,39.9,18.06,31.283588729887434,-20.435,10.36,11.685,-19.59858872988743,-20.908443351523545,predicted_B,nan,https://irsa.ipac.caltech.edu/data/SPITZER/S4G/galaxies/NGC7418/P4/
NGC7418A,344.17181,-36.772661,S4G,Scd,SAB(s)a\underline{b}:,2.5,61.1,31.2,32.47077297009221,-18.251,9.486,13.6,-18.87077297009221,-19.06664664797167,predicted_B,nan,https://irsa.ipac.caltech.edu/data/SPITZER/S4G/galaxies/NGC7418A/P4/
NGC7421,344.226412,-37.347299,S4G,Sbc,"(\underline{R}'L)SB(rs,bl)ab",2.0,36.1,27.75,32.216314937293475,-20.388,10.341,12.62,-19.596314937293478,-20.87195401026397,predicted_B,nan,https://irsa.ipac.caltech.edu/data/SPITZER/S4G/galaxies/NGC7421/P4/
NGC7424,344.326566,-41.07062,S4G,Sc,SB_a_(s)cd,6.0,59.0,9.31,29.84474840490671,-19.14,9.842,11.045,-18.79974840490671,-19.730040875153076,predicted_B,nan,https://irsa.ipac.caltech.edu/data/SPITZER/S4G/galaxies/NGC7424/P4/
NGC7437,344.541917,14.308521,S4G,SABc,SA(rs)b\underline{c}:,4.5,16.9,29.2,32.326914257242095,-19.268,9.893,13.97,-18.356914257242096,-19.72389485045189,predicted_B,nan,https://irsa.ipac.caltech.edu/data/SPITZER/S4G/galaxies/NGC7437/P4/
NGC7465,345.503986,15.964815,S4G,S0,S0^o^: sp: pec,-2.0,64.2,27.35,32.184786653347246,-20.163,10.251,13.36,-18.824786653347246,-20.518519863536604,predicted_B,nan,https://irsa.ipac.caltech.edu/data/SPITZER/S4G/galaxies/NGC7465/P4/
NGC7479,346.235905,12.322926,S4G,SBbc,(R')SB_x_(r\underline{s})b,3.0,43.0,28.28,32.25739702562431,-21.906,10.948,11.727,-20.530397025624307,-22.25273330102171,predicted_B,nan,https://irsa.ipac.caltech.edu/data/SPITZER/S4G/galaxies/NGC7479/P4/
PGC067871,330.497276,-12.190439,S4G,Scd,SB(s)d,7.0,62.0,36.0,32.78151250383643,-18.238,9.481,15.24,-17.54151250383643,-18.74432543840156,predicted_B,nan,https://irsa.ipac.caltech.edu/data/SPITZER/S4G/galaxies/PGC067871/P4/
PGC068771,336.048,-3.48348,S4G,Scd,SB(s)dm,8.0,39.5,38.05,32.901773305532956,-18.872,9.735,15.323,-17.578773305532955,-19.238091726800246,predicted_B,nan,https://irsa.ipac.caltech.edu/data/SPITZER/S4G/galaxies/PGC068771/P4/
PGC069293,339.1458,-2.90674,S4G,Sm,S\underline{A}B\underline{d}m,7.5,38.4,22.9,31.79917741169944,-18.598,9.625,13.381,-18.41817741169944,-19.225741691749366,predicted_B,nan,https://irsa.ipac.caltech.edu/data/SPITZER/S4G/galaxies/PGC069293/P4/
PGC069339,339.337551,-8.46084,S4G,IB,IA(s:)m,10.0,33.6,37.75,32.884584779826035,-17.679,9.258,15.42,-17.464584779826033,-18.298612423259115,predicted_B,nan,https://irsa.ipac.caltech.edu/data/SPITZER/S4G/galaxies/PGC069339/P4/
PGC069448,340.06301,-2.424063,S4G,Sbc,S\underline{A}B(s)bc,4.0,52.2,34.85,32.711013912170145,-19.833,10.119,13.975,-18.736013912170144,-20.24520826935998,predicted_B,nan,https://irsa.ipac.caltech.edu/data/SPITZER/S4G/galaxies/PGC069448/P4/
UGC06014,163.427801,9.727919,S4G,SABd,IA\underline{B}m,10.0,68.5,15.5,30.951658490851457,-15.624,8.436,15.465,-15.486658490851458,-16.261724745350094,predicted_B,nan,https://irsa.ipac.caltech.edu/data/SPITZER/S4G/galaxies/UGC06014/P4/
UGC06023,163.586996,27.239815,S4G,SBcd,SAB(rs)b\underline{c},4.5,63.5,31.69,32.504611195951504,-19.609,10.03,13.348,-19.156611195951506,-20.172688631048604,predicted_B,nan,https://irsa.ipac.caltech.edu/data/SPITZER/S4G/galaxies/UGC06023/P4/
UGC06145,166.394991,-1.863995,S4G,IB,dIm,10.0,65.8,10.7,30.14691888842605,-13.783,7.7,16.528,-13.618918888426052,-14.414440938780121,predicted_B,nan,https://irsa.ipac.caltech.edu/data/SPITZER/S4G/galaxies/UGC06145/P4/
ESO442-013,189.306177,-28.49352,S4G,SBc,SA\underline{B}(s)c\underline{d},6.5,69.8,24.17,31.91638325203825,-18.106,9.428,13.533,-18.38338325203825,-18.84118506422899,predicted_B,nan,https://irsa.ipac.caltech.edu/data/SPITZER/S4G/galaxies/ESO442-013/P4/
ESO443-069,196.721036,-28.557378,S4G,SBc,(R')SB(rs)dm,8.0,43.5,34.25,32.67330287914222,-19.961,10.171,13.281,-19.39230287914222,-20.49735617659842,predicted_B,nan,https://irsa.ipac.caltech.edu/data/SPITZER/S4G/galaxies/ESO443-069/P4/
ESO504-024,178.40759,-26.995978,S4G,SBm,S/IA(s:)m:,9.5,49.4,23.3,31.836779605130097,-16.416,8.752,15.25,-16.586779605130097,-17.126133207205573,predicted_B,nan,https://irsa.ipac.caltech.edu/data/SPITZER/S4G/galaxies/ESO504-024/P4/
ESO504-028,178.727357,-27.249699,S4G,SABc,SA(s)\underline{c}d,5.5,34.7,27.17,32.17044819208945,-18.489,9.582,13.733,-18.43744819208945,-19.14688532514102,predicted_B,nan,https://irsa.ipac.caltech.edu/data/SPITZER/S4G/galaxies/ESO504-028/P4/
ESO505-002,180.13275,-24.72393,S4G,IAB,I\underline{A}B(s)m,10.0,14.7,22.86,31.795381130296313,-17.463,9.171,13.966,-17.829381130296312,-18.219099565619633,predicted_B,nan,https://irsa.ipac.caltech.edu/data/SPITZER/S4G/galaxies/ESO505-002/P4/
ESO505-013,181.530507,-22.8497,S4G,Sd,SAB(s)d,7.0,36.2,17.72,31.242318587755157,-17.948,9.365,13.742,-17.500318587755157,-18.512794868122462,predicted_B,nan,https://irsa.ipac.caltech.edu/data/SPITZER/S4G/galaxies/ESO505-013/P4/
ESO506-029,189.814772,-26.910782,S4G,Sc,SB(s:)dm,8.0,51.8,39.98,33.00921394891049,-18.44,9.562,14.547,-18.46221394891049,-19.115220277993966,predicted_B,nan,https://irsa.ipac.caltech.edu/data/SPITZER/S4G/galaxies/ESO506-029/P4/
ESO480-020,45.617985,-22.801468,S4G,Sc,SBb\underline{c}:,4.5,67.6,19.34,31.432282348734915,-16.296,8.705,14.992,-16.440282348734915,-16.999906351952703,predicted_B,nan,https://irsa.ipac.caltech.edu/data/SPITZER/S4G/galaxies/ESO480-020/P4/
ESO480-025,45.959885,-25.272082,S4G,SBm,SA(s)m,9.0,64.4,18.95,31.388046071520456,-16.345,8.724,15.023,-16.365046071520457,-17.019710826807305,predicted_B,nan,https://irsa.ipac.caltech.edu/data/SPITZER/S4G/galaxies/ESO480-025/P4/
ESO482-035,55.311813,-23.83704,S4G,Sab,SB(rs)b\underline{c} pec,4.5,52.2,26.75,32.13661893178624,-19.124,9.836,13.748,-18.38861893178624,-19.621185448969765,predicted_B,nan,https://irsa.ipac.caltech.edu/data/SPITZER/S4G/galaxies/ESO482-035/P4/
ESO485-021,73.221073,-25.246472,S4G,Sd,SAB(s)\underline{c}d,5.5,53.4,16.0,31.020599913279625,-17.435,9.16,13.721,-17.299599913279625,-18.073180979620712,predicted_B,nan,https://irsa.ipac.caltech.edu/data/SPITZER/S4G/galaxies/ESO485-021/P4/
ESO486-021,75.833051,-25.422974,S4G,Sbc,dIm: (dE1) / Sph,10.0,48.3,11.12,30.230523936230192,-15.747,8.485,14.42,-15.810523936230192,-16.431928125014096,predicted_B,nan,https://irsa.ipac.caltech.edu/data/SPITZER/S4G/galaxies/ESO486-021/P4/
ESO501-079,160.35825,-23.38418,S4G,SABm,S/IAB:m:,9.5,47.4,17.78,31.249658783170972,-16.294,8.704,14.212,-17.037658783170972,-17.13875981404518,predicted_B,nan,https://irsa.ipac.caltech.edu/data/SPITZER/S4G/galaxies/ESO501-079/P4/
ESO502-020,167.341716,-22.87547,S4G,SABc,SA(s)d,7.0,45.6,18.3,31.312255448652152,-17.401,9.147,14.412,-16.900255448652153,-17.953325030433255,predicted_B,nan,https://irsa.ipac.caltech.edu/data/SPITZER/S4G/galaxies/ESO502-020/P4/
ESO548-025,52.252772,-22.146692,S4G,Sa,(R_1_'L)SB(s)cd,6.0,61.8,21.78,31.69028937709878,-17.279,9.098,14.881,-16.80928937709878,-17.838618003618212,predicted_B,nan,https://irsa.ipac.caltech.edu/data/SPITZER/S4G/galaxies/ESO548-025/P4/
ESO548-082,55.681087,-17.507317,S4G,Sbc,S/IABm:,9.5,61.5,24.74,31.966998476465506,-16.413,8.751,15.559,-16.407998476465508,-17.081824641969394,predicted_B,nan,https://irsa.ipac.caltech.edu/data/SPITZER/S4G/galaxies/ESO548-082/P4/
NGC5486,211.854122,55.102954,S4G,Sm,(L)SAB(s)\underline{d}m,7.5,61.1,32.1,32.53252516202436,-18.487,9.581,14.234,-18.29852516202436,-19.112708413075723,predicted_B,nan,https://irsa.ipac.caltech.edu/data/SPITZER/S4G/galaxies/NGC5486/P4/
NGC3266,158.323323,64.749443,S4G,S0,(R\underline{L})SB(bl)0^o^,-2.0,34.7,23.64,31.868237361046084,-19.437,9.961,13.457,-18.411237361046084,-19.86594577984583,predicted_B,nan,https://irsa.ipac.caltech.edu/data/SPITZER/S4G/galaxies/NGC3266/P4/
NGC3274,158.07195,27.66875,S4G,Scd,SA(s)m / Sph,9.0,61.6,12.55,30.493218629085284,-17.235,9.08,13.205,-17.288218629085286,-17.917506377835043,predicted_B,nan,https://irsa.ipac.caltech.edu/data/SPITZER/S4G/galaxies/NGC3274/P4/
NGC3277,158.23105,28.511813,S4G,Sab,SA(l)0/a,0.0,43.6,25.0,31.989700043360187,-20.514,10.392,12.475,-19.514700043360186,-20.949164510189643,predicted_B,nan,https://irsa.ipac.caltech.edu/data/SPITZER/S4G/galaxies/NGC3277/P4/
NGC3294,159.067776,37.32479,S4G,SABc,SA(r\underline{s})\underline{b}c,3.5,60.7,27.84,32.22334615469262,-21.392,10.743,12.15,-20.073346154692622,-21.752116346352764,predicted_B,nan,https://irsa.ipac.caltech.edu/data/SPITZER/S4G/galaxies/NGC3294/P4/
NGC3299,159.099353,12.707618,S4G,SABd,"SA(s:)d: / dE3,N / Sph",7.0,47.9,10.85,30.177148690922742,-17.208,9.069,13.81,-16.36714869092274,-17.680399942366844,predicted_B,nan,https://irsa.ipac.caltech.edu/data/SPITZER/S4G/galaxies/NGC3299/P4/
NGC3310,159.691035,53.503397,S4G,SABb,SA(\underline{r}s)bc pec,4.0,16.1,13.1,30.586356478278823,-19.875,10.136,11.279,-19.307356478278823,-20.411603772395523,predicted_B,nan,https://irsa.ipac.caltech.edu/data/SPITZER/S4G/galaxies/NGC3310/P4/
NGC3319,159.789297,41.686808,S4G,SBc,(R')SB(s)cd,6.0,62.7,14.07,30.74147048717373,-18.897,9.745,11.768,-18.973470487173728,-19.584970564485825,predicted_B,nan,https://irsa.ipac.caltech.edu/data/SPITZER/S4G/galaxies/NGC3319/P4/
NGC3320,159.901922,47.397967,S4G,SBc,SB(s)b\underline{c} pec,4.5,65.5,33.25,32.60895824819562,-20.093,10.224,12.789,-19.81995824819562,-20.69883518832597,predicted_B,nan,https://irsa.ipac.caltech.edu/data/SPITZER/S4G/galaxies/NGC3320/P4/
NGC4106,181.6869,-29.76823,S4G,S0-a,"SAB(s,nl)a",1.0,41.2,15.53,30.955857278642796,-21.243,10.683,12.279,-18.676857278642796,-21.309956460481057,predicted_B,nan,https://irsa.ipac.caltech.edu/data/SPITZER/S4G/galaxies/NGC4106/P4/
NGC4108,181.685813,67.163193,S4G,Sc,SAB(rs)c,5.0,36.1,34.39,32.682160879110064,-20.355,10.328,13.066,-19.616160879110062,-20.851372806590867,predicted_B,nan,https://irsa.ipac.caltech.edu/data/SPITZER/S4G/galaxies/NGC4108/P4/
NGC4108B,181.800066,67.235217,S4G,SABc,SA\underline{B}(rs)cd,6.0,40.8,35.9,32.775472242891595,-18.348,9.525,14.689,-18.086472242891595,-18.956540977079523,predicted_B,nan,https://irsa.ipac.caltech.edu/data/SPITZER/S4G/galaxies/NGC4108B/P4/
NGC4116,181.90365,2.69163,S4G,SBcd,SB(rs)\underline{d}m,7.5,63.7,17.2,31.177642234537743,-19.047,9.805,12.489,-18.688642234537742,-19.63278592511637,predicted_B,nan,https://irsa.ipac.caltech.edu/data/SPITZER/S4G/galaxies/NGC4116/P4/
NGC4123,182.046302,2.878353,S4G,Sc,SB_x_(rs)a\underline{b},2.5,44.3,15.59,30.964230575944207,-19.656,10.048,11.934,-19.03023057594421,-20.17894418534689,predicted_B,nan,https://irsa.ipac.caltech.edu/data/SPITZER/S4G/galaxies/NGC4123/P4/
NGC4127,182.109802,76.804173,S4G,Sc,SA(s)\underline{b}c,3.5,59.2,31.2,32.47077297009221,-20.006,10.188,13.577,-18.893772970092215,-20.41462664797167,predicted_B,nan,https://irsa.ipac.caltech.edu/data/SPITZER/S4G/galaxies/NGC4127/P4/
NGC4133,182.208559,74.904333,S4G,SABb,(R'L)SB(s)\underline{a}b,1.5,51.3,15.2,30.90921793972386,-19.006,9.788,13.134,-17.77521793972386,-19.386766215835106,predicted_B,nan,https://irsa.ipac.caltech.edu/data/SPITZER/S4G/galaxies/NGC4133/P4/
NGC4136,182.323869,29.927558,S4G,Sc,S\underline{A}B(rs)bc,4.0,22.0,11.51,30.305376618148962,-18.559,9.61,12.054,-18.25137661814896,-19.156708505265005,predicted_B,nan,https://irsa.ipac.caltech.edu/data/SPITZER/S4G/galaxies/NGC4136/P4/
NGC4138,182.374155,43.685207,S4G,S0-a,SA(r)0^+^,-1.0,65.2,19.74,31.476735741668087,-20.689,10.462,12.29,-19.186735741668087,-21.005967899292,predicted_B,nan,https://irsa.ipac.caltech.edu/data/SPITZER/S4G/galaxies/NGC4138/P4/
NGC4602,190.153836,-5.13283,S4G,SABb,(R')SAB(s)bc pec,4.0,53.9,31.95,32.52235431247209,-21.45,10.766,12.516,-20.00635431247209,-21.780743263430942,predicted_B,nan,https://irsa.ipac.caltech.edu/data/SPITZER/S4G/galaxies/NGC4602/P4/
NGC4606,190.239886,11.911981,S4G,SBa,SA0^{-/o}^:,-2.5,62.6,14.94,30.871752987396903,-18.881,9.739,12.722,-18.1497529873969,-19.379156952038272,predicted_B,nan,https://irsa.ipac.caltech.edu/data/SPITZER/S4G/galaxies/NGC4606/P4/
NGC4618,190.387044,41.150802,S4G,SBm,(R')SB(rs)m,9.0,57.6,7.24,29.298692830985736,-18.332,9.519,11.308,-17.990692830985736,-18.92179281528165,predicted_B,nan,https://irsa.ipac.caltech.edu/data/SPITZER/S4G/galaxies/NGC4618/P4/
NGC4625,190.469657,41.273867,S4G,SABm,(R')SAB(rs)m,9.0,46.1,10.0,30.0,-17.693,9.263,13.032,-16.968,-18.192625,predicted_B,nan,https://irsa.ipac.caltech.edu/data/SPITZER/S4G/galaxies/NGC4625/P4/
NGC4629,190.636108,-1.350631,S4G,SABm,"dE3,N (Im) / Sph",11.0,52.6,26.75,32.13661893178624,-17.925,9.356,14.328,-17.80861893178624,-18.567650448969765,predicted_B,nan,https://irsa.ipac.caltech.edu/data/SPITZER/S4G/galaxies/NGC4629/P4/
NGC4630,190.62968,3.9604,S4G,I,"SAB(s)d\underline{m} pec / Sph,N",8.5,49.1,16.5,31.087419721069537,-18.853,9.728,13.179,-17.908419721069535,-19.30102363445134,predicted_B,nan,https://irsa.ipac.caltech.edu/data/SPITZER/S4G/galaxies/NGC4630/P4/
NGC5520,213.094982,50.348433,S4G,Sb,SA(l)bc,4.0,63.8,37.84,32.88975563864878,-20.599,10.426,13.312,-19.57775563864878,-21.029007575082463,predicted_B,nan,https://irsa.ipac.caltech.edu/data/SPITZER/S4G/galaxies/NGC5520/P4/
NGC5523,213.718153,25.317654,S4G,Sc,SAB(r\underline{s})d sp,7.0,66.2,19.02,31.396052563006975,-19.115,9.832,13.029,-18.367052563006975,-19.609232352306638,predicted_B,nan,https://irsa.ipac.caltech.edu/data/SPITZER/S4G/galaxies/NGC5523/P4/
NGC5534,214.417818,-7.417378,S4G,Sab,(R'L)SB(s)a pec,1.0,26.3,31.8,32.51213559992217,-20.348,10.325,13.152,-19.360135599922167,-20.78585186598171,predicted_B,nan,https://irsa.ipac.caltech.edu/data/SPITZER/S4G/galaxies/NGC5534/P4/
NGC1317,50.684335,-37.103603,DG,SABa,"(R$^{\prime}$)S\underline{A}B(rl,nr,nb)0/a",0.0,25.9,16.9,31.13943352306837,-21.194,10.664,11.85,-19.289433523068368,-21.416426877921065,predicted_B,nan,https://irsa.ipac.caltech.edu/data/SPITZER/S4G/galaxies/NGC1317/P4/
NGC1369,54.188512,-36.25625,DG,S0-a,S\underline{A}B(rs)a,1.0,55.8,18.92,31.384605660328873,-18.72,9.674,13.69,-17.694605660328875,-19.135,real,-19.135,https://irsa.ipac.caltech.edu/data/SPITZER/S4G/galaxies/NGC1369/P4/
NGC1377,54.162743,-20.901805,DG,S0,SA0$^-$,-3.0,51.2,21.0,31.611096473669598,-19.758,10.09,13.49,-18.121096473669596,-20.043327671312355,predicted_B,nan,https://irsa.ipac.caltech.edu/data/SPITZER/S4G/galaxies/NGC1377/P4/
NGC1522,61.53151,-52.670455,DG,S0,(L)Im,10.0,40.4,12.01,30.397715037014528,-16.559,8.81,13.97,-16.42771503701453,-17.198148033698416,predicted_B,nan,https://irsa.ipac.caltech.edu/data/SPITZER/S4G/galaxies/NGC1522/P4/
NGC1536,62.74948,-56.481094,DG,SBc,SB(s)dm,8.0,60.5,13.4,30.635523991824037,-18.103,9.427,13.53,-17.105523991824036,-18.598,real,-18.598,https://irsa.ipac.caltech.edu/data/SPITZER/S4G/galaxies/NGC1536/P4/
NGC1617,67.914071,-54.60206,DG,SBa,(R)SAB(s)0/a,0.0,58.7,13.4,30.635523991824037,-20.988,10.581,11.18,-19.455523991824037,-21.29786813807865,predicted_B,nan,https://irsa.ipac.caltech.edu/data/SPITZER/S4G/galaxies/NGC1617/P4/
NGC1796,75.67671,-61.140007,DG,SBc,SB(\underline{r}s)cd pec,6.0,46.6,10.6,30.126529326323855,-18.05,9.406,12.85,-17.276529326323853,-18.538234391686107,predicted_B,nan,https://irsa.ipac.caltech.edu/data/SPITZER/S4G/galaxies/NGC1796/P4/
NGC2082,85.462128,-64.300675,DG,SBb,SA\underline{B}(rs)cd,6.0,37.3,18.34,31.316996656670014,-20.26,10.29,12.75,-18.566996656670014,-20.448,real,-20.448,https://irsa.ipac.caltech.edu/data/SPITZER/S4G/galaxies/NGC2082/P4/
NGC2544,125.417778,73.98846,DG,Sa,"(RL)SAB(r,bl)0$^+$",-1.0,37.5,37.72,32.88285842032646,-20.402,10.347,13.86,-19.022858420326457,-20.567,real,-20.567,https://irsa.ipac.caltech.edu/data/SPITZER/S4G/galaxies/NGC2544/P4/
UGC08231,197.156502,54.07448,DG,Sc,SB(s)cd,6.0,64.2,33.03,32.59454286845707,-18.393,9.544,14.31,-18.284542868457066,-18.852,real,-18.852,https://irsa.ipac.caltech.edu/data/SPITZER/S4G/galaxies/UGC08231/P4/
UGC08245,197.148599,78.937889,DG,I,dIm (dSph),10.0,65.9,4.72,28.36970999317044,-14.266,7.893,14.62,-13.74970999317044,-14.814671848395053,predicted_B,nan,https://irsa.ipac.caltech.edu/data/SPITZER/S4G/galaxies/UGC08245/P4/
UGC08308,198.34454,46.32028,DG,I,dIm,10.0,59.3,4.0,28.010299956639813,-12.025,6.996,15.41,-12.600299956639812,-12.967,real,-12.967,https://irsa.ipac.caltech.edu/data/SPITZER/S4G/galaxies/UGC08308/P4/
UGC08731,207.02835,36.12987,DG,Scd,(R$^{\prime}$)SAB(s)d,7.0,65.3,30.41,32.41508210072066,-17.247,9.085,15.69,-16.725082100720662,-17.842,real,-17.842,https://irsa.ipac.caltech.edu/data/SPITZER/S4G/galaxies/UGC08731/P4/
UGC08736,207.26895,39.49773,DG,Sc,SA(s)bc,4.0,64.9,31.68,32.50392586458728,-19.099,9.825,14.25,-18.25392586458728,-19.461,real,-19.461,https://irsa.ipac.caltech.edu/data/SPITZER/S4G/galaxies/UGC08736/P4/
UGC08741,207.234322,59.83577,DG,Sa,SB(\underline{r}s)cd,6.0,47.1,27.06,32.16163896130802,-18.513,9.591,15.05,-17.11163896130802,-18.955,real,-18.955,https://irsa.ipac.caltech.edu/data/SPITZER/S4G/galaxies/UGC08741/P4/
UGC08876,209.241864,45.97339,DG,S0-a,S0$^-$ sp / E(d)6,-3.0,55.9,27.6,32.204545410326084,-19.378,9.938,14.2,-18.004545410326084,-19.72523817142663,predicted_B,nan,https://irsa.ipac.caltech.edu/data/SPITZER/S4G/galaxies/UGC08876/P4/
UGC08970,210.70395,57.97466,DG,SABd,(R$^{\prime}$)SA(s)d,7.0,41.5,24.09,31.90918399999171,-17.033,8.999,15.8,-16.10918399999171,-17.651,real,-17.651,https://irsa.ipac.caltech.edu/data/SPITZER/S4G/galaxies/UGC08970/P4/
NGC3945,178.30695,60.675586,ETG,S0-a,"(R)SAB_a(rl,bl,nd)0^+",-1.0,63.2,23.4,31.846079287050713,-21.672,10.855,11.703,-20.143079287050714,-21.982703632456918,predicted_B,nan,https://irsa.ipac.caltech.edu/data/SPITZER/S4G/galaxies/NGC3945/P4/
NGC4024,179.630115,-18.346875,ETG,E-S0,(L)SB(bl)0^o,-2.0,37.2,25.87,32.06398214358272,-20.575,10.416,12.697,-19.36698214358272,-20.96111580374194,predicted_B,nan,https://irsa.ipac.caltech.edu/data/SPITZER/S4G/galaxies/NGC4024/P4/
PGC043151,191.83266,-9.497889,ETG,S0,(R)S_AB(r)0^+,-1.0,46.7,38.95,32.95253731004291,-20.063,10.211,14.38,-18.57253731004291,-20.382741267860084,predicted_B,nan,https://irsa.ipac.caltech.edu/data/SPITZER/S4G/galaxies/PGC043151/P4/
UGC06151,166.484116,19.826488,S4G,SABm,IAm,10.0,19.2,24.3,31.928031367991558,-16.856,8.929,14.899,-17.029031367991557,-17.566662371478017,predicted_B,nan,https://irsa.ipac.caltech.edu/data/SPITZER/S4G/galaxies/UGC06151/P4/
UGC06157,166.604961,17.50796,S4G,SABd,SAB(s)dm,8.0,51.6,43.0,33.16734227789793,-18.734,9.68,15.201,-17.96634227789793,-19.223600435306015,predicted_B,nan,https://irsa.ipac.caltech.edu/data/SPITZER/S4G/galaxies/UGC06157/P4/
UGC06162,166.728118,51.203385,S4G,SABc,(R)SA(s:)d,7.0,59.5,32.86,32.58333779549521,-19.157,9.849,14.111,-18.47233779549521,-19.666104381941373,predicted_B,nan,https://irsa.ipac.caltech.edu/data/SPITZER/S4G/galaxies/UGC06162/P4/
UGC06181,166.944322,19.548484,S4G,I,IA:m,10.0,55.7,15.63,30.969794890095933,-15.668,8.453,15.542,-15.427794890095933,-16.281551799172544,predicted_B,nan,https://irsa.ipac.caltech.edu/data/SPITZER/S4G/galaxies/UGC06181/P4/
UGC09206,215.6142,15.08602,S4G,Sbc,IB:m / Sph,10.0,64.1,16.8,31.126546408629316,-17.05,9.006,14.381,-16.745546408629316,-17.64845340602789,predicted_B,nan,https://irsa.ipac.caltech.edu/data/SPITZER/S4G/galaxies/UGC09206/P4/
UGC09215,215.863206,1.726241,S4G,SBc,(R')SB(rs)d,7.0,63.8,26.41,32.10884200603462,-19.133,9.839,13.749,-18.35984200603462,-19.621307871418136,predicted_B,nan,https://irsa.ipac.caltech.edu/data/SPITZER/S4G/galaxies/UGC09215/P4/
UGC09240,216.182068,44.526794,S4G,I,dE1 (dIm) / dSph,11.0,44.1,2.9,27.311989989494784,-13.365,7.532,13.399,-13.912989989494784,-14.163777647531274,predicted_B,nan,https://irsa.ipac.caltech.edu/data/SPITZER/S4G/galaxies/UGC09240/P4/
UGC09245,216.361793,56.320005,S4G,SBc,SB(rs)dm,8.0,68.5,19.05,31.399474900058188,-16.913,8.951,14.611,-16.788474900058187,-17.553736601513673,predicted_B,nan,https://irsa.ipac.caltech.edu/data/SPITZER/S4G/galaxies/UGC09245/P4/
UGC09274,217.01156,21.303913,S4G,SBbc,SAB(s)\underline{d}m:,7.5,56.4,15.85,31.00014633276885,-17.345,9.124,14.355,-16.64514633276885,-17.85053438820068,predicted_B,nan,https://irsa.ipac.caltech.edu/data/SPITZER/S4G/galaxies/UGC09274/P4/
UGC09282,217.171886,21.340395,S4G,I,S/IAB:(s:)m,9.5,57.1,15.1,30.894884736465848,-15.49,8.382,15.6,-15.294884736465848,-16.114147913069473,predicted_B,nan,https://irsa.ipac.caltech.edu/data/SPITZER/S4G/galaxies/UGC09282/P4/
UGC09291,217.153946,38.999143,S4G,Sc,SAB(rs)b\underline{c},4.5,62.9,38.84,32.94639610617984,-19.671,10.055,13.844,-19.10239610617984,-20.20737808495226,predicted_B,nan,https://irsa.ipac.caltech.edu/data/SPITZER/S4G/galaxies/UGC09291/P4/
UGC09299,217.39425,-0.01801,S4G,SABc,SAB(s)d:,7.0,69.6,30.23,32.402190735889086,-18.041,9.402,14.57,-17.832190735889085,-18.661929822933935,predicted_B,nan,https://irsa.ipac.caltech.edu/data/SPITZER/S4G/galaxies/UGC09299/P4/
UGC09356,218.223029,11.594989,S4G,Sc,(R'L)SAB(rs)c:,5.0,60.1,37.9,32.89319604984036,-19.145,9.844,14.762,-18.131196049840362,-19.576756071712484,predicted_B,nan,https://irsa.ipac.caltech.edu/data/SPITZER/S4G/galaxies/UGC09356/P4/
NGC7496,347.447001,-43.427836,S4G,Sb,(R')SB_x_(rs)b,3.0,52.8,11.14,30.234425954188552,-19.08,9.818,11.894,-18.340425954188554,-19.57620009923431,predicted_B,nan,https://irsa.ipac.caltech.edu/data/SPITZER/S4G/galaxies/NGC7496/P4/
NGC7513,348.308531,-28.357522,S4G,SBb,(R'L)SB(rs)a,1.0,55.7,19.11,31.406303435275063,-20.067,10.213,12.589,-18.817303435275065,-20.44332130728964,predicted_B,nan,https://irsa.ipac.caltech.edu/data/SPITZER/S4G/galaxies/NGC7513/P4/
NGC7531,348.701872,-43.599845,S4G,SABb,SAB_x_(r)a,1.0,68.9,22.31,31.742497851419188,-20.678,10.457,11.951,-19.791497851419187,-21.13967199508351,predicted_B,nan,https://irsa.ipac.caltech.edu/data/SPITZER/S4G/galaxies/NGC7531/P4/
NGC7552,349.044945,-42.584962,S4G,Sab,"(R_1_')SB(r\underline{s},bl,nr)a",1.0,23.6,11.53,30.3091465364735,-20.459,10.37,11.189,-19.1201465364735,-20.81436943607127,predicted_B,nan,https://irsa.ipac.caltech.edu/data/SPITZER/S4G/galaxies/NGC7552/P4/
NGC7582,349.598373,-42.370341,S4G,SBab,(R_1_')SB(r\underline{s})a,1.0,68.2,21.2,31.63167930464376,-21.883,10.939,11.364,-20.26767930464376,-22.173399636591284,predicted_B,nan,https://irsa.ipac.caltech.edu/data/SPITZER/S4G/galaxies/NGC7582/P4/
NGC7590,349.728242,-42.239033,S4G,Sbc,SAB(rs)bc,4.0,69.4,25.91,32.06733706492913,-21.176,10.657,12.093,-19.974337064929127,-21.563609210258345,predicted_B,nan,https://irsa.ipac.caltech.edu/data/SPITZER/S4G/galaxies/NGC7590/P4/
NGC7606,349.769891,-8.485043,S4G,Sb,SA(r)a\underline{b},2.5,33.0,30.21,32.4007536263664,-21.997,10.985,11.584,-20.816753626366403,-22.389642102196106,predicted_B,nan,https://irsa.ipac.caltech.edu/data/SPITZER/S4G/galaxies/NGC7606/P4/
NGC7625,350.125617,17.225432,S4G,Sa,(L)SA(rs)a pec,1.0,15.0,30.77,32.440637481237296,-21.065,10.612,12.937,-19.5036374812373,-21.368079808090766,predicted_B,nan,https://irsa.ipac.caltech.edu/data/SPITZER/S4G/galaxies/NGC7625/P4/
NGC7661,351.810392,-65.271899,S4G,SBc,SA\underline{B}(s)\underline{d}m,7.5,51.2,31.47,32.489483714566106,-18.565,9.612,14.076,-18.413483714566105,-19.199393672923037,predicted_B,nan,https://irsa.ipac.caltech.edu/data/SPITZER/S4G/galaxies/NGC7661/P4/
ESO549-002,55.739281,-19.020772,S4G,IB,IAm,10.0,62.6,14.86,30.86009404712278,-16.028,8.598,14.872,-15.988094047122779,-16.688622101073854,predicted_B,nan,https://irsa.ipac.caltech.edu/data/SPITZER/S4G/galaxies/ESO549-002/P4/
ESO549-018,57.058561,-21.474404,S4G,SABc,(R_2_'L)SAB(s)b,3.0,56.1,29.25,32.330629352090995,-19.695,10.064,13.534,-18.796629352090996,-20.153882897741383,predicted_B,nan,https://irsa.ipac.caltech.edu/data/SPITZER/S4G/galaxies/ESO549-018/P4/
ESO549-035,58.766495,-20.383236,S4G,Sc,SABd\underline{m}:,8.5,45.9,34.8,32.7078962197329,-17.178,9.058,15.43,-17.277896219732902,-17.871475611637234,predicted_B,nan,https://irsa.ipac.caltech.edu/data/SPITZER/S4G/galaxies/ESO549-035/P4/
ESO550-024,65.307,-21.84583,S4G,SBcd,S\underline{A}B(s)dm,8.0,69.6,12.77,30.53095448631708,-17.858,9.329,12.661,-17.869954486317077,-18.530809304284514,predicted_B,nan,https://irsa.ipac.caltech.edu/data/SPITZER/S4G/galaxies/ESO550-024/P4/
NGC5569,215.133694,3.983213,S4G,SABc,SA\underline{B}(s)m: pec,9.0,39.4,17.4,31.202746241412996,-17.472,9.175,15.123,-16.079746241412998,-17.814820366732057,predicted_B,nan,https://irsa.ipac.caltech.edu/data/SPITZER/S4G/galaxies/NGC5569/P4/
NGC5574,215.23324,3.237995,S4G,E-S0,SB(s)0/a: pec,0.0,65.6,23.57,31.86179791262162,-19.828,10.117,13.295,-18.566797912621617,-20.20161750946608,predicted_B,nan,https://irsa.ipac.caltech.edu/data/SPITZER/S4G/galaxies/NGC5574/P4/
NGC5584,215.599074,-0.38768,S4G,SABc,SB(rs)c\underline{d},6.5,42.4,21.62,31.674278448086454,-19.847,10.125,12.732,-18.942278448086455,-20.304390435300316,predicted_B,nan,https://irsa.ipac.caltech.edu/data/SPITZER/S4G/galaxies/NGC5584/P4/
